code	name	description	lo_type	parent_lo_code	concept_codes	bloom_level	knowledge_dimension	assessment_approach
ULO-DESIGN_CYCLE-01	Mô tả các giai đoạn của chu kỳ thiết kế	Người học có khả năng liệt kê và giải thích các bước trong chu kỳ thiết kế như động não, lập kế hoạch, tạo mẫu, thử nghiệm và đánh giá.	UNIVERSAL		DESIGN_CYCLE	Remember	Factual	
ULO-SENSITIVE_DATA-02	Giải thích tầm quan trọng của việc bảo vệ dữ liệu nhạy cảm	Người học có khả năng trình bày lý do tại sao dữ liệu nhạy cảm cần được bảo vệ, bao gồm các yêu cầu pháp lý và đạo đức.	UNIVERSAL		SENSITIVE_DATA	Understand	Conceptual	
ULO-ACCESSIBILITY-04	Đánh giá mức độ tuân thủ tiêu chuẩn tiếp cận	Người học có khả năng đánh giá mức độ tuân thủ các tiêu chuẩn tiếp cận (ví dụ: WCAG) của một thiết kế giao diện cụ thể.	UNIVERSAL		ACCESSIBILITY	Evaluate	Conceptual	
ULO-PROJECT_ASSETS_MANAGEMENT-02	Hiểu cấu trúc và cách tổ chức tài nguyên	Người học có khả năng giải thích cách IDE tổ chức tài nguyên trong thư mục Assets, bao gồm việc sử dụng asset catalog và các quy tắc đặt tên.	UNIVERSAL		PROJECT_ASSETS_MANAGEMENT	Understand	Conceptual	
ULO-PROJECT_ASSETS_MANAGEMENT-01	Nhận biết các loại tài nguyên trong dự án	Người học có khả năng kể tên và phân loại các tài nguyên như hình ảnh, màu sắc, biểu tượng, font chữ được quản lý trong IDE.	UNIVERSAL		PROJECT_ASSETS_MANAGEMENT	Remember	Factual	
ULO-PROJECT_ASSETS_MANAGEMENT-03	Thêm và sử dụng tài nguyên trong dự án	Người học có khả năng thêm tài nguyên mới (hình ảnh, màu sắc) vào dự án và tham chiếu chúng trong mã nguồn để xây dựng giao diện.	UNIVERSAL		PROJECT_ASSETS_MANAGEMENT	Apply	Procedural	
ULO-IMPERATIVE_PROGRAMMING-02	Hiểu khái niệm trạng thái và luồng điều khiển	Người học có khả năng giải thích cách chương trình mệnh lệnh thay đổi trạng thái thông qua các câu lệnh và kiểm soát luồng thực thi.	UNIVERSAL		IMPERATIVE_PROGRAMMING	Understand	Conceptual	
ULO-FUNCTIONS_AND_PROCEDURES-03	Áp dụng viết hàm để giải quyết bài toán cụ thể	Người học có khả năng xây dựng hàm hoặc thủ tục đơn giản nhằm thực hiện một tác vụ xác định, bao gồm khai báo tham số và xử lý kết quả trả về.	UNIVERSAL		FUNCTIONS_AND_PROCEDURES	Apply	Procedural	
ULO-OPERATORS-03	Áp dụng toán tử để xây dựng biểu thức	Người học có khả năng áp dụng các toán tử để xây dựng biểu thức tính toán và logic phục vụ giải quyết vấn đề.	UNIVERSAL		OPERATORS	Apply	Procedural	
ULO-STRUCTURE_TYPE-03	Design custom structure types to model data	Người học có khả năng thiết kế các kiểu cấu trúc tùy chỉnh để biểu diễn dữ liệu trong ứng dụng, bao gồm việc thêm thuộc tính và phương thức phù hợp.	UNIVERSAL		STRUCTURE_TYPE	Apply	Procedural	
ULO-ARRAYS-03	Áp dụng các thao tác cơ bản trên mảng	Người học có khả năng thực hiện các thao tác duyệt, thêm, sửa, xóa phần tử trong mảng một chiều để giải quyết bài toán cụ thể.	UNIVERSAL		ARRAYS	Apply	Procedural	
ULO-LOOP_STRUCTURES-03	Apply Loops to Solve Problems	Người học có khả năng viết vòng lặp để giải quyết các bài toán lặp lại như duyệt mảng, tính tổng, tìm kiếm.	UNIVERSAL		LOOP_STRUCTURES	Apply	Procedural	
ULO-CONDITIONAL_STATEMENTS-03	Apply Conditional Statements	Người học có khả năng viết câu lệnh điều kiện để xử lý các tình huống rẽ nhánh dựa trên điều kiện đầu vào.	UNIVERSAL		CONDITIONAL_STATEMENTS	Apply	Procedural	
ULO-VARIABLES_AND_CONSTANTS-03	Apply Declaration and Usage	Người học có khả năng khai báo và sử dụng biến và hằng số trong chương trình để lưu trữ và thao tác dữ liệu.	UNIVERSAL		VARIABLES_AND_CONSTANTS	Apply	Procedural	
ULO-NAMING_CONVENTIONS-03	Áp dụng quy ước đặt tên phù hợp khi viết mã	Người học có khả năng đặt tên biến, hàm, lớp và hằng số theo đúng quy ước đã chọn trong một ngữ cảnh lập trình cụ thể.	UNIVERSAL		NAMING_CONVENTIONS	Apply	Procedural	
ULO-DECLARATIVE_UI_PARADIGM-03	Phân tích sự khác biệt giữa khai báo và mệnh lệnh	Người học có khả năng phân tích sự khác biệt giữa mô hình khai báo và mệnh lệnh trong các tình huống cụ thể, chỉ ra ưu nhược điểm.	UNIVERSAL		DECLARATIVE_UI_PARADIGM	Analyze	Conceptual	
ULO-DECLARATIVE_UI_PARADIGM-02	Xây dựng giao diện khai báo	Người học có khả năng xây dựng giao diện người dùng bằng cách khai báo cấu trúc và trạng thái, sử dụng các thành phần khai báo.	UNIVERSAL		DECLARATIVE_UI_PARADIGM	Apply	Procedural	
ULO-UI_MODIFIERS_CONCEPT-03	Áp dụng UI Modifier để xây dựng giao diện	Người học có khả năng sử dụng các UI Modifier một cách phù hợp để tạo ra bố cục và kiểu dáng mong muốn cho giao diện người dùng.	UNIVERSAL		UI_MODIFIERS_CONCEPT	Apply	Procedural	
ULO-CONTAINER_VIEWS-03	Apply container views to create responsive layouts	Người học có khả năng áp dụng các view chứa để xây dựng bố cục giao diện linh hoạt, thích ứng với các kích thước màn hình khác nhau.	UNIVERSAL		CONTAINER_VIEWS	Apply	Procedural	
ULO-VIEW_HIERARCHY-02	Explain how view hierarchy affects rendering and event handling	Người học có khả năng giải thích cách cấu trúc phân cấp view ảnh hưởng đến thứ tự vẽ, hiển thị và truyền sự kiện giữa các view.	UNIVERSAL		VIEW_HIERARCHY	Understand	Conceptual	
ULO-UI_CONTROLS-03	Implement UI controls to handle user interactions	Người học có khả năng áp dụng các thành phần tương tác vào giao diện, thiết lập sự kiện và xử lý tương tác người dùng một cách chính xác.	UNIVERSAL		UI_CONTROLS	Apply	Procedural	
ULO-STATE_PROPERTY_WRAPPER-02	Sử dụng @State để theo dõi và cập nhật trạng thái	Người học có khả năng khai báo biến @State trong view, gán giá trị và cập nhật nó để thay đổi giao diện tương ứng.	UNIVERSAL		STATE_PROPERTY_WRAPPER	Apply	Procedural	
ULO-SYNTAX_ERRORS-02	Giải thích nguyên nhân lỗi cú pháp	Người học có khả năng giải thích nguyên nhân gây ra lỗi cú pháp dựa trên quy tắc ngôn ngữ lập trình.	UNIVERSAL		SYNTAX_ERRORS	Understand	Conceptual	
ULO-RUNTIME_ERRORS-02	Giải thích lỗi runtime	Người học có khả năng giải thích nguyên nhân và hậu quả của lỗi runtime trong quá trình thực thi chương trình.	UNIVERSAL		RUNTIME_ERRORS	Understand	Conceptual	
ULO-ERROR_MESSAGES_CONCEPT-02	Giải thích thông báo lỗi	Người học có khả năng giải thích ý nghĩa của thông báo lỗi trong ngữ cảnh chương trình đang chạy.	UNIVERSAL		ERROR_MESSAGES_CONCEPT	Understand	Conceptual	
ULO-LEGAL_ETHICAL_SOCIOECONOMIC_IMPACTS-01	Hiểu các khái niệm pháp lý, đạo đức và kinh tế xã hội	Người học có khả năng hiểu các khái niệm pháp lý, đạo đức và kinh tế xã hội liên quan đến tác động của công nghệ.	UNIVERSAL		LEGAL_ETHICAL_SOCIOECONOMIC_IMPACTS	Understand	Conceptual	
ULO-SHAPE-03	Áp dụng vẽ các hình dạng bằng cách sử dụng giao thức	Người học có khả năng tạo và hiển thị các hình dạng cụ thể (hình tròn, hình vuông) thông qua việc triển khai giao thức Shape trong chương trình.	UNIVERSAL		SHAPE	Apply	Procedural	
ULO-COLOR-02	Giải thích ý nghĩa các thành phần trong mô hình màu	Người học có khả năng giải thích ý nghĩa của các thành phần trong mô hình màu (ví dụ: Hue, Saturation, Lightness) và cách chúng tương tác.	UNIVERSAL		COLOR	Understand	Conceptual	
ULO-VIEW_CONCEPT-01	Define the concept of a view in UI development	Người học có khả năng định nghĩa khái niệm view như một đơn vị cơ bản xây dựng giao diện người dùng, đại diện cho một phần tử trên màn hình.	UNIVERSAL		VIEW_CONCEPT	Remember	Factual	
CIO-VIEW_CONCEPT-CLASSIFY_SWIFTUI_VIEW_COMPONENTS	Classify SwiftUI View Components	Người học có khả năng phân loại các thành phần giao diện trong SwiftUI dựa trên tiêu chí view, ví dụ: Text, Image, Button là view cơ bản; VStack, HStack, ZStack là container view; sử dụng protocol Vie	CONCEPTUAL_IMPL	ULO-VIEW_CONCEPT-01	VIEW_CONCEPT	Apply	Procedural	
ULO-VIEW_CONCEPT-02	Explain the role of views in building user interfaces	Người học có khả năng giải thích vai trò của view trong việc hiển thị nội dung, xử lý sự kiện và tương tác với người dùng.	UNIVERSAL		VIEW_CONCEPT	Understand	Conceptual	
CIO-VIEW_CONCEPT-ANALYZE_TAP_INTERACTION_FLOW	Analyze Tap Interaction Flow in SwiftUI	Người học có khả năng phân tích luồng tương tác khi người dùng chạm vào Button trong SwiftUI: từ sự kiện tap, hệ thống gọi closure được gán qua tham số action của Button, cập nhật trạng thái @State nế	CONCEPTUAL_IMPL	ULO-VIEW_CONCEPT-02	VIEW_CONCEPT	Apply	Procedural	
ULO-VIEW_CONCEPT-03	Analyze how views encapsulate visual and behavioral properties	Người học có khả năng phân tích cách view đóng gói các thuộc tính trực quan (màu sắc, kích thước) và hành vi (sự kiện, vòng đời) thành một thực thể thống nhất.	UNIVERSAL		VIEW_CONCEPT	Analyze	Conceptual	
CIO-VIEW_CONCEPT-MODEL_VIEW_AS_SWIFTUI	Model View as SwiftUI Struct	Người học có khả năng mô hình hóa một view trong SwiftUI bằng cách định nghĩa struct tuân thủ protocol View, khai báo các thuộc tính @State, @Binding, @ObservedObject, và triển khai computed property 	CONCEPTUAL_IMPL	ULO-VIEW_CONCEPT-03	VIEW_CONCEPT	Apply	Procedural	
ULO-DATA_TYPES-01	Remember Basic Data Types	Người học có khả năng nhận biết và liệt kê các kiểu dữ liệu cơ bản như số nguyên, số thực, chuỗi, logic.	UNIVERSAL		DATA_TYPES	Remember	Factual	
CIO-DATA_TYPES-CLASSIFY_INTEGER_VALUES_TO	Classify Integer Values to Int Type	Người học có khả năng phân loại giá trị số nguyên (ví dụ: 42, -7) vào kiểu Int trong Swift, sử dụng type inference hoặc khai báo tường minh let x: Int = 42, và nhận biết các biến thể Int8, Int16, Int3	CONCEPTUAL_IMPL	ULO-DATA_TYPES-01	DATA_TYPES	Apply	Procedural	
ULO-DATA_TYPES-02	Understand Data Type Characteristics	Người học có khả năng giải thích cách lưu trữ, phạm vi giá trị và kích thước bộ nhớ của từng kiểu dữ liệu.	UNIVERSAL		DATA_TYPES	Understand	Conceptual	
CIO-DATA_TYPES-COMPARE_MEMORY_SIZE_OF	Compare Memory Size of Integer Types	Người học có khả năng so sánh kích thước bộ nhớ và phạm vi giá trị giữa Int8 (1 byte, -128..127), Int16 (2 byte), Int32 (4 byte), Int64 (8 byte) trong Swift, sử dụng MemoryLayout.size(ofValue:) hoặc M	CONCEPTUAL_IMPL	ULO-DATA_TYPES-02	DATA_TYPES	Apply	Procedural	
ULO-DATA_TYPES-03	Apply Type Declaration	Người học có khả năng khai báo biến với kiểu dữ liệu phù hợp và chuyển đổi kiểu dữ liệu khi cần thiết.	UNIVERSAL		DATA_TYPES	Apply	Procedural	
CIO-DATA_TYPES-CONVERT_DATA_TYPES_USING	Convert Data Types Using Swift Initializers	Người học có khả năng thực hiện chuyển đổi kiểu dữ liệu trong Swift bằng cách sử dụng các initializer như Int(), Double(), String(), Bool(), ví dụ: chuyển đổi String sang Int bằng Int("123") hoặc Doub	CONCEPTUAL_IMPL	ULO-DATA_TYPES-03	DATA_TYPES	Understand	Procedural	
CIO-DATA_TYPES-CHOOSE_SWIFT_DATA_TYPE	Choose Swift Data Type Based on Value Range	Người học có khả năng lựa chọn kiểu dữ liệu Swift (Int, Double, Bool, String) phù hợp cho một biến dựa trên phạm vi giá trị cần lưu trữ, ví dụ: sử dụng Int cho số nguyên trong phạm vi -2^63..2^63-1, D	CONCEPTUAL_IMPL	ULO-DATA_TYPES-03	DATA_TYPES	Understand	Procedural	
ULO-CONTROL_FLOW-01	Understand Control Flow Concept	Người học có khả năng giải thích khái niệm luồng điều khiển và các cấu trúc cơ bản như tuần tự, rẽ nhánh, lặp.	UNIVERSAL		CONTROL_FLOW	Understand	Conceptual	
CIO-CONTROL_FLOW-DESCRIBE_EXECUTION_ORDER_OF	Describe Execution Order of if-else in Swift	Người học có khả năng mô tả thứ tự thực thi của câu lệnh if-else trong Swift dựa trên điều kiện Boolean: nếu điều kiện đúng thì thực thi khối if, nếu sai thì chuyển sang else if hoặc else, và chỉ một 	CONCEPTUAL_IMPL	ULO-CONTROL_FLOW-01	CONTROL_FLOW	Understand	Procedural	
CIO-CONTROL_FLOW-DISTINGUISH_SEQUENCE_BRANCH_AND	Distinguish Sequence, Branch, and Loop in Swift	Người học có khả năng phân biệt ba cấu trúc luồng điều khiển cơ bản trong Swift: tuần tự (các câu lệnh thực thi lần lượt), rẽ nhánh (if-else, switch) và lặp (for-in, while, repeat-while) bằng cách viế	CONCEPTUAL_IMPL	ULO-CONTROL_FLOW-01	CONTROL_FLOW	Understand	Procedural	
ULO-CONTROL_FLOW-02	Analyze Execution Flow	Người học có khả năng phân tích luồng thực thi của một đoạn mã, xác định thứ tự thực hiện các câu lệnh và các nhánh rẽ.	UNIVERSAL		CONTROL_FLOW	Analyze	Procedural	
CIO-CONTROL_FLOW-TRACE_EXECUTION_PATH_OF	Trace execution path of if-else in Swift	Người học có khả năng xác định đường đi thực thi của câu lệnh if-else trong Swift dựa trên giá trị đầu vào cụ thể.	CONCEPTUAL_IMPL	ULO-CONTROL_FLOW-02	CONTROL_FLOW	Apply	Procedural	
CIO-CONTROL_FLOW-TRACE_VARIABLE_VALUES_THROUGH	Trace Variable Values Through if-else Branches in Swift	Người học có khả năng theo dõi (trace) sự thay đổi giá trị của các biến và thứ tự thực thi các câu lệnh qua các nhánh if-else trong Swift, ví dụ: sử dụng print() hoặc debugger để quan sát giá trị biến	CONCEPTUAL_IMPL	ULO-CONTROL_FLOW-02	CONTROL_FLOW	Understand	Procedural	
ULO-CONTROL_FLOW-03	Evaluate Control Flow Correctness	Người học có khả năng đánh giá tính đúng đắn và hiệu quả của luồng điều khiển trong chương trình, phát hiện lỗi logic và đề xuất cải tiến.	UNIVERSAL		CONTROL_FLOW	Evaluate	Metacognitive	
CIO-CONTROL_FLOW-DETECT_INFINITE_LOOP_IN	Detect infinite loop in Swift	Người học có khả năng phát hiện vòng lặp vô hạn trong Swift do điều kiện dừng không bao giờ đạt được, ví dụ như while true không có break hoặc điều kiện không thay đổi.	CONCEPTUAL_IMPL	ULO-CONTROL_FLOW-03	CONTROL_FLOW	Apply	Procedural	
CIO-CONTROL_FLOW-CHECK_EXHAUSTIVENESS_OF_SWITCH	Check exhaustiveness of switch cases in Swift	Người học có khả năng kiểm tra tính đầy đủ của các nhánh trong câu lệnh switch Swift, đảm bảo tất cả các giá trị có thể đều được xử lý hoặc có default case.	CONCEPTUAL_IMPL	ULO-CONTROL_FLOW-03	CONTROL_FLOW	Apply	Procedural	
ULO-TYPE_SYSTEM-01	Nhận biết các kiểu dữ liệu cơ bản và phân loại	Người học có khả năng nhận biết các kiểu dữ liệu cơ bản (số nguyên, số thực, ký tự, logic) và phân loại kiểu tĩnh/động.	UNIVERSAL		TYPE_SYSTEM	Remember	Factual	
CIO-TYPE_SYSTEM-IDENTIFY_STATIC_TYPING_IN	Identify static typing in Swift via type annotation and inference	Người học có khả năng nhận diện đặc điểm kiểu tĩnh trong Swift khi sử dụng type annotation (let x: Int) và type inference (let x = 5), biết rằng kiểu được kiểm tra tại thời điểm biên dịch.	CONCEPTUAL_IMPL	ULO-TYPE_SYSTEM-01	TYPE_SYSTEM	Apply	Procedural	
CIO-TYPE_SYSTEM-CLASSIFY_SWIFT_DATA_TYPES	Classify Swift data types by storage and range	Người học có khả năng phân loại các kiểu dữ liệu cơ bản trong Swift (Int, Double, String, Bool) dựa trên đặc điểm lưu trữ (kích thước bộ nhớ, có dấu/không dấu) và phạm vi giá trị.	CONCEPTUAL_IMPL	ULO-TYPE_SYSTEM-01	TYPE_SYSTEM	Apply	Procedural	
ULO-TYPE_SYSTEM-02	Hiểu cơ chế kiểm tra kiểu và suy luận kiểu	Người học có khả năng giải thích cách hệ thống kiểu kiểm tra tính tương thích kiểu tại thời điểm biên dịch hoặc chạy, và khái niệm suy luận kiểu.	UNIVERSAL		TYPE_SYSTEM	Understand	Conceptual	
CIO-TYPE_SYSTEM-APPLY_SWIFT_TYPE_INFERENCE	Áp dụng suy luận kiểu Swift để xác định kiểu biểu thức	Người học có khả năng áp dụng cơ chế suy luận kiểu của Swift để xác định kiểu của một biểu thức dựa trên kiểu của các toán hạng và ngữ cảnh, ví dụ: let x = 42 suy ra Int.	CONCEPTUAL_IMPL	ULO-TYPE_SYSTEM-02	TYPE_SYSTEM	Apply	Procedural	
CIO-TYPE_SYSTEM-ANALYZE_CONTRAST_IN_SWIFTUI	Phân tích quá trình kiểm tra kiểu tĩnh trong Swift	Người học có khả năng phân tích cách Swift thực hiện kiểm tra kiểu tĩnh tại thời điểm biên dịch, bao gồm việc xác định các lỗi kiểu như type mismatch, missing conformance, và sử dụng type inference.	CONCEPTUAL_IMPL	ULO-TYPE_SYSTEM-02	TYPE_SYSTEM	Apply	Procedural	
ULO-TYPE_SYSTEM-03	Phân tích lỗi kiểu trong chương trình	Người học có khả năng xác định và phân tích nguyên nhân gây ra lỗi kiểu (type error) trong mã nguồn, từ đó đề xuất cách khắc phục.	UNIVERSAL		TYPE_SYSTEM	Analyze	Conceptual	
CIO-TYPE_SYSTEM-SIMULATE_SWIFT_TYPE_FLOW	Mô phỏng luồng kiểu Swift để phát hiện lỗi	Người học có khả năng mô phỏng luồng kiểu qua các phép gán và gọi hàm trong Swift, ghi nhận kiểu đầu vào và đầu ra để xác định vị trí xảy ra lỗi kiểu.	CONCEPTUAL_IMPL	ULO-TYPE_SYSTEM-03	TYPE_SYSTEM	Apply	Procedural	
CIO-TYPE_SYSTEM-ANALYZE_CONTRAST_IN_SWIFTUI_2	Phân tích thông báo lỗi kiểu Swift để tìm nguyên nhân	Người học có khả năng phân tích thông báo lỗi kiểu do Swift phát ra, xác định vị trí và kiểu dữ liệu không tương thích, từ đó tìm ra nguyên nhân gốc rễ như sai kiểu, thiếu conformance, hoặc lỗi option	CONCEPTUAL_IMPL	ULO-TYPE_SYSTEM-03	TYPE_SYSTEM	Apply	Procedural	
ULO-VISUAL_DESIGN-01	Hiểu các nguyên tắc thiết kế trực quan	Người học có khả năng hiểu các nguyên tắc thiết kế trực quan như cân bằng, tương phản, nhịp điệu, tỷ lệ và cách chúng ảnh hưởng đến trải nghiệm người dùng.	UNIVERSAL		VISUAL_DESIGN	Understand	Conceptual	
CIO-VISUAL_DESIGN-APPLY_SYMMETRIC_BALANCE_IN	Apply symmetric balance in SwiftUI layout	Người học có khả năng sử dụng các modifier SwiftUI như .frame, .padding, .offset để tạo bố cục cân bằng đối xứng, phân bố trọng lượng thị giác đồng đều giữa các thành phần.	CONCEPTUAL_IMPL	ULO-VISUAL_DESIGN-01	VISUAL_DESIGN	Apply	Procedural	
CIO-VISUAL_DESIGN-ANALYZE_CONTRAST_IN_SWIFTUI	Phân tích tương phản trong giao diện SwiftUI	Người học có khả năng phân tích tác động của nguyên tắc tương phản (màu sắc, kích thước, hình dạng) đến khả năng đọc và thu hút sự chú ý trong giao diện người dùng được xây dựng bằng SwiftUI.	CONCEPTUAL_IMPL	ULO-VISUAL_DESIGN-01	VISUAL_DESIGN	Apply	Procedural	
ULO-VISUAL_DESIGN-02	Áp dụng nguyên tắc thiết kế để tạo bố cục giao diện	Người học có khả năng áp dụng các nguyên tắc thiết kế trực quan để tạo bố cục giao diện hấp dẫn và chức năng.	UNIVERSAL		VISUAL_DESIGN	Apply	Procedural	
CIO-VISUAL_DESIGN-GROUP_RELATED_ELEMENTS_IN	Group related elements in SwiftUI using containers and spacing	Người học có khả năng sử dụng SwiftUI Group, VStack, HStack với spacing phù hợp để nhóm các thành phần giao diện có cùng chức năng hoặc nội dung, áp dụng nguyên tắc gần nhau.	CONCEPTUAL_IMPL	ULO-VISUAL_DESIGN-02	VISUAL_DESIGN	Apply	Procedural	
CIO-VISUAL_DESIGN-USE_GOLDEN_RATIO_GRID	Use golden ratio grid in SwiftUI with LazyVGrid	Người học có khả năng tạo bố cục lưới trong SwiftUI bằng cách sử dụng LazyVGrid với các cột có kích thước theo tỷ lệ vàng (1:1.618) để đạt được sự hài hòa thị giác.	CONCEPTUAL_IMPL	ULO-VISUAL_DESIGN-02	VISUAL_DESIGN	Apply	Procedural	
ULO-VISUAL_DESIGN-03	Phân tích hiệu quả của yếu tố thiết kế trực quan	Người học có khả năng phân tích hiệu quả của các yếu tố thiết kế trực quan (màu sắc, kiểu chữ, khoảng trắng) trong giao diện người dùng.	UNIVERSAL		VISUAL_DESIGN	Analyze	Conceptual	
CIO-VISUAL_DESIGN-EVALUATE_WHITESPACE_IMPACT_ON	Evaluate whitespace impact on readability in SwiftUI	Người học có khả năng đánh giá hiệu quả của khoảng trắng trong bố cục SwiftUI bằng cách đo lường khoảng cách giữa các khối nội dung, mật độ thông tin, và tác động đến khả năng đọc và tập trung.	CONCEPTUAL_IMPL	ULO-VISUAL_DESIGN-03	VISUAL_DESIGN	Evaluate	Procedural	
CIO-VISUAL_DESIGN-ANALYZE_COLOR_PALETTE_PSYCHOLOGY	Analyze color palette psychology in SwiftUI	Người học có khả năng phân tích bảng màu được định nghĩa bằng SwiftUI Color dựa trên ý nghĩa tâm lý và văn hóa, đánh giá hiệu quả truyền tải thông điệp của từng màu trong bố cục.	CONCEPTUAL_IMPL	ULO-VISUAL_DESIGN-03	VISUAL_DESIGN	Analyze	Procedural	
ULO-VISUAL_DESIGN-04	Đánh giá tính thẩm mỹ và khả năng sử dụng của thiết kế	Người học có khả năng đánh giá tính thẩm mỹ và khả năng sử dụng của một thiết kế trực quan dựa trên các tiêu chí đã học.	UNIVERSAL		VISUAL_DESIGN	Evaluate	Conceptual	
CIO-VISUAL_DESIGN-COMPARE_SWIFTUI_DESIGN_AGAINST	Compare SwiftUI design against proximity principle	Người học có khả năng so sánh thiết kế giao diện SwiftUI với nguyên tắc thiết kế proximity (gần nhau) để xác định điểm mạnh và điểm yếu trong việc nhóm các thành phần liên quan.	CONCEPTUAL_IMPL	ULO-VISUAL_DESIGN-04	VISUAL_DESIGN	Apply	Procedural	
CIO-VISUAL_DESIGN-APPLY_VISUAL_EVALUATION_CRITERIA	Apply visual evaluation criteria to analyze SwiftUI layout	Người học có khả năng áp dụng các tiêu chí đánh giá trực quan (cân bằng, tương phản, nhất quán) để phân tích bố cục SwiftUI trong ứng dụng iOS.	CONCEPTUAL_IMPL	ULO-VISUAL_DESIGN-04	VISUAL_DESIGN	Apply	Procedural	
ULO-SECURITY_CHALLENGES-01	Nhận diện các thách thức bảo mật phổ biến	Người học có khả năng liệt kê và mô tả các thách thức bảo mật chính như tấn công mạng, lỗ hổng phần mềm, và rủi ro từ con người.	UNIVERSAL		SECURITY_CHALLENGES	Remember	Factual	
CIO-SECURITY_CHALLENGES-USE_SWIFT_SPECIFIC_CHECKLIST	Use Swift-specific checklist to identify SQL injection in Swift code	Người học có khả năng sử dụng danh sách dấu hiệu nhận biết (ví dụ: sử dụng chuỗi nội suy trong câu lệnh SQL, thiếu parameterized queries) để xác định lỗ hổng SQL injection trong code Swift sử dụng SQL	CONCEPTUAL_IMPL	ULO-SECURITY_CHALLENGES-01	SECURITY_CHALLENGES	Apply	Procedural	
CIO-SECURITY_CHALLENGES-CLASSIFY_SECURITY_CHALLENGES_IN	Classify security challenges in Swift apps by origin (network, input, code)	Người học có khả năng phân loại các thách thức bảo mật trong ứng dụng Swift dựa trên nguồn gốc: tấn công mạng (man-in-the-middle), lỗ hổng đầu vào (SQL injection qua Swift), và lỗ hổng code (race cond	CONCEPTUAL_IMPL	ULO-SECURITY_CHALLENGES-01	SECURITY_CHALLENGES	Apply	Procedural	
ULO-SECURITY_CHALLENGES-02	Giải thích tác động của các thách thức bảo mật đến hệ thống và dữ liệu	Người học có khả năng phân tích cách các thách thức bảo mật ảnh hưởng đến tính toàn vẹn, bảo mật và sẵn sàng của hệ thống thông tin.	UNIVERSAL		SECURITY_CHALLENGES	Understand	Conceptual	
CIO-SECURITY_CHALLENGES-EVALUATE_SEVERITY_OF_SECURITY	Evaluate Severity of Security Impact Using Predefined Criteria in Swift	Người học có khả năng đánh giá mức độ nghiêm trọng của tác động từ một thách thức bảo mật trong ứng dụng Swift dựa trên các tiêu chí định trước như mức độ ảnh hưởng đến dữ liệu, khả năng khai thác, và	CONCEPTUAL_IMPL	ULO-SECURITY_CHALLENGES-02	SECURITY_CHALLENGES	Apply	Procedural	
CIO-SECURITY_CHALLENGES-ANALYZE_IMPACT_OF_SWIFT	Analyze impact of Swift data leakage on confidentiality and integrity	Người học có khả năng phân tích cách một thách thức bảo mật (rò rỉ dữ liệu qua UserDefaults không mã hóa) trong ứng dụng Swift ảnh hưởng đến tính bảo mật (confidentiality) và tính toàn vẹn (integrity)	CONCEPTUAL_IMPL	ULO-SECURITY_CHALLENGES-02	SECURITY_CHALLENGES	Apply	Procedural	
ULO-SECURITY_CHALLENGES-03	Phân tích nguyên nhân và hậu quả của một thách thức bảo mật cụ thể	Người học có khả năng phân tích một tình huống bảo mật thực tế, xác định nguyên nhân gốc rễ và đánh giá hậu quả tiềm ẩn.	UNIVERSAL		SECURITY_CHALLENGES	Analyze	Conceptual	
CIO-SECURITY_CHALLENGES-CONSTRUCT_CAUSE_EFFECT_CHAIN	Construct Cause-Effect Chain from Swift Security Incident	Người học có khả năng xây dựng chuỗi nguyên nhân-hậu quả từ một sự cố bảo mật thực tế trong ứng dụng Swift, xác định các bước trung gian và điểm quyết định dẫn đến hậu quả.	CONCEPTUAL_IMPL	ULO-SECURITY_CHALLENGES-03	SECURITY_CHALLENGES	Apply	Procedural	
CIO-SECURITY_CHALLENGES-APPLY_5_WHYS_TECHNIQUE	Apply 5 Whys Technique to Identify Root Cause of Swift Security Incident	Người học có khả năng áp dụng kỹ thuật 5 Whys để truy vết nguyên nhân gốc rễ của một sự cố bảo mật xảy ra trong ứng dụng Swift, từ đó xác định điểm yếu trong code.	CONCEPTUAL_IMPL	ULO-SECURITY_CHALLENGES-03	SECURITY_CHALLENGES	Apply	Procedural	
ULO-DEBUGGING-01	Mô tả quy trình gỡ lỗi cơ bản	Người học có khả năng liệt kê các bước trong quy trình gỡ lỗi như tái tạo lỗi, cô lập nguyên nhân, sửa lỗi và kiểm thử.	UNIVERSAL		DEBUGGING	Remember	Factual	
CIO-DEBUGGING-EXECUTE_SEQUENTIAL_DEBUGGING_PROCESS	Execute Sequential Debugging Process on Swift Code in Xcode	Người học có khả năng thực hiện quy trình gỡ lỗi tuần tự gồm tái tạo lỗi, cô lập nguyên nhân, sửa lỗi và kiểm tra lại trên mã nguồn Swift sử dụng Xcode.	CONCEPTUAL_IMPL	ULO-DEBUGGING-01	DEBUGGING	Apply	Procedural	
ULO-DEBUGGING-02	Sử dụng các công cụ và kỹ thuật gỡ lỗi hiệu quả	Người học có khả năng áp dụng các công cụ như debugger, log, và breakpoint để xác định và sửa lỗi trong chương trình.	UNIVERSAL		DEBUGGING	Apply	Procedural	
CIO-DEBUGGING-USE_STEP_INTO_AND	Sử dụng lệnh Step Over trong Xcode debugger để thực thi từng dòng Swift	Người học có khả năng sử dụng nút Step Over (F6) trong Xcode debugger để thực thi từng dòng lệnh Swift, quan sát luồng điều khiển và giá trị biến thay đổi.	CONCEPTUAL_IMPL	ULO-DEBUGGING-02	DEBUGGING	Understand	Procedural	
CIO-DEBUGGING-USE_PRINT_WITH_LEVEL	Sử dụng hàm print với tiền tố cấp độ để ghi log trong Swift	Người học có khả năng chèn câu lệnh `print("DEBUG: ...")` hoặc `print("INFO: ...")` trong mã nguồn Swift để ghi nhật ký theo dõi hành vi chương trình với các cấp độ khác nhau.	CONCEPTUAL_IMPL	ULO-DEBUGGING-02	DEBUGGING	Understand	Procedural	
CIO-DEBUGGING-SET_CONDITIONAL_BREAKPOINT_IN	Set Conditional Breakpoint in Xcode to Inspect Swift Variable State	Người học có khả năng thiết lập điểm dừng có điều kiện (conditional breakpoint) trong Xcode tại vị trí nghi ngờ trong luồng thực thi Swift, với điều kiện dựa trên giá trị biến hoặc biểu thức.	CONCEPTUAL_IMPL	ULO-DEBUGGING-02	DEBUGGING	Apply	Procedural	
ULO-DEBUGGING-03	Phân tích nguyên nhân gốc rễ của lỗi phần mềm	Người học có khả năng phân tích mã nguồn và hành vi chương trình để xác định nguyên nhân sâu xa của lỗi, không chỉ triệu chứng bề mặt.	UNIVERSAL		DEBUGGING	Analyze	Conceptual	
CIO-DEBUGGING-USE_5_WHYS_ON	Đặt chuỗi câu hỏi Tại sao dựa trên log Swift để truy vết nguyên nhân gốc rễ	Người học có khả năng đặt liên tiếp câu hỏi 'Tại sao?' dựa trên các dòng log Swift (ví dụ: từ `print` hoặc `os_log`) để đi từ triệu chứng lỗi bề mặt đến nguyên nhân gốc rễ.	CONCEPTUAL_IMPL	ULO-DEBUGGING-03	DEBUGGING	Understand	Procedural	
CIO-DEBUGGING-INSERT_PRINT_AT_MIDPOINT	Chèn câu lệnh print tại điểm giữa mã Swift để loại trừ nhị phân	Người học có khả năng chèn câu lệnh `print("Checkpoint A")` hoặc breakpoint tại vị trí chia đôi mã nguồn Swift, sau đó chạy chương trình để xác định nửa chứa lỗi, áp dụng phương pháp loại trừ nhị phân	CONCEPTUAL_IMPL	ULO-DEBUGGING-03	DEBUGGING	Understand	Procedural	
ULO-OBJECT_INSTANTIATION-01	Hiểu quá trình tạo đối tượng từ lớp	Người học có khả năng giải thích khái niệm instance, quá trình cấp phát bộ nhớ và khởi tạo thuộc tính khi tạo một đối tượng từ lớp.	UNIVERSAL		OBJECT_INSTANTIATION	Understand	Conceptual	
CIO-OBJECT_INSTANTIATION-ANALYZE_HOW_INITIALIZER_PARAMETERS	Analyze How Initializer Parameters Affect Object State in Swift	Người học có khả năng phân tích cách các tham số truyền vào hàm tạo (init) trong Swift ảnh hưởng đến trạng thái ban đầu của đối tượng, bao gồm việc gán giá trị cho thuộc tính và xác định các giá trị m	CONCEPTUAL_IMPL	ULO-OBJECT_INSTANTIATION-01	OBJECT_INSTANTIATION	Apply	Procedural	
CIO-OBJECT_INSTANTIATION-DESCRIBE_STRUCT_MEMBERWISE_INITIALIZATION	Mô tả quy trình cấp phát bộ nhớ và khởi tạo đối tượng class trong Swift	Người học có khả năng mô tả tuần tự các bước: cấp phát vùng nhớ cho instance của class Swift, gọi hàm khởi tạo `init`, và giải phóng bộ nhớ qua `deinit`.	CONCEPTUAL_IMPL	ULO-OBJECT_INSTANTIATION-01	OBJECT_INSTANTIATION	Understand	Procedural	
ULO-OBJECT_INSTANTIATION-02	Tạo đối tượng từ lớp bằng cú pháp phù hợp	Người học có khả năng viết mã để khởi tạo một đối tượng từ lớp, bao gồm việc truyền tham số cho hàm tạo và sử dụng từ khóa khởi tạo.	UNIVERSAL		OBJECT_INSTANTIATION	Apply	Procedural	
CIO-OBJECT_INSTANTIATION-CREATE_A_SWIFT_OBJECT	Create a Swift Object Using a No-Argument Initializer	Người học có khả năng tạo đối tượng của một lớp Swift bằng cách gọi hàm tạo không tham số, khi lớp đó có init() được định nghĩa hoặc kế thừa.	CONCEPTUAL_IMPL	ULO-OBJECT_INSTANTIATION-02	OBJECT_INSTANTIATION	Apply	Procedural	
CIO-OBJECT_INSTANTIATION-CALL_A_SWIFT_CLASS	Call a Swift Class Initializer with Appropriate Arguments	Người học có khả năng sử dụng cú pháp gọi hàm tạo (init) của một lớp Swift, truyền các đối số cần thiết theo đúng thứ tự và nhãn để khởi tạo đối tượng.	CONCEPTUAL_IMPL	ULO-OBJECT_INSTANTIATION-02	OBJECT_INSTANTIATION	Apply	Procedural	
ULO-OBJECT_INSTANTIATION-03	Phân biệt lớp và đối tượng, so sánh các cách tạo instance	Người học có khả năng phân tích sự khác biệt giữa lớp và instance, đồng thời so sánh các phương pháp tạo đối tượng khác nhau (khởi tạo trực tiếp, factory method, dependency injection).	UNIVERSAL		OBJECT_INSTANTIATION	Analyze	Conceptual	
CIO-OBJECT_INSTANTIATION-ANALYZE_HOW_DEPENDENCY_INJECTION	Analyze How Dependency Injection in Swift Enables Object Creation Without Knowing Dependency Details	Người học có khả năng phân tích cách dependency injection (tiêm phụ thuộc) trong Swift cho phép tạo đối tượng mà không cần biết chi tiết khởi tạo của các dependency, thông qua việc truyền dependency t	CONCEPTUAL_IMPL	ULO-OBJECT_INSTANTIATION-03	OBJECT_INSTANTIATION	Apply	Procedural	
CIO-OBJECT_INSTANTIATION-COMPARE_DIRECT_INITIALIZATION_VIA	Compare Direct Initialization via Swift Initializer vs. Static Factory Method	Người học có khả năng so sánh sự khác biệt giữa việc tạo đối tượng trực tiếp qua hàm tạo (init) và việc sử dụng phương thức factory tĩnh (static method) trong Swift, bao gồm khả năng kiểm soát quá trì	CONCEPTUAL_IMPL	ULO-OBJECT_INSTANTIATION-03	OBJECT_INSTANTIATION	Apply	Procedural	
ULO-EVENT_HANDLERS_CONCEPT-01	Hiểu mô hình xử lý sự kiện trong lập trình giao diện	Người học có khả năng giải thích khái niệm event-driven programming, cách sự kiện được phát sinh và luồng xử lý từ người dùng đến event handler.	UNIVERSAL		EVENT_HANDLERS_CONCEPT	Understand	Conceptual	
CIO-EVENT_HANDLERS_CONCEPT-TRACE_EVENT_FLOW_FROM	Trace event flow from user action to handler invocation in Swift using UIApplication and UIResponder chain	Người học có khả năng theo dõi luồng sự kiện từ hành động người dùng đến khi gọi hàm xử lý trong Swift bằng cách sử dụng UIApplication và chuỗi UIResponder.	CONCEPTUAL_IMPL	ULO-EVENT_HANDLERS_CONCEPT-01	EVENT_HANDLERS_CONCEPT	Apply	Procedural	
CIO-EVENT_HANDLERS_CONCEPT-IMPLEMENT_EVENT_DRIVEN_PATTERN	Implement event-driven pattern in Swift using @IBAction and UIControl events	Người học có khả năng triển khai mô hình lập trình hướng sự kiện trong Swift bằng cách sử dụng @IBAction để kết nối giao diện người dùng với mã xử lý sự kiện từ UIControl.	CONCEPTUAL_IMPL	ULO-EVENT_HANDLERS_CONCEPT-01	EVENT_HANDLERS_CONCEPT	Apply	Procedural	
ULO-EVENT_HANDLERS_CONCEPT-02	Gắn event handler vào thành phần giao diện	Người học có khả năng đăng ký một hàm xử lý sự kiện (event handler) cho các tương tác như nhấn nút, gõ phím, hoặc cử chỉ trên UI element.	UNIVERSAL		EVENT_HANDLERS_CONCEPT	Apply	Procedural	
CIO-EVENT_HANDLERS_CONCEPT-REGISTER_CALLBACK_TO_UIBUTTONS	Register callback to UIButton's touchUpInside event in Swift using addTarget(_:action:for:)	Người học có khả năng gắn một hàm xử lý (callback) vào sự kiện touchUpInside của UIButton trong Swift bằng phương thức addTarget(_:action:for:).	CONCEPTUAL_IMPL	ULO-EVENT_HANDLERS_CONCEPT-02	EVENT_HANDLERS_CONCEPT	Apply	Procedural	
ULO-EVENT_HANDLERS_CONCEPT-03	Phân tích luồng sự kiện và xử lý đa sự kiện	Người học có khả năng phân tích thứ tự xử lý khi nhiều sự kiện xảy ra đồng thời, cũng như cách ngăn chặn sự kiện lan truyền (event propagation) nếu cần.	UNIVERSAL		EVENT_HANDLERS_CONCEPT	Analyze	Conceptual	
CIO-EVENT_HANDLERS_CONCEPT-HANDLE_MULTIPLE_EVENTS_TOUCHDOWN	Handle multiple events (touchDown, touchUpInside) on a single UIButton in Swift using separate @IBAction methods	Người học có khả năng xử lý nhiều sự kiện khác nhau (touchDown, touchUpInside) trên cùng một UIButton trong Swift bằng cách tạo các phương thức @IBAction riêng biệt cho mỗi sự kiện.	CONCEPTUAL_IMPL	ULO-EVENT_HANDLERS_CONCEPT-03	EVENT_HANDLERS_CONCEPT	Apply	Procedural	
CIO-EVENT_HANDLERS_CONCEPT-ANALYZE_EVENT_PROPAGATION_IN	Analyze event propagation in UIKit using hitTest(_:with:) and touchesBegan(_:with:) to prevent propagation	Người học có khả năng phân tích cơ chế lan truyền sự kiện trong UIKit bằng cách sử dụng hitTest(_:with:) và touchesBegan(_:with:) để ngăn chặn sự kiện lan truyền qua các view con.	CONCEPTUAL_IMPL	ULO-EVENT_HANDLERS_CONCEPT-03	EVENT_HANDLERS_CONCEPT	Analyze	Procedural	
ULO-OBJECT_PROPERTIES-01	Nhận biết thuộc tính đối tượng	Người học có khả năng nhận biết các thuộc tính cơ bản của đối tượng như tên, giá trị và kiểu dữ liệu.	UNIVERSAL		OBJECT_PROPERTIES	Remember	Factual	
CIO-OBJECT_PROPERTIES-IDENTIFY_PROPERTY_AS_KEY	Identify Property as Key-Value Pair Using Swift Syntax	Người học có khả năng sử dụng cú pháp khai báo thuộc tính trong Swift (var/let) để xác định cặp tên-giá trị trong struct hoặc class, ví dụ: struct Person { var name: String; let id: Int }.	CONCEPTUAL_IMPL	ULO-OBJECT_PROPERTIES-01	OBJECT_PROPERTIES	Apply	Procedural	
ULO-OBJECT_PROPERTIES-02	Giải thích thuộc tính đối tượng	Người học có khả năng giải thích ý nghĩa và cách sử dụng thuộc tính để quản lý trạng thái của đối tượng trong lập trình.	UNIVERSAL		OBJECT_PROPERTIES	Understand	Conceptual	
CIO-OBJECT_PROPERTIES-APPLY_PROPERTY_OBSERVERS_TO	Apply Property Observers to Manage State Changes in Swift	Người học có khả năng áp dụng property observers (willSet/didSet) trong Swift để theo dõi và phản ứng khi trạng thái của stored property thay đổi, ví dụ: var score: Int = 0 { willSet { print("About to	CONCEPTUAL_IMPL	ULO-OBJECT_PROPERTIES-02	OBJECT_PROPERTIES	Apply	Procedural	
ULO-OBJECT_PROPERTIES-03	Áp dụng thuộc tính đối tượng	Người học có khả năng sử dụng thuộc tính để truy xuất và thay đổi trạng thái của đối tượng trong chương trình.	UNIVERSAL		OBJECT_PROPERTIES	Apply	Procedural	
CIO-OBJECT_PROPERTIES-DEFINE_CUSTOM_GETTER_AND	Define Custom Getter and Setter for Computed Property in Swift	Người học có khả năng định nghĩa getter và setter tùy chỉnh trong Swift cho computed property để kiểm soát việc đọc và ghi, ví dụ: var radius: Double { get { ... } set { ... } }.	CONCEPTUAL_IMPL	ULO-OBJECT_PROPERTIES-03	OBJECT_PROPERTIES	Apply	Procedural	
CIO-OBJECT_PROPERTIES-ACCESS_AND_UPDATE_STORED	Access and Update Stored Property via Instance in Swift	Người học có khả năng truy xuất và thay đổi giá trị của stored property trong Swift thông qua instance, sử dụng cú pháp dấu chấm, ví dụ: person.name = "Alice"; let n = person.name.	CONCEPTUAL_IMPL	ULO-OBJECT_PROPERTIES-03	OBJECT_PROPERTIES	Apply	Procedural	
ULO-RETURN_VALUES_AND_SCOPE-01	Nhận diện cú pháp return và phạm vi biến	Người học có khả năng nhận diện cú pháp của câu lệnh return và các loại phạm vi biến (cục bộ, toàn cục) trong mã nguồn.	UNIVERSAL		RETURN_VALUES_AND_SCOPE	Remember	Factual	
CIO-RETURN_VALUES_AND_SCOPE-DISTINGUISH_LOCAL_AND_GLOBAL	Distinguish local and global variables in Swift based on declaration position	Người học có khả năng phân biệt biến cục bộ và biến toàn cục trong Swift dựa trên vị trí khai báo: biến khai báo bên ngoài hàm/class là toàn cục, biến khai báo bên trong hàm hoặc khối lệnh là cục bộ.	CONCEPTUAL_IMPL	ULO-RETURN_VALUES_AND_SCOPE-01	RETURN_VALUES_AND_SCOPE	Understand	Procedural	
CIO-RETURN_VALUES_AND_SCOPE-IDENTIFY_RETURN_STATEMENT_SYNTAX	Identify Return Statement Syntax in Swift Functions	Người học có khả năng nhận diện cú pháp return trong Swift để kết thúc hàm và trả về giá trị, bao gồm return với giá trị, return void (hoặc không return), và implicit return cho single-expression func	CONCEPTUAL_IMPL	ULO-RETURN_VALUES_AND_SCOPE-01	RETURN_VALUES_AND_SCOPE	Apply	Procedural	
ULO-RETURN_VALUES_AND_SCOPE-02	Giải thích phạm vi biến và giá trị trả về	Người học có khả năng giải thích sự khác biệt giữa biến cục bộ và biến toàn cục, cũng như cách một hàm trả về giá trị ảnh hưởng đến luồng dữ liệu.	UNIVERSAL		RETURN_VALUES_AND_SCOPE	Understand	Conceptual	
CIO-RETURN_VALUES_AND_SCOPE-DESCRIBE_VARIABLE_ACCESS_RULES	Describe variable access rules based on scope in Swift	Người học có khả năng mô tả quy tắc truy cập biến trong Swift: biến toàn cục có thể truy cập từ mọi nơi trong module, biến cục bộ chỉ truy cập được trong khối lệnh (block) nơi nó được khai báo, và biế	CONCEPTUAL_IMPL	ULO-RETURN_VALUES_AND_SCOPE-02	RETURN_VALUES_AND_SCOPE	Understand	Procedural	
CIO-RETURN_VALUES_AND_SCOPE-EXPLAIN_LOCAL_VARIABLE_SCOPE	Explain local variable scope and return value mechanism in Swift functions	Người học có khả năng giải thích cách biến cục bộ trong hàm Swift chỉ tồn tại trong phạm vi hàm và giá trị trả về được sao chép ra ngoài thông qua câu lệnh return, đồng thời phân biệt giữa biến cục bộ	CONCEPTUAL_IMPL	ULO-RETURN_VALUES_AND_SCOPE-02	RETURN_VALUES_AND_SCOPE	Understand	Procedural	
ULO-RETURN_VALUES_AND_SCOPE-03	Áp dụng return và phạm vi biến trong hàm	Người học có khả năng viết các hàm sử dụng câu lệnh return để trả về kết quả và quản lý phạm vi biến (cục bộ/toàn cục) một cách chính xác.	UNIVERSAL		RETURN_VALUES_AND_SCOPE	Apply	Procedural	
CIO-RETURN_VALUES_AND_SCOPE-USE_RETURN_VALUE_AS	Use Return Value as Direct Argument in Swift	Người học có khả năng sử dụng giá trị trả về từ một hàm Swift làm đối số trực tiếp cho một hàm khác, đồng thời quản lý phạm vi của biến trung gian (nếu có) bằng cách sử dụng hằng số hoặc biến cục bộ t	CONCEPTUAL_IMPL	ULO-RETURN_VALUES_AND_SCOPE-03	RETURN_VALUES_AND_SCOPE	Apply	Procedural	
CIO-RETURN_VALUES_AND_SCOPE-DESIGN_A_SWIFT_FUNCTION	Design a Swift function using both global and local variables with controlled data flow	Người học có khả năng thiết kế hàm Swift sử dụng biến toàn cục (khai báo ngoài hàm) để lưu trạng thái và biến cục bộ để tính toán tạm thời, trả về kết quả qua return, đồng thời kiểm soát việc thay đổi	CONCEPTUAL_IMPL	ULO-RETURN_VALUES_AND_SCOPE-03	RETURN_VALUES_AND_SCOPE	Understand	Procedural	
CIO-RETURN_VALUES_AND_SCOPE-WRITE_A_SWIFT_FUNCTION	Write a Swift function that uses local variables and returns a value	Người học có khả năng viết hàm Swift nhận tham số đầu vào, khai báo biến cục bộ bằng let hoặc var, thực hiện tính toán, và trả về kết quả bằng câu lệnh return, đồng thời quản lý phạm vi biến trong hàm	CONCEPTUAL_IMPL	ULO-RETURN_VALUES_AND_SCOPE-03	RETURN_VALUES_AND_SCOPE	Understand	Procedural	
ULO-REFERENCE_TYPE_DECLARATION-03	Understand Reference Type Declaration	Người học có khả năng hiểu và áp dụng reference type declaration.	UNIVERSAL		REFERENCE_TYPE_DECLARATION	Understand	Conceptual	
ULO-LOCAL_VIEW_STATE-03	Understand Local View State	Người học có khả năng hiểu và áp dụng local view state.	UNIVERSAL		LOCAL_VIEW_STATE	Understand	Conceptual	
ULO-IMPLICIT_EXPLICIT_ANIMATION-02	Understand Implicit Explicit Animation	Người học có khả năng hiểu và áp dụng implicit explicit animation.	UNIVERSAL		IMPLICIT_EXPLICIT_ANIMATION	Understand	Conceptual	
ULO-IMPLICIT_EXPLICIT_ANIMATION-03	Understand Implicit Explicit Animation	Người học có khả năng hiểu và áp dụng implicit explicit animation.	UNIVERSAL		IMPLICIT_EXPLICIT_ANIMATION	Understand	Conceptual	
ULO-UI_MODIFIERS_CONCEPT-02	Understand Ui Modifiers Concept	Người học có khả năng hiểu và áp dụng ui modifiers concept.	UNIVERSAL		UI_MODIFIERS_CONCEPT	Understand	Conceptual	
ULO-WHILE_LOOP-01	Understand While Loop	Người học có khả năng hiểu và áp dụng while loop.	UNIVERSAL		WHILE_LOOP	Understand	Conceptual	
ULO-WHILE_LOOP-03	Understand While Loop	Người học có khả năng hiểu và áp dụng while loop.	UNIVERSAL		WHILE_LOOP	Understand	Conceptual	
ULO-ARRAY_OPERATIONS-01	Understand Array Operations	Người học có khả năng hiểu và áp dụng array operations.	UNIVERSAL		ARRAY_OPERATIONS	Understand	Conceptual	
ULO-ARRAY_OPERATIONS-02	Understand Array Operations	Người học có khả năng hiểu và áp dụng array operations.	UNIVERSAL		ARRAY_OPERATIONS	Understand	Conceptual	
ULO-IMPLICIT_EXPLICIT_ANIMATION-01	Understand Implicit Explicit Animation	Người học có khả năng hiểu và áp dụng implicit explicit animation.	UNIVERSAL		IMPLICIT_EXPLICIT_ANIMATION	Understand	Conceptual	
ULO-SYNTAX_VS_RUNTIME_ERRORS-02	Understand Syntax Vs Runtime Errors	Người học có khả năng hiểu và áp dụng syntax vs runtime errors.	UNIVERSAL		SYNTAX_VS_RUNTIME_ERRORS	Understand	Conceptual	
ULO-REFERENCE_TYPE_DECLARATION-01	Understand Reference Type Declaration	Người học có khả năng hiểu và áp dụng reference type declaration.	UNIVERSAL		REFERENCE_TYPE_DECLARATION	Understand	Conceptual	
ULO-UI_MODIFIERS_CONCEPT-01	Understand Ui Modifiers Concept	Người học có khả năng hiểu và áp dụng ui modifiers concept.	UNIVERSAL		UI_MODIFIERS_CONCEPT	Understand	Conceptual	
ULO-IMPLICIT_EXPLICIT_ANIMATION-04	Understand Implicit Explicit Animation	Người học có khả năng hiểu và áp dụng implicit explicit animation.	UNIVERSAL		IMPLICIT_EXPLICIT_ANIMATION	Understand	Conceptual	
ULO-STATE_PROPERTY_WRAPPER-01	Understand State Property Wrapper	Người học có khả năng hiểu và áp dụng state property wrapper.	UNIVERSAL		STATE_PROPERTY_WRAPPER	Understand	Conceptual	
ULO-LOCAL_VIEW_STATE-02	Understand Local View State	Người học có khả năng hiểu và áp dụng local view state.	UNIVERSAL		LOCAL_VIEW_STATE	Understand	Conceptual	
ULO-DECLARATIVE_UI_PARADIGM-01	Understand Declarative Ui Paradigm	Người học có khả năng hiểu và áp dụng declarative ui paradigm.	UNIVERSAL		DECLARATIVE_UI_PARADIGM	Understand	Conceptual	
ULO-SYNTAX_VS_RUNTIME_ERRORS-01	Understand Syntax Vs Runtime Errors	Người học có khả năng hiểu và áp dụng syntax vs runtime errors.	UNIVERSAL		SYNTAX_VS_RUNTIME_ERRORS	Understand	Conceptual	
ULO-ARRAY_OPERATIONS-03	Understand Array Operations	Người học có khả năng hiểu và áp dụng array operations.	UNIVERSAL		ARRAY_OPERATIONS	Understand	Conceptual	
ULO-LOCAL_VIEW_STATE-01	Understand Local View State	Người học có khả năng hiểu và áp dụng local view state.	UNIVERSAL		LOCAL_VIEW_STATE	Understand	Conceptual	
ULO-DECLARATIVE_UI_PARADIGM-04	Understand Declarative Ui Paradigm	Người học có khả năng hiểu và áp dụng declarative ui paradigm.	UNIVERSAL		DECLARATIVE_UI_PARADIGM	Understand	Conceptual	
ULO-STATE_PROPERTY_WRAPPER-03	Understand State Property Wrapper	Người học có khả năng hiểu và áp dụng state property wrapper.	UNIVERSAL		STATE_PROPERTY_WRAPPER	Understand	Conceptual	
ULO-REFERENCE_TYPE_DECLARATION-02	Understand Reference Type Declaration	Người học có khả năng hiểu và áp dụng reference type declaration.	UNIVERSAL		REFERENCE_TYPE_DECLARATION	Understand	Conceptual	
ULO-WHILE_LOOP-02	Understand While Loop	Người học có khả năng hiểu và áp dụng while loop.	UNIVERSAL		WHILE_LOOP	Understand	Conceptual	
ULO-SYNTAX_VS_RUNTIME_ERRORS-03	Understand Syntax Vs Runtime Errors	Người học có khả năng hiểu và áp dụng syntax vs runtime errors.	UNIVERSAL		SYNTAX_VS_RUNTIME_ERRORS	Understand	Conceptual	
CIO-ARRAY_OPERATIONS-ACCESS_ARRAY_ELEMENT	Truy cập phần tử mảng bằng chỉ số	Người học có khả năng nhận diện và tái tạo mẫu truy cập phần tử mảng thông qua chỉ số (index) – sử dụng cặp ngoặc vuông và chỉ số để lấy giá trị tại vị trí xác định.	CONCEPTUAL_IMPL	ULO-ARRAY_OPERATIONS-01	ARRAY_OPERATIONS	Remember	Factual	
CIO-ARRAY_OPERATIONS-ZERO_BASED_INDEX	Hiểu chỉ số bắt đầu từ 0	Người học có khả năng giải thích ý nghĩa của chỉ số bắt đầu từ 0 trong mảng: phần tử đầu tiên có chỉ số 0, phần tử cuối có chỉ số (độ dài - 1), và áp dụng để xác định vị trí phần tử.	CONCEPTUAL_IMPL	ULO-ARRAY_OPERATIONS-02	ARRAY_OPERATIONS	Understand	Conceptual	
CIO-ARRAY_OPERATIONS-SEQUENTIAL_ARRAY_TRAVERSAL	Duyệt mảng tuần tự	Người học có khả năng áp dụng mẫu duyệt mảng tuần tự: lặp qua từng phần tử bằng cách tăng dần chỉ số từ 0 đến độ dài - 1, và thực hiện thao tác trên mỗi phần tử.	CONCEPTUAL_IMPL	ULO-ARRAY_OPERATIONS-03	ARRAY_OPERATIONS	Apply	Procedural	
CIO-ARRAY_OPERATIONS-MODIFY_ARRAY_ELEMENT	Sửa đổi phần tử mảng	Người học có khả năng áp dụng mẫu sửa đổi giá trị phần tử mảng: gán giá trị mới cho phần tử tại một chỉ số xác định, có thể kết hợp với điều kiện để chỉ sửa đổi khi thỏa mãn.	CONCEPTUAL_IMPL	ULO-ARRAY_OPERATIONS-03	ARRAY_OPERATIONS	Apply	Procedural	
CIO-LOCAL_VIEW_STATE-LOCAL_STATE_SYNC_ROLE	Vai trò của trạng thái cục bộ trong đồng bộ giao diện	Người học có khả năng giải thích mục đích của trạng thái cục bộ: lưu trữ dữ liệu thay đổi theo thời gian trong phạm vi một view/component, và khi dữ liệu thay đổi, giao diện tự động cập nhật tương ứng.	CONCEPTUAL_IMPL	ULO-LOCAL_VIEW_STATE-01	LOCAL_VIEW_STATE	Understand	Conceptual	
CIO-LOCAL_VIEW_STATE-CONTROL_UI_PROPERTIES	Điều khiển thuộc tính giao diện bằng trạng thái cục bộ	Người học có khả năng áp dụng trạng thái cục bộ để điều khiển các thuộc tính giao diện như hiển thị/ẩn, màu sắc, nội dung văn bản – gắn giá trị state vào thuộc tính và thay đổi state để kích hoạt cập nhật.	CONCEPTUAL_IMPL	ULO-LOCAL_VIEW_STATE-02	LOCAL_VIEW_STATE	Apply	Procedural	
CIO-LOCAL_VIEW_STATE-UPDATE_LOCAL_STATE	Cập nhật trạng thái cục bộ từ tương tác người dùng	Người học có khả năng áp dụng mẫu cập nhật trạng thái cục bộ khi có sự kiện từ người dùng (ví dụ: nhấn nút, nhập liệu) – gán giá trị mới cho state và giao diện tự động phản ánh thay đổi.	CONCEPTUAL_IMPL	ULO-LOCAL_VIEW_STATE-02	LOCAL_VIEW_STATE	Apply	Procedural	
CIO-LOCAL_VIEW_STATE-TRACE_LOCAL_STATE_LIFECYCLE	Trace local state lifecycle	Người học có khả năng theo dõi vòng đời của một biến trạng thái cục bộ từ lúc khởi tạo đến khi bị hủy trong một hệ thống phân cấp view.	CONCEPTUAL_IMPL	ULO-LOCAL_VIEW_STATE-03	LOCAL_VIEW_STATE	Analyze	Conceptual	
CIO-LOCAL_VIEW_STATE-DETERMINE_LOCAL_STATE_SCOPE	Determine local state scope	Người học có khả năng xác định phạm vi truy cập và khả năng hiển thị của một biến trạng thái cục bộ trong các view lồng nhau.	CONCEPTUAL_IMPL	ULO-LOCAL_VIEW_STATE-03	LOCAL_VIEW_STATE	Analyze	Conceptual	
CIO-STATE_PROPERTY_WRAPPER-STATE_TRIGGERED_RERENDER	Explain state-triggered re-rendering	Người học có khả năng giải thích cách một biến trạng thái kích hoạt việc render lại giao diện khi giá trị của nó thay đổi.	CONCEPTUAL_IMPL	ULO-STATE_PROPERTY_WRAPPER-01	STATE_PROPERTY_WRAPPER	Understand	Conceptual	
CIO-STATE_PROPERTY_WRAPPER-STATE_WRAPPER_DECOUPLING	Describe state wrapper decoupling role	Người học có khả năng mô tả vai trò của một wrapper trạng thái trong việc tách rời dữ liệu khỏi logic render của view.	CONCEPTUAL_IMPL	ULO-STATE_PROPERTY_WRAPPER-01	STATE_PROPERTY_WRAPPER	Understand	Conceptual	
CIO-STATE_PROPERTY_WRAPPER-INITIALIZE_UPDATE_MUTABLE_STATE	Initialize and update mutable state	Người học có khả năng khởi tạo một biến trạng thái có thể thay đổi với giá trị mặc định và cập nhật nó để phản hồi tương tác người dùng.	CONCEPTUAL_IMPL	ULO-STATE_PROPERTY_WRAPPER-02	STATE_PROPERTY_WRAPPER	Apply	Procedural	
CIO-STATE_PROPERTY_WRAPPER-BIND_STATE_UI_ELEMENT	Bind state to UI element and observe changes	Người học có khả năng gắn một biến trạng thái vào giá trị của phần tử giao diện và theo dõi thay đổi thông qua callback.	CONCEPTUAL_IMPL	ULO-STATE_PROPERTY_WRAPPER-02	STATE_PROPERTY_WRAPPER	Apply	Procedural	
CIO-STATE_PROPERTY_WRAPPER-OWNERSHIP_SHARING_SEMANTICS	Compare ownership and sharing semantics of state wrappers	Người học có khả năng so sánh ngữ nghĩa sở hữu và chia sẻ giữa các wrapper quản lý trạng thái khác nhau.	CONCEPTUAL_IMPL	ULO-STATE_PROPERTY_WRAPPER-03	STATE_PROPERTY_WRAPPER	Analyze	Conceptual	
CIO-STATE_PROPERTY_WRAPPER-EVALUATE_APPROPRIATE_WRAPPER	Evaluate appropriate wrapper based on data source and view hierarchy	Người học có khả năng đánh giá và lựa chọn wrapper phù hợp dựa trên nguồn dữ liệu và cấu trúc phân cấp view.	CONCEPTUAL_IMPL	ULO-STATE_PROPERTY_WRAPPER-03	STATE_PROPERTY_WRAPPER	Analyze	Conceptual	
CIO-WHILE_LOOP-CONDITION_CONTROLLED_LOOP	Recognize condition-controlled loop pattern	Người học có khả năng nhận diện cấu trúc của một vòng lặp điều khiển bằng điều kiện, lặp lại một khối lệnh cho đến khi điều kiện boolean trở thành false.	CONCEPTUAL_IMPL	ULO-WHILE_LOOP-01	WHILE_LOOP	Remember	Factual	
CIO-WHILE_LOOP-CONDITION_FIRST_REPETITION	Condition-first repetition pattern	Người học có khả năng áp dụng mẫu lặp kiểm tra điều kiện trước khi thực thi khối lệnh, trong đó điều kiện được đánh giá lại sau mỗi lần lặp và vòng lặp kết thúc khi điều kiện trở thành sai.	CONCEPTUAL_IMPL	ULO-WHILE_LOOP-02	WHILE_LOOP	Understand	Conceptual	
CIO-WHILE_LOOP-LOOP_TERMINATION_CONDITION	Loop termination via condition falsification	Người học có khả năng phân tích cách một vòng lặp dừng lại khi biểu thức điều kiện chuyển từ true sang false, bao gồm các tình huống điều kiện luôn đúng dẫn đến vòng lặp vô hạn và cách tránh bằng cách thay đổi biến điều khiển trong thân lặp.	CONCEPTUAL_IMPL	ULO-WHILE_LOOP-02	WHILE_LOOP	Analyze	Conceptual	
CIO-WHILE_LOOP-DYNAMIC_CONDITION_REPETITION	Dynamic condition repetition with mutable control variable	Người học có khả năng áp dụng mẫu lặp sử dụng một biến điều khiển được cập nhật trong thân lặp dựa trên dữ liệu đầu vào hoặc trạng thái thay đổi, cho phép số lần lặp không xác định trước và phụ thuộc vào điều kiện động.	CONCEPTUAL_IMPL	ULO-WHILE_LOOP-03	WHILE_LOOP	Apply	Procedural	
CIO-WHILE_LOOP-SENTINEL_CONTROLLED_REPETITION	Sentinel-controlled repetition pattern	Người học có khả năng áp dụng mẫu lặp dùng giá trị sentinel (giá trị kết thúc đặc biệt) để dừng vòng lặp, trong đó điều kiện kiểm tra xem đầu vào có bằng sentinel hay không và thân lặp xử lý dữ liệu trước khi đọc giá trị tiếp theo.	CONCEPTUAL_IMPL	ULO-WHILE_LOOP-03	WHILE_LOOP	Apply	Procedural	
CIO-PROJECT_ASSETS_MANAGEMENT-ASSET_TYPE_CATEGORIZATION	Asset type categorization pattern	Người học có khả năng nhận diện và phân loại các loại tài nguyên dự án dựa trên mục đích sử dụng: tài nguyên hình ảnh (ảnh bitmap, vector), tài nguyên màu sắc (bảng màu, gradient), tài nguyên biểu tượng (icon, glyph), và tài nguyên chữ (font, typeface).	CONCEPTUAL_IMPL	ULO-PROJECT_ASSETS_MANAGEMENT-01	PROJECT_ASSETS_MANAGEMENT	Remember	Factual	
CIO-PROJECT_ASSETS_MANAGEMENT-ASSET_CATALOG_HIERARCHICAL	Asset catalog hierarchical organization pattern	Người học có khả năng giải thích cách tài nguyên được tổ chức theo cấu trúc phân cấp trong một thư mục đặc biệt, nơi mỗi tài nguyên có tên duy nhất và có thể được nhóm theo loại hoặc mục đích, đồng thời tuân theo quy tắc đặt tên nhất quán để tránh xung đột.	CONCEPTUAL_IMPL	ULO-PROJECT_ASSETS_MANAGEMENT-02	PROJECT_ASSETS_MANAGEMENT	Understand	Conceptual	
CIO-PROJECT_ASSETS_MANAGEMENT-ASSET_ADDITION_REFERENCE	Asset addition and reference pattern	Người học có khả năng áp dụng quy trình thêm tài nguyên mới vào dự án bằng cách đặt tệp vào đúng thư mục tài nguyên, sau đó tham chiếu tài nguyên đó trong mã nguồn thông qua tên định danh (không bao gồm đường dẫn tuyệt đối) để sử dụng trong giao diện.	CONCEPTUAL_IMPL	ULO-PROJECT_ASSETS_MANAGEMENT-03	PROJECT_ASSETS_MANAGEMENT	Apply	Procedural	
CIO-PROJECT_ASSETS_MANAGEMENT-COLOR_ASSET_DEFINITION	Color asset definition and usage pattern	Người học có khả năng áp dụng quy trình tạo tài nguyên màu sắc bằng cách định nghĩa một bộ màu với các giá trị (RGB, hex, hoặc tên) trong hệ thống quản lý tài nguyên, sau đó tham chiếu màu đó qua tên trong mã nguồn để thiết lập màu nền, màu chữ, hoặc các thuộc tính giao diện khác.	CONCEPTUAL_IMPL	ULO-PROJECT_ASSETS_MANAGEMENT-03	PROJECT_ASSETS_MANAGEMENT	Apply	Procedural	
CIO-SYNTAX_VS_RUNTIME_ERRORS-DISTINGUISH_SYNTAX_RUNTIME	Phân biệt lỗi cú pháp và lỗi runtime dựa trên định nghĩa	Người học có khả năng nhận diện và phân biệt định nghĩa của lỗi cú pháp (sai quy tắc ngôn ngữ) và lỗi runtime (xảy ra khi chạy chương trình) từ các mô tả cho trước.	CONCEPTUAL_IMPL	ULO-SYNTAX_VS_RUNTIME_ERRORS-01	SYNTAX_VS_RUNTIME_ERRORS	Remember	Factual	
CIO-SYNTAX_VS_RUNTIME_ERRORS-SYNTAX_RUNTIME_CAUSES	Giải thích nguyên nhân gây ra lỗi cú pháp và lỗi runtime	Người học có khả năng giải thích nguyên nhân hình thành lỗi cú pháp (do vi phạm cấu trúc ngôn ngữ) và lỗi runtime (do điều kiện không hợp lệ khi thực thi) bằng cách sử dụng các ví dụ cụ thể.	CONCEPTUAL_IMPL	ULO-SYNTAX_VS_RUNTIME_ERRORS-02	SYNTAX_VS_RUNTIME_ERRORS	Understand	Conceptual	
CIO-SYNTAX_VS_RUNTIME_ERRORS-CLASSIFY_ERROR_DETECTION	Phân loại ví dụ lỗi dựa trên thời điểm phát hiện	Người học có khả năng phân loại các đoạn mã lỗi thành lỗi cú pháp (phát hiện khi biên dịch/parse) hoặc lỗi runtime (phát hiện khi chạy) dựa trên thời điểm xảy ra lỗi.	CONCEPTUAL_IMPL	ULO-SYNTAX_VS_RUNTIME_ERRORS-02	SYNTAX_VS_RUNTIME_ERRORS	Understand	Conceptual	
CIO-SYNTAX_VS_RUNTIME_ERRORS-IDENTIFY_ERROR_TYPE	Xác định loại lỗi từ mã nguồn dựa trên dấu hiệu nhận biết	Người học có khả năng phân tích một đoạn mã nguồn để xác định đó là lỗi cú pháp (dựa vào dấu hiệu như thiếu dấu ngoặc, sai từ khóa) hay lỗi runtime (dựa vào dấu hiệu như truy cập chỉ số ngoài phạm vi, chia cho 0).	CONCEPTUAL_IMPL	ULO-SYNTAX_VS_RUNTIME_ERRORS-03	SYNTAX_VS_RUNTIME_ERRORS	Analyze	Procedural	
CIO-SYNTAX_VS_RUNTIME_ERRORS-ANALYZE_ERROR_MESSAGES	Phân tích thông báo lỗi để phân loại lỗi	Người học có khả năng đọc và phân tích thông báo lỗi từ trình biên dịch hoặc runtime để xác định loại lỗi (syntax error hay runtime error) dựa trên nội dung và ngữ cảnh thông báo.	CONCEPTUAL_IMPL	ULO-SYNTAX_VS_RUNTIME_ERRORS-03	SYNTAX_VS_RUNTIME_ERRORS	Analyze	Procedural	
CIO-REFERENCE_TYPE_DECLARATION-IDENTIFY_REFERENCE_SYNTAX	Nhận diện cú pháp khai báo kiểu tham chiếu	Người học có khả năng nhận diện cú pháp khai báo biến với kiểu dữ liệu tham chiếu (ví dụ: sử dụng từ khóa tạo đối tượng, cấp phát bộ nhớ) từ các đoạn mã cho trước.	CONCEPTUAL_IMPL	ULO-REFERENCE_TYPE_DECLARATION-01	REFERENCE_TYPE_DECLARATION	Remember	Factual	
CIO-REFERENCE_TYPE_DECLARATION-COMPARE_REFERENCE_VALUE	So sánh hành vi gán và sao chép giữa kiểu tham chiếu và kiểu giá trị	Người học có khả năng so sánh cách thức gán và sao chép dữ liệu: kiểu giá trị tạo bản sao độc lập, kiểu tham chiếu chia sẻ cùng một đối tượng, từ đó giải thích sự khác biệt trong kết quả khi thay đổi biến.	CONCEPTUAL_IMPL	ULO-REFERENCE_TYPE_DECLARATION-02	REFERENCE_TYPE_DECLARATION	Understand	Conceptual	
CIO-REFERENCE_TYPE_DECLARATION-ANALYZE_REFERENCE_IMPACT	Phân tích tác động của tham chiếu đến bộ nhớ và hiệu năng	Người học có khả năng phân tích cách kiểu tham chiếu lưu trữ địa chỉ bộ nhớ thay vì giá trị trực tiếp, dẫn đến chia sẻ dữ liệu và ảnh hưởng đến hiệu năng khi truyền tham số hoặc sao chép.	CONCEPTUAL_IMPL	ULO-REFERENCE_TYPE_DECLARATION-02	REFERENCE_TYPE_DECLARATION	Understand	Conceptual	
CIO-REFERENCE_TYPE_DECLARATION-DECLARE_REFERENCE_NULL	Khai báo biến tham chiếu với khởi tạo đối tượng	Người học có khả năng khai báo một biến để lưu trữ tham chiếu đến một thể hiện của kiểu tham chiếu bằng cách gọi hàm tạo và gán kết quả cho biến.	CONCEPTUAL_IMPL	ULO-REFERENCE_TYPE_DECLARATION-03	REFERENCE_TYPE_DECLARATION	Apply	Procedural	
CIO-REFERENCE_TYPE_DECLARATION-DECLARE_REFERENCE_NULL_2	Khai báo biến tham chiếu với giá trị null hoặc nil	Người học có khả năng khai báo một biến tham chiếu mà chưa gán đối tượng ngay lập tức, sử dụng giá trị đặc biệt đại diện cho không có tham chiếu (null/nil) và sau đó gán đối tượng khi cần.	CONCEPTUAL_IMPL	ULO-REFERENCE_TYPE_DECLARATION-03	REFERENCE_TYPE_DECLARATION	Apply	Procedural	
CIO-IMPLICIT_EXPLICIT_ANIMATION-DISTINGUISH_TIME_CONTROL	Phân biệt dựa trên cơ chế kích hoạt	Người học có khả năng phân biệt animation ngầm định và tường minh dựa trên cách chúng được kích hoạt: ngầm định tự động kích hoạt khi trạng thái thay đổi, tường minh yêu cầu gọi một hàm hoặc khối lệnh cụ thể.	CONCEPTUAL_IMPL	ULO-IMPLICIT_EXPLICIT_ANIMATION-01	IMPLICIT_EXPLICIT_ANIMATION	Understand	Conceptual	
CIO-IMPLICIT_EXPLICIT_ANIMATION-DISTINGUISH_TIME_CONTROL_2	Phân biệt dựa trên mức độ kiểm soát thời gian và chi tiết	Người học có khả năng phân biệt animation ngầm định và tường minh dựa trên mức độ kiểm soát: ngầm định chỉ cho phép tùy chỉnh thời gian và hiệu ứng ở mức tổng thể, tường minh cho phép kiểm soát chi tiết từng giai đoạn (keyframe) và hành vi phức tạp.	CONCEPTUAL_IMPL	ULO-IMPLICIT_EXPLICIT_ANIMATION-01	IMPLICIT_EXPLICIT_ANIMATION	Understand	Conceptual	
CIO-IMPLICIT_EXPLICIT_ANIMATION-WRAP_STATE_CHANGES	Áp dụng implicit animation bằng cách gắn bộ mô tả animation vào view	Người học có khả năng gắn một bộ mô tả animation (ví dụ: thời gian, hiệu ứng) vào một view để tự động tạo chuyển tiếp mượt mà khi các thuộc tính của view thay đổi do trạng thái thay đổi.	CONCEPTUAL_IMPL	ULO-IMPLICIT_EXPLICIT_ANIMATION-02	IMPLICIT_EXPLICIT_ANIMATION	Apply	Procedural	
CIO-IMPLICIT_EXPLICIT_ANIMATION-WRAP_STATE_CHANGES_2	Áp dụng implicit animation bằng cách bao bọc thay đổi trạng thái trong ngữ cảnh animation	Người học có khả năng bao bọc các thay đổi trạng thái trong một ngữ cảnh animation (ví dụ: khối lệnh) để tất cả các thay đổi thuộc tính phụ thuộc vào trạng thái đó đều được chuyển tiếp mượt mà.	CONCEPTUAL_IMPL	ULO-IMPLICIT_EXPLICIT_ANIMATION-02	IMPLICIT_EXPLICIT_ANIMATION	Apply	Procedural	
CIO-IMPLICIT_EXPLICIT_ANIMATION-ANALYZE_PERFORMANCE_REUSABILITY	Phân tích ưu nhược điểm dựa trên mức độ kiểm soát và độ phức tạp	Người học có khả năng phân tích ưu điểm (dễ sử dụng, tự động) và nhược điểm (thiếu kiểm soát chi tiết) của animation ngầm định so với animation tường minh, và ngược lại, dựa trên các tiêu chí như mức độ kiểm soát, độ phức tạp khi triển khai, và khả năng tùy chỉnh.	CONCEPTUAL_IMPL	ULO-IMPLICIT_EXPLICIT_ANIMATION-03	IMPLICIT_EXPLICIT_ANIMATION	Analyze	Conceptual	
CIO-IMPLICIT_EXPLICIT_ANIMATION-ANALYZE_PERFORMANCE_REUSABILITY_2	Phân tích ưu nhược điểm dựa trên hiệu suất và khả năng tái sử dụng	Người học có khả năng phân tích ưu nhược điểm của animation ngầm định và tường minh dựa trên hiệu suất (ngầm định thường tối ưu hơn cho các thay đổi đơn giản) và khả năng tái sử dụng (tường minh dễ đóng gói thành các animation phức tạp có thể dùng lại).	CONCEPTUAL_IMPL	ULO-IMPLICIT_EXPLICIT_ANIMATION-03	IMPLICIT_EXPLICIT_ANIMATION	Analyze	Conceptual	
CIO-IMPLICIT_EXPLICIT_ANIMATION-EVALUATE_CUSTOMIZABILITY_UX	Đánh giá lựa chọn dựa trên yêu cầu về hiệu suất và độ phức tạp	Người học có khả năng đánh giá và lựa chọn giữa animation ngầm định và tường minh dựa trên yêu cầu về hiệu suất (ngầm định cho thay đổi đơn giản, tường minh cho thay đổi phức tạp) và độ phức tạp của animation (số lượng thuộc tính thay đổi, cần keyframe hay không).	CONCEPTUAL_IMPL	ULO-IMPLICIT_EXPLICIT_ANIMATION-04	IMPLICIT_EXPLICIT_ANIMATION	Evaluate	Metacognitive	
CIO-IMPLICIT_EXPLICIT_ANIMATION-EVALUATE_CUSTOMIZABILITY_UX_2	Đánh giá lựa chọn dựa trên khả năng tùy chỉnh và trải nghiệm người dùng	Người học có khả năng đánh giá và lựa chọn giữa animation ngầm định và tường minh dựa trên mức độ tùy chỉnh cần thiết (tường minh cho phép kiểm soát chi tiết từng giai đoạn) và trải nghiệm người dùng mong muốn (ngầm định cho chuyển tiếp mượt mà tự nhiên, tường minh cho hiệu ứng đặc biệt).	CONCEPTUAL_IMPL	ULO-IMPLICIT_EXPLICIT_ANIMATION-04	IMPLICIT_EXPLICIT_ANIMATION	Evaluate	Metacognitive	
CIO-DECLARATIVE_UI_PARADIGM-DESCRIBE_DESIRED_STATE	Mô tả trạng thái mong muốn	Người học có khả năng mô tả nguyên lý cốt lõi của giao diện khai báo: thay vì chỉ định các bước thay đổi UI, người phát triển khai báo trạng thái mong muốn và để framework tự động đồng bộ UI với trạng thái đó.	CONCEPTUAL_IMPL	ULO-DECLARATIVE_UI_PARADIGM-01	DECLARATIVE_UI_PARADIGM	Understand	Conceptual	
CIO-DECLARATIVE_UI_PARADIGM-COMPARE_DECLARATIVE_IMPERATIVE	So sánh luồng điều khiển khai báo và mệnh lệnh	Người học có khả năng so sánh luồng điều khiển giữa mô hình khai báo (khai báo cấu trúc view, framework quyết định thời điểm cập nhật) và mô hình mệnh lệnh (lập trình viên chỉ thị từng bước thay đổi UI).	CONCEPTUAL_IMPL	ULO-DECLARATIVE_UI_PARADIGM-01	DECLARATIVE_UI_PARADIGM	Understand	Conceptual	
CIO-DECLARATIVE_UI_PARADIGM-BUILD_HIERARCHICAL_VIEW	Xây dựng cấu trúc view phân cấp	Người học có khả năng xây dựng giao diện bằng cách lồng ghép các thành phần khai báo theo hệ thống phân cấp cha-con, tạo ra cây view hoàn chỉnh.	CONCEPTUAL_IMPL	ULO-DECLARATIVE_UI_PARADIGM-02	DECLARATIVE_UI_PARADIGM	Apply	Procedural	
CIO-DECLARATIVE_UI_PARADIGM-ATTACH_STATE_VIEW	Gắn trạng thái vào view	Người học có khả năng gắn trạng thái cục bộ vào view thông qua cơ chế khai báo (property wrapper, hook) để UI tự động cập nhật khi trạng thái thay đổi.	CONCEPTUAL_IMPL	ULO-DECLARATIVE_UI_PARADIGM-02	DECLARATIVE_UI_PARADIGM	Apply	Procedural	
CIO-DECLARATIVE_UI_PARADIGM-ANALYZE_REUSABILITY_MAINTAINABILITY	Phân tích quản lý trạng thái	Người học có khả năng phân tích sự khác biệt trong quản lý trạng thái: declarative có trạng thái tập trung và UI là hàm của trạng thái; imperative có trạng thái phân tán và UI được cập nhật thủ công.	CONCEPTUAL_IMPL	ULO-DECLARATIVE_UI_PARADIGM-03	DECLARATIVE_UI_PARADIGM	Analyze	Conceptual	
CIO-DECLARATIVE_UI_PARADIGM-ANALYZE_REUSABILITY_MAINTAINABILITY_2	Phân tích khả năng tái sử dụng và bảo trì	Người học có khả năng phân tích khả năng tái sử dụng và bảo trì: declarative dễ dàng tái sử dụng component nhờ tính module; imperative thường dễ gây side-effect và khó bảo trì hơn.	CONCEPTUAL_IMPL	ULO-DECLARATIVE_UI_PARADIGM-03	DECLARATIVE_UI_PARADIGM	Analyze	Conceptual	
CIO-DECLARATIVE_UI_PARADIGM-EVALUATE_PERFORMANCE	Đánh giá hiệu suất	Người học có khả năng đánh giá mô hình khai báo dựa trên tiêu chí hiệu suất: declarative có thể gây re-render không cần thiết nếu không tối ưu; imperative kiểm soát tốt hơn nhưng dễ dư thừa code.	CONCEPTUAL_IMPL	ULO-DECLARATIVE_UI_PARADIGM-04	DECLARATIVE_UI_PARADIGM	Evaluate	Metacognitive	
CIO-DECLARATIVE_UI_PARADIGM-EVALUATE_SCALABILITY	Đánh giá khả năng mở rộng	Người học có khả năng đánh giá mô hình khai báo dựa trên khả năng mở rộng: declarative dễ mở rộng nhờ tính module và tách biệt; imperative có thể phức tạp khi quy mô lớn.	CONCEPTUAL_IMPL	ULO-DECLARATIVE_UI_PARADIGM-04	DECLARATIVE_UI_PARADIGM	Evaluate	Metacognitive	
CIO-UI_MODIFIERS-LIST_AND_CLASSIFY	Liệt kê và phân loại UI Modifier	Người học có khả năng liệt kê các UI Modifier phổ biến và phân loại chúng theo chức năng: bố cục (padding, frame), kiểu dáng (background, foregroundColor, font), tương tác (onTapGesture).	CONCEPTUAL_IMPL	ULO-UI_MODIFIERS_CONCEPT-01	UI_MODIFIERS_CONCEPT	Remember	Factual	
CIO-UI_MODIFIERS-ORDER_AFFECTS_DISPLAY	Thứ tự áp dụng modifier ảnh hưởng đến kết quả hiển thị	Người học có khả năng giải thích rằng thứ tự áp dụng các modifier lên một view ảnh hưởng đến kết quả cuối cùng, vì mỗi modifier thay đổi layout hoặc appearance dựa trên trạng thái hiện tại của view sau modifier trước đó.	CONCEPTUAL_IMPL	ULO-UI_MODIFIERS_CONCEPT-02	UI_MODIFIERS_CONCEPT	Understand	Conceptual	
CIO-UI_MODIFIERS-COMBINE_MODIFIERS	Kết hợp các modifier để tạo hiệu ứng tổng hợp	Người học có khả năng giải thích cách kết hợp nhiều modifier để tạo ra hiệu ứng hiển thị tổng hợp, trong đó mỗi modifier đóng góp một phần vào thuộc tính cuối cùng của view (ví dụ: kích thước, màu sắc, khoảng cách, hình dạng).	CONCEPTUAL_IMPL	ULO-UI_MODIFIERS_CONCEPT-02	UI_MODIFIERS_CONCEPT	Understand	Conceptual	
CIO-UI_MODIFIERS-SELECT_BY_LAYOUT	Lựa chọn modifier dựa trên yêu cầu bố cục	Người học có khả năng xác định các modifier cần thiết để đạt được bố cục mong muốn bằng cách phân tích yêu cầu về khoảng cách, căn chỉnh, kích thước và sắp xếp các thành phần.	CONCEPTUAL_IMPL	ULO-UI_MODIFIERS_CONCEPT-03	UI_MODIFIERS_CONCEPT	Apply	Procedural	
CIO-UI_MODIFIERS-ORDER_FOR_EFFECT	Sắp xếp thứ tự modifier để đạt hiệu quả mong muốn	Người học có khả năng sắp xếp các modifier theo thứ tự logic để tránh xung đột và đạt được kết quả chính xác, dựa trên hiểu biết về cách mỗi modifier tương tác với trạng thái hiện tại của view.	CONCEPTUAL_IMPL	ULO-UI_MODIFIERS_CONCEPT-03	UI_MODIFIERS_CONCEPT	Apply	Procedural	
SIO-SWIFT-APPLY_VISUAL_EVALUATION_CRITERIA	Apply visual evaluation criteria to analyze SwiftUI layout	Người học có khả năng áp dụng các tiêu chí đánh giá trực quan (cân bằng, tương phản, nhất quán) để phân tích bố cục SwiftUI trong ứng dụng iOS.	SPECIFIC_IMPL	CIO-VISUAL_DESIGN-APPLY_VISUAL_EVALUATION_CRITERIA	VISUAL_DESIGN	Apply	Procedural	
SIO-SWIFT-APPLY_VISUAL_EVALUATION_CRITERIA_2	Apply visual evaluation criteria to analyze SwiftUI navigation patterns	Người học có khả năng áp dụng tiêu chí đánh giá trực quan (như hệ thống phân cấp, khả năng đọc) để phân tích mẫu điều hướng SwiftUI (NavigationStack, TabView) trong ứng dụng.	SPECIFIC_IMPL	CIO-VISUAL_DESIGN-APPLY_VISUAL_EVALUATION_CRITERIA	VISUAL_DESIGN	Apply	Procedural	
SIO-SWIFT-COMPARE_SWIFTUI_DESIGN_AGAINST_CONSISTENCY_PRINCIPLE	Compare SwiftUI design against proximity principle	Người học có khả năng so sánh thiết kế giao diện SwiftUI với nguyên tắc thiết kế proximity (gần nhau) để xác định điểm mạnh và điểm yếu trong việc nhóm các thành phần liên quan.	SPECIFIC_IMPL	CIO-VISUAL_DESIGN-COMPARE_SWIFTUI_DESIGN_AGAINST	VISUAL_DESIGN	Apply	Procedural	
SIO-SWIFT-COMPARE_SWIFTUI_DESIGN_AGAINST_CONSISTENCY_PRINCIPLE_2	Compare SwiftUI design against consistency principle	Người học có khả năng so sánh thiết kế giao diện SwiftUI với nguyên tắc nhất quán (consistency) để xác định điểm mạnh và điểm yếu trong việc sử dụng font, màu sắc và spacing xuyên suốt ứng dụng.	SPECIFIC_IMPL	CIO-VISUAL_DESIGN-COMPARE_SWIFTUI_DESIGN_AGAINST	VISUAL_DESIGN	Apply	Procedural	
SIO-SWIFT-CLASSIFY_SECURITY_CHALLENGES_IN_SWIFT_APPS_BY_IMPACT_DATA_BREACH_DENIAL_OF_SERVICE	Classify security challenges in Swift apps by origin (network, input, code)	Người học có khả năng phân loại các thách thức bảo mật trong ứng dụng Swift dựa trên nguồn gốc: tấn công mạng (man-in-the-middle), lỗ hổng đầu vào (SQL injection qua Swift), và lỗ hổng code (race condition trong Swift concurrency).	SPECIFIC_IMPL	CIO-SECURITY_CHALLENGES-CLASSIFY_SECURITY_CHALLENGES_IN	SECURITY_CHALLENGES	Apply	Procedural	
SIO-SWIFT-CLASSIFY_SECURITY_CHALLENGES_IN_SWIFT_APPS_BY_IMPACT_DATA_BREACH_DENIAL_OF_SERVICE_2	Classify security challenges in Swift apps by impact (data breach, denial of service)	Người học có khả năng phân loại các thách thức bảo mật trong ứng dụng Swift dựa trên tác động: vi phạm dữ liệu (do lỗi bảo mật Core Data) và từ chối dịch vụ (do lỗi xử lý bất đồng bộ Swift).	SPECIFIC_IMPL	CIO-SECURITY_CHALLENGES-CLASSIFY_SECURITY_CHALLENGES_IN	SECURITY_CHALLENGES	Apply	Procedural	
SIO-SWIFT-USE_SWIFT_SPECIFIC_CHECKLIST_TO_IDENTIFY_INSECURE_NETWORK_REQUESTS_IN_SWIFT	Use Swift-specific checklist to identify SQL injection in Swift code	Người học có khả năng sử dụng danh sách dấu hiệu nhận biết (ví dụ: sử dụng chuỗi nội suy trong câu lệnh SQL, thiếu parameterized queries) để xác định lỗ hổng SQL injection trong code Swift sử dụng SQLite.	SPECIFIC_IMPL	CIO-SECURITY_CHALLENGES-USE_SWIFT_SPECIFIC_CHECKLIST	SECURITY_CHALLENGES	Apply	Procedural	
SIO-SWIFT-USE_SWIFT_SPECIFIC_CHECKLIST_TO_IDENTIFY_INSECURE_NETWORK_REQUESTS_IN_SWIFT_2	Use Swift-specific checklist to identify insecure network requests in Swift	Người học có khả năng sử dụng danh sách dấu hiệu nhận biết (ví dụ: sử dụng HTTP thay vì HTTPS, thiếu certificate pinning) để xác định thách thức bảo mật trong URLSession của Swift.	SPECIFIC_IMPL	CIO-SECURITY_CHALLENGES-USE_SWIFT_SPECIFIC_CHECKLIST	SECURITY_CHALLENGES	Apply	Procedural	
SIO-SWIFT-ANALYZE_IMPACT_OF_SWIFT_DENIAL_OF_SERVICE_ON_AVAILABILITY	Analyze impact of Swift data leakage on confidentiality and integrity	Người học có khả năng phân tích cách một thách thức bảo mật (rò rỉ dữ liệu qua UserDefaults không mã hóa) trong ứng dụng Swift ảnh hưởng đến tính bảo mật (confidentiality) và tính toàn vẹn (integrity) của dữ liệu.	SPECIFIC_IMPL	CIO-SECURITY_CHALLENGES-ANALYZE_IMPACT_OF_SWIFT	SECURITY_CHALLENGES	Apply	Procedural	
SIO-SWIFT-ANALYZE_IMPACT_OF_SWIFT_DENIAL_OF_SERVICE_ON_AVAILABILITY_2	Analyze impact of Swift denial-of-service on availability	Người học có khả năng phân tích cách một thách thức bảo mật (tấn công từ chối dịch vụ qua vòng lặp vô hạn trong Swift async/await) ảnh hưởng đến tính khả dụng (availability) của ứng dụng.	SPECIFIC_IMPL	CIO-SECURITY_CHALLENGES-ANALYZE_IMPACT_OF_SWIFT	SECURITY_CHALLENGES	Apply	Procedural	
SIO-SWIFT-CLASSIFY_SWIFTUI_VIEW_COMPONENTS	Classify SwiftUI View Components	Người học có khả năng phân loại các thành phần giao diện trong SwiftUI dựa trên tiêu chí view, ví dụ: Text, Image, Button là view cơ bản; VStack, HStack, ZStack là container view; sử dụng protocol View và các modifier như .frame(), .padding().	SPECIFIC_IMPL	CIO-VIEW_CONCEPT-CLASSIFY_SWIFTUI_VIEW_COMPONENTS	VIEW_CONCEPT	Apply	Procedural	
SIO-SWIFT-CLASSIFY_UIKIT_VIEW_COMPONENTS	Classify UIKit View Components	Người học có khả năng phân loại các thành phần giao diện trong UIKit dựa trên tiêu chí view, ví dụ: UILabel, UIButton, UIImageView là subclass của UIView; UIStackView, UITableView là container view; sử dụng hệ thống phân cấp lớp UIView.	SPECIFIC_IMPL	CIO-VIEW_CONCEPT-CLASSIFY_SWIFTUI_VIEW_COMPONENTS	VIEW_CONCEPT	Apply	Procedural	
SIO-SWIFT-ANALYZE_TAP_INTERACTION_FLOW_IN_SWIFTUI	Analyze Tap Interaction Flow in SwiftUI	Người học có khả năng phân tích luồng tương tác khi người dùng chạm vào Button trong SwiftUI: từ sự kiện tap, hệ thống gọi closure được gán qua tham số action của Button, cập nhật trạng thái @State nếu có, và SwiftUI tự động render lại view.	SPECIFIC_IMPL	CIO-VIEW_CONCEPT-ANALYZE_TAP_INTERACTION_FLOW	VIEW_CONCEPT	Apply	Procedural	
SIO-SWIFT-ANALYZE_TEXT_INPUT_INTERACTION_FLOW_IN_SWIFTUI	Analyze Text Input Interaction Flow in SwiftUI	Người học có khả năng phân tích luồng tương tác khi người dùng nhập text vào TextField trong SwiftUI: sự kiện thay đổi giá trị được binding qua $ biến @State, gọi onEditingChanged hoặc onSubmit, và cập nhật giao diện thông qua @Published hoặc @State.	SPECIFIC_IMPL	CIO-VIEW_CONCEPT-ANALYZE_TAP_INTERACTION_FLOW	VIEW_CONCEPT	Apply	Procedural	
SIO-SWIFT-MODEL_VIEW_AS_SWIFTUI_STRUCT	Model View as SwiftUI Struct	Người học có khả năng mô hình hóa một view trong SwiftUI bằng cách định nghĩa struct tuân thủ protocol View, khai báo các thuộc tính @State, @Binding, @ObservedObject, và triển khai computed property body trả về some View.	SPECIFIC_IMPL	CIO-VIEW_CONCEPT-MODEL_VIEW_AS_SWIFTUI	VIEW_CONCEPT	Apply	Procedural	
SIO-SWIFT-MODEL_VIEW_AS_UIKIT_UIVIEW_SUBCLASS	Model View as UIKit UIView Subclass	Người học có khả năng mô hình hóa một view trong UIKit bằng cách subclass UIView, override các phương thức như draw(_:), layoutSubviews(), và thêm các thuộc tính lưu trữ trạng thái, sử dụng Auto Layout constraints.	SPECIFIC_IMPL	CIO-VIEW_CONCEPT-MODEL_VIEW_AS_SWIFTUI	VIEW_CONCEPT	Apply	Procedural	
SIO-SWIFT-CLASSIFY_INTEGER_VALUES_TO_INT_TYPE	Classify Integer Values to Int Type	Người học có khả năng phân loại giá trị số nguyên (ví dụ: 42, -7) vào kiểu Int trong Swift, sử dụng type inference hoặc khai báo tường minh let x: Int = 42, và nhận biết các biến thể Int8, Int16, Int32, Int64.	SPECIFIC_IMPL	CIO-DATA_TYPES-CLASSIFY_INTEGER_VALUES_TO	DATA_TYPES	Apply	Procedural	
SIO-SWIFT-CLASSIFY_STRING_VALUES_TO_STRING_TYPE	Classify String Values to String Type	"Người học có khả năng phân loại giá trị chuỗi (ví dụ: ""Hello"", ""123"") vào kiểu String trong Swift, sử dụng string literal, và phân biệt với Character, Substring, NSString."	SPECIFIC_IMPL	CIO-DATA_TYPES-CLASSIFY_INTEGER_VALUES_TO	DATA_TYPES	Apply	Procedural	
SIO-SWIFT-COMPARE_MEMORY_SIZE_OF_INTEGER_TYPES	Compare Memory Size of Integer Types	Người học có khả năng so sánh kích thước bộ nhớ và phạm vi giá trị giữa Int8 (1 byte, -128..127), Int16 (2 byte), Int32 (4 byte), Int64 (8 byte) trong Swift, sử dụng MemoryLayout.size(ofValue:) hoặc MemoryLayout<Int8>.size.	SPECIFIC_IMPL	CIO-DATA_TYPES-COMPARE_MEMORY_SIZE_OF	DATA_TYPES	Apply	Procedural	
SIO-SWIFT-COMPARE_STORAGE_OF_FLOAT_AND_DOUBLE	Compare Storage of Float and Double	Người học có khả năng so sánh cách lưu trữ giữa Float (32-bit, ~6-7 chữ số thập phân) và Double (64-bit, ~15-16 chữ số thập phân) trong Swift, sử dụng MemoryLayout và nhận biết sự khác biệt về độ chính xác và kích thước.	SPECIFIC_IMPL	CIO-DATA_TYPES-COMPARE_MEMORY_SIZE_OF	DATA_TYPES	Apply	Procedural	
SIO-SWIFT-CHOOSE_SWIFT_DATA_TYPE_BASED_ON_REQUIRED_OPERATIONS	Choose Swift Data Type Based on Value Range	Người học có khả năng lựa chọn kiểu dữ liệu Swift (Int, Double, Bool, String) phù hợp cho một biến dựa trên phạm vi giá trị cần lưu trữ, ví dụ: sử dụng Int cho số nguyên trong phạm vi -2^63..2^63-1, Double cho số thực, Bool cho giá trị logic, String cho văn bản.	SPECIFIC_IMPL	CIO-DATA_TYPES-CHOOSE_SWIFT_DATA_TYPE	DATA_TYPES	Apply	Procedural	
SIO-SWIFT-CHOOSE_SWIFT_DATA_TYPE_BASED_ON_REQUIRED_OPERATIONS_2	Choose Swift Data Type Based on Required Operations	Người học có khả năng lựa chọn kiểu dữ liệu Swift dựa trên các phép toán cần thực hiện, ví dụ: chọn Int cho phép chia lấy phần nguyên (/) và phép chia lấy dư (%), chọn Double cho phép chia thập phân, chọn Bool cho phép so sánh, chọn String cho phép nối chuỗi.	SPECIFIC_IMPL	CIO-DATA_TYPES-CHOOSE_SWIFT_DATA_TYPE	DATA_TYPES	Apply	Procedural	
SIO-SWIFT-CONVERT_DATA_TYPES_USING_SWIFT_TYPE_CASTING	Convert Data Types Using Swift Initializers	"Người học có khả năng thực hiện chuyển đổi kiểu dữ liệu trong Swift bằng cách sử dụng các initializer như Int(), Double(), String(), Bool(), ví dụ: chuyển đổi String sang Int bằng Int(""123"") hoặc Double sang Int bằng Int(3.14)."	SPECIFIC_IMPL	CIO-DATA_TYPES-CONVERT_DATA_TYPES_USING	DATA_TYPES	Apply	Procedural	
SIO-SWIFT-CONVERT_DATA_TYPES_USING_SWIFT_TYPE_CASTING_2	Convert Data Types Using Swift Type Casting	Người học có khả năng thực hiện chuyển đổi kiểu dữ liệu trong Swift bằng cách sử dụng ép kiểu (type casting) với as? (optional) hoặc as! (forced) để chuyển đổi giữa các kiểu liên quan, ví dụ: ép Any sang String bằng item as? String, hoặc ép UIView sang UIButton bằng button as! UIButton.	SPECIFIC_IMPL	CIO-DATA_TYPES-CONVERT_DATA_TYPES_USING	DATA_TYPES	Apply	Procedural	
SIO-SWIFT-DISTINGUISH_SEQUENCE_BRANCH_AND_LOOP_IN_SWIFT	Distinguish Sequence, Branch, and Loop in Swift	Người học có khả năng phân biệt ba cấu trúc luồng điều khiển cơ bản trong Swift: tuần tự (các câu lệnh thực thi lần lượt), rẽ nhánh (if-else, switch) và lặp (for-in, while, repeat-while) bằng cách viết code minh họa và giải thích đặc điểm của từng loại.	SPECIFIC_IMPL	CIO-CONTROL_FLOW-DISTINGUISH_SEQUENCE_BRANCH_AND	CONTROL_FLOW	Apply	Procedural	
SIO-SWIFT-DISTINGUISH_IF_ELSE_AND_SWITCH_IN_SWIFT	Distinguish if-else and switch in Swift	Người học có khả năng phân biệt cấu trúc rẽ nhánh if-else và switch trong Swift dựa trên số lượng điều kiện, khả năng pattern matching, và yêu cầu bao phủ tất cả trường hợp (exhaustive) của switch, ví dụ: sử dụng switch với enum để xử lý tất cả cases.	SPECIFIC_IMPL	CIO-CONTROL_FLOW-DISTINGUISH_SEQUENCE_BRANCH_AND	CONTROL_FLOW	Apply	Procedural	
SIO-SWIFT-DESCRIBE_EXECUTION_ORDER_OF_SWITCH_IN_SWIFT	Describe Execution Order of if-else in Swift	Người học có khả năng mô tả thứ tự thực thi của câu lệnh if-else trong Swift dựa trên điều kiện Boolean: nếu điều kiện đúng thì thực thi khối if, nếu sai thì chuyển sang else if hoặc else, và chỉ một nhánh được thực thi.	SPECIFIC_IMPL	CIO-CONTROL_FLOW-DESCRIBE_EXECUTION_ORDER_OF	CONTROL_FLOW	Apply	Procedural	
SIO-SWIFT-DESCRIBE_EXECUTION_ORDER_OF_SWITCH_IN_SWIFT_2	Describe Execution Order of switch in Swift	Người học có khả năng mô tả thứ tự thực thi của câu lệnh switch trong Swift dựa trên pattern matching: giá trị được so khớp với từng case từ trên xuống dưới, case đầu tiên khớp sẽ thực thi, và không cần break (Swift tự động break), có thể dùng fallthrough để chuyển tiếp.	SPECIFIC_IMPL	CIO-CONTROL_FLOW-DESCRIBE_EXECUTION_ORDER_OF	CONTROL_FLOW	Apply	Procedural	
SIO-SWIFT-TRACE_VARIABLE_VALUES_THROUGH_FOR_IN_LOOP_IN_SWIFT	Trace Variable Values Through if-else Branches in Swift	Người học có khả năng theo dõi (trace) sự thay đổi giá trị của các biến và thứ tự thực thi các câu lệnh qua các nhánh if-else trong Swift, ví dụ: sử dụng print() hoặc debugger để quan sát giá trị biến trước, trong và sau mỗi nhánh.	SPECIFIC_IMPL	CIO-CONTROL_FLOW-TRACE_VARIABLE_VALUES_THROUGH	CONTROL_FLOW	Apply	Procedural	
SIO-SWIFT-TRACE_VARIABLE_VALUES_THROUGH_FOR_IN_LOOP_IN_SWIFT_2	Trace Variable Values Through for-in Loop in Swift	Người học có khả năng theo dõi (trace) sự thay đổi giá trị của các biến và thứ tự thực thi qua vòng lặp for-in trong Swift, ví dụ: theo dõi biến lặp và biến tích lũy qua mỗi lần lặp, sử dụng print() để ghi lại giá trị tại mỗi bước.	SPECIFIC_IMPL	CIO-CONTROL_FLOW-TRACE_VARIABLE_VALUES_THROUGH	CONTROL_FLOW	Apply	Procedural	
SIO-SWIFT-TRACE_EXECUTION_PATH_OF_SWITCH_IN_SWIFT	Trace execution path of if-else in Swift	Người học có khả năng xác định đường đi thực thi của câu lệnh if-else trong Swift dựa trên giá trị đầu vào cụ thể.	SPECIFIC_IMPL	CIO-CONTROL_FLOW-TRACE_EXECUTION_PATH_OF	CONTROL_FLOW	Apply	Procedural	
SIO-SWIFT-TRACE_EXECUTION_PATH_OF_SWITCH_IN_SWIFT_2	Trace execution path of switch in Swift	Người học có khả năng xác định đường đi thực thi của câu lệnh switch trong Swift dựa trên giá trị đầu vào, bao gồm các pattern matching và where clauses.	SPECIFIC_IMPL	CIO-CONTROL_FLOW-TRACE_EXECUTION_PATH_OF	CONTROL_FLOW	Apply	Procedural	
SIO-SWIFT-CHECK_EXHAUSTIVENESS_OF_SWITCH_CASES_IN_SWIFT	Check exhaustiveness of switch cases in Swift	Người học có khả năng kiểm tra tính đầy đủ của các nhánh trong câu lệnh switch Swift, đảm bảo tất cả các giá trị có thể đều được xử lý hoặc có default case.	SPECIFIC_IMPL	CIO-CONTROL_FLOW-CHECK_EXHAUSTIVENESS_OF_SWITCH	CONTROL_FLOW	Apply	Procedural	
SIO-SWIFT-VERIFY_LOOP_TERMINATION_CONDITION_IN_SWIFT	Verify loop termination condition in Swift	Người học có khả năng kiểm tra điều kiện dừng của vòng lặp for-in và while trong Swift, xác định xem vòng lặp có đảm bảo kết thúc với mọi đầu vào hợp lệ hay không.	SPECIFIC_IMPL	CIO-CONTROL_FLOW-CHECK_EXHAUSTIVENESS_OF_SWITCH	CONTROL_FLOW	Apply	Procedural	
SIO-SWIFT-DETECT_INFINITE_LOOP_IN_SWIFT	Detect infinite loop in Swift	Người học có khả năng phát hiện vòng lặp vô hạn trong Swift do điều kiện dừng không bao giờ đạt được, ví dụ như while true không có break hoặc điều kiện không thay đổi.	SPECIFIC_IMPL	CIO-CONTROL_FLOW-DETECT_INFINITE_LOOP_IN	CONTROL_FLOW	Apply	Procedural	
SIO-SWIFT-DETECT_NON_EXHAUSTIVE_SWITCH_IN_SWIFT	Detect non-exhaustive switch in Swift	Người học có khả năng phát hiện lỗi logic do nhánh không bao phủ trong câu lệnh switch Swift, tức là thiếu case cho một số giá trị đầu vào và không có default.	SPECIFIC_IMPL	CIO-CONTROL_FLOW-DETECT_INFINITE_LOOP_IN	CONTROL_FLOW	Apply	Procedural	
SIO-SWIFT-CLASSIFY_SWIFT_DATA_TYPES_BY_STORAGE_AND_RANGE	Classify Swift data types by storage and range	Người học có khả năng phân loại các kiểu dữ liệu cơ bản trong Swift (Int, Double, String, Bool) dựa trên đặc điểm lưu trữ (kích thước bộ nhớ, có dấu/không dấu) và phạm vi giá trị.	SPECIFIC_IMPL	CIO-TYPE_SYSTEM-CLASSIFY_SWIFT_DATA_TYPES	TYPE_SYSTEM	Apply	Procedural	
SIO-SWIFT-CLASSIFY_SWIFT_COLLECTION_TYPES_BY_STORAGE_AND_RANGE	Classify Swift collection types by storage and range	Người học có khả năng phân loại các kiểu dữ liệu tập hợp trong Swift (Array, Set, Dictionary) dựa trên đặc điểm lưu trữ (thứ tự, duy nhất, key-value) và phạm vi sử dụng.	SPECIFIC_IMPL	CIO-TYPE_SYSTEM-CLASSIFY_SWIFT_DATA_TYPES	TYPE_SYSTEM	Apply	Procedural	
SIO-SWIFT-IDENTIFY_STATIC_TYPING_IN_SWIFT_VIA_TYPE_ANNOTATION_AND_INFERENCE	Identify static typing in Swift via type annotation and inference	Người học có khả năng nhận diện đặc điểm kiểu tĩnh trong Swift khi sử dụng type annotation (let x: Int) và type inference (let x = 5), biết rằng kiểu được kiểm tra tại thời điểm biên dịch.	SPECIFIC_IMPL	CIO-TYPE_SYSTEM-IDENTIFY_STATIC_TYPING_IN	TYPE_SYSTEM	Apply	Procedural	
SIO-SWIFT-COMPARE_STATIC_VS_DYNAMIC_TYPING_IN_SWIFT	Compare static vs dynamic typing in Swift	Người học có khả năng nhận diện sự khác biệt giữa hệ thống kiểu tĩnh của Swift (kiểm tra tại biên dịch) và kiểu động (kiểm tra tại runtime) thông qua ví dụ cụ thể, giải thích lợi ích của việc phát hiện lỗi sớm.	SPECIFIC_IMPL	CIO-TYPE_SYSTEM-IDENTIFY_STATIC_TYPING_IN	TYPE_SYSTEM	Apply	Procedural	
SIO-SWIFT-ANALYZE_CONTRAST_IN_SWIFTUI_INTERFACE	Phân tích quá trình kiểm tra kiểu tĩnh trong Swift	Người học có khả năng phân tích cách Swift thực hiện kiểm tra kiểu tĩnh tại thời điểm biên dịch, bao gồm việc xác định các lỗi kiểu như type mismatch, missing conformance, và sử dụng type inference.	SPECIFIC_IMPL	CIO-TYPE_SYSTEM-ANALYZE_CONTRAST_IN_SWIFTUI	TYPE_SYSTEM	Apply	Procedural	
SIO-SWIFT-DESCRIBE_THE_STEPS_OF_STATIC_TYPE_CHECKING_IN_SWIFT	Mô tả các bước kiểm tra kiểu tĩnh trong Swift	Người học có khả năng mô tả các bước trong quy trình kiểm tra kiểu tĩnh của Swift, từ phân tích cú pháp, xây dựng AST, đến suy luận kiểu và kiểm tra tương thích kiểu.	SPECIFIC_IMPL	CIO-TYPE_SYSTEM-ANALYZE_CONTRAST_IN_SWIFTUI	TYPE_SYSTEM	Apply	Procedural	
SIO-SWIFT-APPLY_SWIFT_TYPE_INFERENCE_TO_DETERMINE_EXPRESSION_TYPE	Áp dụng suy luận kiểu Swift để xác định kiểu biểu thức	Người học có khả năng áp dụng cơ chế suy luận kiểu của Swift để xác định kiểu của một biểu thức dựa trên kiểu của các toán hạng và ngữ cảnh, ví dụ: let x = 42 suy ra Int.	SPECIFIC_IMPL	CIO-TYPE_SYSTEM-APPLY_SWIFT_TYPE_INFERENCE	TYPE_SYSTEM	Apply	Procedural	
SIO-SWIFT-USE_SWIFT_TYPE_INFERENCE_IN_FUNCTION_AND_CLOSURE_CONTEXT	Sử dụng suy luận kiểu Swift trong ngữ cảnh hàm và closure	Người học có khả năng áp dụng suy luận kiểu của Swift để suy ra kiểu tham số và kiểu trả về của closure hoặc hàm dựa trên ngữ cảnh sử dụng, ví dụ: array.map { $0 * 2 }.	SPECIFIC_IMPL	CIO-TYPE_SYSTEM-APPLY_SWIFT_TYPE_INFERENCE	TYPE_SYSTEM	Apply	Procedural	
SIO-SWIFT-ANALYZE_CONTRAST_IN_SWIFTUI_INTERFACE_2	Phân tích thông báo lỗi kiểu Swift để tìm nguyên nhân	Người học có khả năng phân tích thông báo lỗi kiểu do Swift phát ra, xác định vị trí và kiểu dữ liệu không tương thích, từ đó tìm ra nguyên nhân gốc rễ như sai kiểu, thiếu conformance, hoặc lỗi optional.	SPECIFIC_IMPL	CIO-TYPE_SYSTEM-ANALYZE_CONTRAST_IN_SWIFTUI_2	TYPE_SYSTEM	Apply	Procedural	
SIO-SWIFT-SUGGEST_WAYS_TO_FIX_TYPE_ERRORS_BASED_ON_SWIFT_ERROR_MESSAGES	Đề xuất cách sửa lỗi kiểu dựa trên thông báo lỗi Swift	Người học có khả năng dựa vào thông báo lỗi kiểu của Swift để đề xuất các bước sửa lỗi, như thay đổi kiểu dữ liệu, thêm type casting, hoặc sửa optional handling.	SPECIFIC_IMPL	CIO-TYPE_SYSTEM-ANALYZE_CONTRAST_IN_SWIFTUI_2	TYPE_SYSTEM	Apply	Procedural	
SIO-SWIFT-SIMULATE_SWIFT_TYPE_FLOW_TO_DETECT_ERRORS	Mô phỏng luồng kiểu Swift để phát hiện lỗi	Người học có khả năng mô phỏng luồng kiểu qua các phép gán và gọi hàm trong Swift, ghi nhận kiểu đầu vào và đầu ra để xác định vị trí xảy ra lỗi kiểu.	SPECIFIC_IMPL	CIO-TYPE_SYSTEM-SIMULATE_SWIFT_TYPE_FLOW	TYPE_SYSTEM	Apply	Procedural	
SIO-SWIFT-TRACE_SWIFT_TYPE_FLOW_IN_COMPLEX_PROGRAMS	Truy vết luồng kiểu Swift trong chương trình phức tạp	Người học có khả năng truy vết luồng kiểu trong chương trình Swift có nhiều hàm và kiểu dữ liệu phức tạp, xác định điểm không tương thích kiểu bằng cách theo dõi sự lan truyền kiểu.	SPECIFIC_IMPL	CIO-TYPE_SYSTEM-SIMULATE_SWIFT_TYPE_FLOW	TYPE_SYSTEM	Apply	Procedural	
SIO-SWIFT-ANALYZE_CONTRAST_IN_SWIFTUI_INTERFACE_3	Phân tích tương phản trong giao diện SwiftUI	Người học có khả năng phân tích tác động của nguyên tắc tương phản (màu sắc, kích thước, hình dạng) đến khả năng đọc và thu hút sự chú ý trong giao diện người dùng được xây dựng bằng SwiftUI.	SPECIFIC_IMPL	CIO-VISUAL_DESIGN-ANALYZE_CONTRAST_IN_SWIFTUI	VISUAL_DESIGN	Apply	Procedural	
SIO-SWIFT-EVALUATE_CONTRAST_IN_SWIFTUI_DESIGN	Đánh giá tương phản trong thiết kế SwiftUI	Người học có khả năng đánh giá mức độ tương phản giữa các yếu tố giao diện trong SwiftUI dựa trên các tiêu chí như tỷ lệ tương phản màu sắc, kích thước chữ, và khoảng cách, từ đó đề xuất cải thiện.	SPECIFIC_IMPL	CIO-VISUAL_DESIGN-ANALYZE_CONTRAST_IN_SWIFTUI	VISUAL_DESIGN	Apply	Procedural	
SIO-SWIFT-APPLY_SYMMETRIC_BALANCE_IN	Apply symmetric balance in SwiftUI layout	Người học có khả năng sử dụng các modifier SwiftUI như .frame, .padding, .offset để tạo bố cục cân bằng đối xứng, phân bố trọng lượng thị giác đồng đều giữa các thành phần.	SPECIFIC_IMPL	CIO-VISUAL_DESIGN-APPLY_SYMMETRIC_BALANCE_IN	VISUAL_DESIGN	Apply	Procedural	
SIO-SWIFT-APPLY_ASYMMETRIC_BALANCE_IN	Apply asymmetric balance in SwiftUI layout	Người học có khả năng sử dụng SwiftUI GeometryReader để tính toán kích thước và vị trí tương đối, tạo bố cục cân bằng bất đối xứng dựa trên trọng lượng thị giác của các thành phần.	SPECIFIC_IMPL	CIO-VISUAL_DESIGN-APPLY_SYMMETRIC_BALANCE_IN	VISUAL_DESIGN	Apply	Procedural	
SIO-SWIFT-USE_GOLDEN_RATIO_GRID	Use golden ratio grid in SwiftUI with LazyVGrid	Người học có khả năng tạo bố cục lưới trong SwiftUI bằng cách sử dụng LazyVGrid với các cột có kích thước theo tỷ lệ vàng (1:1.618) để đạt được sự hài hòa thị giác.	SPECIFIC_IMPL	CIO-VISUAL_DESIGN-USE_GOLDEN_RATIO_GRID	VISUAL_DESIGN	Apply	Procedural	
SIO-SWIFT-CALCULATE_GOLDEN_RATIO_LAYOUT	Calculate golden ratio layout in SwiftUI with GeometryReader	Người học có khả năng sử dụng SwiftUI GeometryReader và phép tính tỷ lệ vàng để chia không gian bố cục, đặt các view con vào các vùng tỷ lệ 1:1.618 nhằm tạo sự hài hòa.	SPECIFIC_IMPL	CIO-VISUAL_DESIGN-USE_GOLDEN_RATIO_GRID	VISUAL_DESIGN	Apply	Procedural	
SIO-SWIFT-GROUP_RELATED_ELEMENTS_IN	Group related elements in SwiftUI using containers and spacing	Người học có khả năng sử dụng SwiftUI Group, VStack, HStack với spacing phù hợp để nhóm các thành phần giao diện có cùng chức năng hoặc nội dung, áp dụng nguyên tắc gần nhau.	SPECIFIC_IMPL	CIO-VISUAL_DESIGN-GROUP_RELATED_ELEMENTS_IN	VISUAL_DESIGN	Apply	Procedural	
SIO-SWIFT-USE_PADDING_AND_OVERLAY	Use padding and overlay in SwiftUI to enforce proximity	Người học có khả năng sử dụng modifier .padding và .overlay trong SwiftUI để tạo khoảng cách gần giữa các thành phần liên quan, giúp nhóm thông tin trực quan theo nguyên tắc gần nhau.	SPECIFIC_IMPL	CIO-VISUAL_DESIGN-GROUP_RELATED_ELEMENTS_IN	VISUAL_DESIGN	Apply	Procedural	
SIO-SWIFT-ANALYZE_COLOR_PALETTE_PSYCHOLOGY	Analyze color palette psychology in SwiftUI	Người học có khả năng phân tích bảng màu được định nghĩa bằng SwiftUI Color dựa trên ý nghĩa tâm lý và văn hóa, đánh giá hiệu quả truyền tải thông điệp của từng màu trong bố cục.	SPECIFIC_IMPL	CIO-VISUAL_DESIGN-ANALYZE_COLOR_PALETTE_PSYCHOLOGY	VISUAL_DESIGN	Analyze	Procedural	
SIO-SWIFT-COMPARE_COLOR_PALETTES_IN	Compare color palettes in SwiftUI for psychological impact	Người học có khả năng so sánh hai bảng màu SwiftUI khác nhau dựa trên tác động tâm lý (ví dụ: màu ấm/lạnh, độ tương phản), đưa ra khuyến nghị về lựa chọn màu phù hợp cho mục đích giao diện.	SPECIFIC_IMPL	CIO-VISUAL_DESIGN-ANALYZE_COLOR_PALETTE_PSYCHOLOGY	VISUAL_DESIGN	Analyze	Procedural	
SIO-SWIFT-EVALUATE_WHITESPACE_IMPACT_ON	Evaluate whitespace impact on readability in SwiftUI	Người học có khả năng đánh giá hiệu quả của khoảng trắng trong bố cục SwiftUI bằng cách đo lường khoảng cách giữa các khối nội dung, mật độ thông tin, và tác động đến khả năng đọc và tập trung.	SPECIFIC_IMPL	CIO-VISUAL_DESIGN-EVALUATE_WHITESPACE_IMPACT_ON	VISUAL_DESIGN	Evaluate	Procedural	
SIO-SWIFT-COMPARE_WHITESPACE_LEVELS_IN	Compare whitespace levels in SwiftUI layouts for focus	Người học có khả năng so sánh hai thiết kế SwiftUI với mức độ khoảng trắng khác nhau, đánh giá tác động lên khả năng đọc và mức độ tập trung của người dùng, từ đó đưa ra cải tiến.	SPECIFIC_IMPL	CIO-VISUAL_DESIGN-EVALUATE_WHITESPACE_IMPACT_ON	VISUAL_DESIGN	Evaluate	Procedural	
SIO-SWIFT-APPLY_VISUAL_EVALUATION_CRITERIA_3	Apply visual evaluation criteria using SwiftUI Preview	Người học có khả năng sử dụng SwiftUI Preview để đánh giá bố cục giao diện dựa trên các tiêu chí cân bằng, tương phản và nhất quán, từ đó xác định điểm mạnh/yếu của layout.	SPECIFIC_IMPL	CIO-VISUAL_DESIGN-APPLY_VISUAL_EVALUATION_CRITERIA	VISUAL_DESIGN	Apply	Procedural	
SIO-SWIFT-ANALYZE_VISUAL_LAYOUT_WITH	Analyze visual layout with Accessibility Inspector in Xcode	Người học có khả năng sử dụng Accessibility Inspector (Xcode) để phân tích bố cục SwiftUI theo tiêu chí khả năng tiếp cận, bao gồm kích thước vùng chạm, tỷ lệ tương phản màu và thứ tự focus.	SPECIFIC_IMPL	CIO-VISUAL_DESIGN-APPLY_VISUAL_EVALUATION_CRITERIA	VISUAL_DESIGN	Apply	Procedural	
SIO-SWIFT-COMPARE_DESIGN_PROXIMITY_USING	Compare design proximity using SwiftUI spacing and grouping	Người học có khả năng so sánh thiết kế SwiftUI với nguyên tắc proximity bằng cách kiểm tra các giá trị spacing, padding và việc sử dụng Group, VStack/HStack để nhóm các thành phần liên quan.	SPECIFIC_IMPL	CIO-VISUAL_DESIGN-COMPARE_SWIFTUI_DESIGN_AGAINST	VISUAL_DESIGN	Apply	Procedural	
SIO-SWIFT-EVALUATE_DESIGN_CONSISTENCY_USING	Evaluate design consistency using SwiftUI modifiers	Người học có khả năng đánh giá tính nhất quán của thiết kế SwiftUI bằng cách kiểm tra việc sử dụng đồng bộ font, màu sắc, padding và các modifier như .font(), .foregroundColor(), .padding() trên toàn bộ giao diện.	SPECIFIC_IMPL	CIO-VISUAL_DESIGN-COMPARE_SWIFTUI_DESIGN_AGAINST	VISUAL_DESIGN	Apply	Procedural	
SIO-SWIFT-CLASSIFY_SECURITY_CHALLENGES_BY	Classify security challenges by origin and impact in Swift apps	Người học có khả năng phân loại các thách thức bảo mật trong ứng dụng Swift dựa trên nguồn gốc (mạng, lưu trữ, nhập liệu) và tác động đến ba thuộc tính CIA (Confidentiality, Integrity, Availability) bằng cách sử dụng các API như URLSession, Keychain, và Core Data.	SPECIFIC_IMPL	CIO-SECURITY_CHALLENGES-CLASSIFY_SECURITY_CHALLENGES_IN	SECURITY_CHALLENGES	Apply	Procedural	
SIO-SWIFT-CLASSIFY_SECURITY_CHALLENGES_USING	Classify security challenges using OWASP Mobile Top 10 in Swift	Người học có khả năng sử dụng danh sách OWASP Mobile Top 10 để phân loại các lỗ hổng bảo mật trong code Swift, ví dụ: M1 (Improper Platform Usage) liên quan đến việc sử dụng sai API Swift, M2 (Insecure Data Storage) liên quan đến UserDefaults hoặc Keychain.	SPECIFIC_IMPL	CIO-SECURITY_CHALLENGES-CLASSIFY_SECURITY_CHALLENGES_IN	SECURITY_CHALLENGES	Apply	Procedural	
SIO-SWIFT-IDENTIFY_SECURITY_CHALLENGE_TYPE	Identify security challenge type using indicator checklist in Swift	Người học có khả năng sử dụng checklist các dấu hiệu (crash, lỗi runtime, hành vi bất thường) để xác định loại tấn công trong ứng dụng Swift, ví dụ: phát hiện tấn công buffer overflow qua lỗi EXC_BAD_ACCESS hoặc tấn công injection qua lỗi SQLite.	SPECIFIC_IMPL	CIO-SECURITY_CHALLENGES-USE_SWIFT_SPECIFIC_CHECKLIST	SECURITY_CHALLENGES	Apply	Procedural	
SIO-SWIFT-DETECT_KEYCHAIN_STORAGE_VULNERABILITIES	Detect keychain storage vulnerabilities using Security framework indicators	Người học có khả năng sử dụng các indicator từ Swift's Security framework (ví dụ: kết quả trả về từ SecItemCopyMatching, SecItemAdd) để phát hiện lỗ hổng lưu trữ keychain như lưu mật khẩu dạng plaintext hoặc thiếu access control.	SPECIFIC_IMPL	CIO-SECURITY_CHALLENGES-USE_SWIFT_SPECIFIC_CHECKLIST	SECURITY_CHALLENGES	Apply	Procedural	
SIO-SWIFT-ANALYZE_IMPACT_OF_SQL	Analyze impact of SQL injection on integrity in Core Data (Swift)	Người học có khả năng phân tích tác động của lỗ hổng SQL injection trong Core Data (Swift) lên tính toàn vẹn dữ liệu, bao gồm việc sử dụng NSPredicate với input không được kiểm soát dẫn đến thay đổi dữ liệu trái phép.	SPECIFIC_IMPL	CIO-SECURITY_CHALLENGES-ANALYZE_IMPACT_OF_SWIFT	SECURITY_CHALLENGES	Apply	Procedural	
SIO-SWIFT-ANALYZE_IMPACT_OF_PLAINTEXT	Analyze impact of plaintext password storage on confidentiality and availability in Swift	Người học có khả năng đánh giá ảnh hưởng của việc lưu trữ mật khẩu dạng plaintext trong UserDefaults (Swift) lên tính bảo mật (confidentiality) và khả dụng (availability), ví dụ: khi ứng dụng bị tấn công vật lý hoặc sao lưu iCloud không mã hóa.	SPECIFIC_IMPL	CIO-SECURITY_CHALLENGES-ANALYZE_IMPACT_OF_SWIFT	SECURITY_CHALLENGES	Apply	Procedural	
SIO-SWIFT-EVALUATE_SEVERITY_OF_SECURITY	Evaluate Severity of Security Impact Using Predefined Criteria in Swift	Người học có khả năng đánh giá mức độ nghiêm trọng của tác động từ một thách thức bảo mật trong ứng dụng Swift dựa trên các tiêu chí định trước như mức độ ảnh hưởng đến dữ liệu, khả năng khai thác, và phạm vi ảnh hưởng.	SPECIFIC_IMPL	CIO-SECURITY_CHALLENGES-EVALUATE_SEVERITY_OF_SECURITY	SECURITY_CHALLENGES	Apply	Procedural	
SIO-SWIFT-CLASSIFY_SEVERITY_OF_SWIFT	Classify Severity of Swift Security Vulnerabilities Using CVSS Scoring	Người học có khả năng phân loại mức độ nghiêm trọng của lỗ hổng bảo mật trong mã Swift dựa trên thang điểm CVSS (Common Vulnerability Scoring System) để ưu tiên xử lý.	SPECIFIC_IMPL	CIO-SECURITY_CHALLENGES-EVALUATE_SEVERITY_OF_SECURITY	SECURITY_CHALLENGES	Apply	Procedural	
SIO-SWIFT-APPLY_5_WHYS_TECHNIQUE	Apply 5 Whys Technique to Identify Root Cause of Swift Security Incident	Người học có khả năng áp dụng kỹ thuật 5 Whys để truy vết nguyên nhân gốc rễ của một sự cố bảo mật xảy ra trong ứng dụng Swift, từ đó xác định điểm yếu trong code.	SPECIFIC_IMPL	CIO-SECURITY_CHALLENGES-APPLY_5_WHYS_TECHNIQUE	SECURITY_CHALLENGES	Apply	Procedural	
SIO-SWIFT-USE_FISHBONE_DIAGRAM_TO	Use Fishbone Diagram to Analyze Root Cause of Swift Security Vulnerability	Người học có khả năng sử dụng sơ đồ xương cá (Ishikawa) để phân tích các nguyên nhân tiềm ẩn dẫn đến lỗ hổng bảo mật trong mã Swift, bao gồm con người, quy trình, công nghệ.	SPECIFIC_IMPL	CIO-SECURITY_CHALLENGES-APPLY_5_WHYS_TECHNIQUE	SECURITY_CHALLENGES	Apply	Procedural	
SIO-SWIFT-CONSTRUCT_CAUSE_EFFECT_CHAIN	Construct Cause-Effect Chain from Swift Security Incident	Người học có khả năng xây dựng chuỗi nguyên nhân-hậu quả từ một sự cố bảo mật thực tế trong ứng dụng Swift, xác định các bước trung gian và điểm quyết định dẫn đến hậu quả.	SPECIFIC_IMPL	CIO-SECURITY_CHALLENGES-CONSTRUCT_CAUSE_EFFECT_CHAIN	SECURITY_CHALLENGES	Apply	Procedural	
SIO-SWIFT-MODEL_ATTACK_CHAIN_FOR	Model Attack Chain for Swift Security Incident Analysis	Người học có khả năng mô hình hóa chuỗi tấn công (attack chain) từ điểm xâm nhập đến hậu quả cuối cùng trong ứng dụng Swift, giúp hiểu rõ cơ chế khai thác.	SPECIFIC_IMPL	CIO-SECURITY_CHALLENGES-CONSTRUCT_CAUSE_EFFECT_CHAIN	SECURITY_CHALLENGES	Apply	Procedural	
SIO-SWIFT-EXECUTE_SEQUENTIAL_DEBUGGING_PROCESS	Execute Sequential Debugging Process on Swift Code in Xcode	Người học có khả năng thực hiện quy trình gỡ lỗi tuần tự gồm tái tạo lỗi, cô lập nguyên nhân, sửa lỗi và kiểm tra lại trên mã nguồn Swift sử dụng Xcode.	SPECIFIC_IMPL	CIO-DEBUGGING-EXECUTE_SEQUENTIAL_DEBUGGING_PROCESS	DEBUGGING	Apply	Procedural	
SIO-SWIFT-APPLY_DEBUGGING_WORKFLOW_USING	Apply Debugging Workflow Using LLDB and Breakpoints in Swift	Người học có khả năng áp dụng quy trình gỡ lỗi tuần tự trên Swift bằng cách sử dụng LLDB và các breakpoint trong Xcode để tái tạo, cô lập, sửa và kiểm tra lỗi.	SPECIFIC_IMPL	CIO-DEBUGGING-EXECUTE_SEQUENTIAL_DEBUGGING_PROCESS	DEBUGGING	Apply	Procedural	
SIO-SWIFT-SET_CONDITIONAL_BREAKPOINT_IN	Set Conditional Breakpoint in Xcode to Inspect Swift Variable State	Người học có khả năng thiết lập điểm dừng có điều kiện (conditional breakpoint) trong Xcode tại vị trí nghi ngờ trong luồng thực thi Swift, với điều kiện dựa trên giá trị biến hoặc biểu thức.	SPECIFIC_IMPL	CIO-DEBUGGING-SET_CONDITIONAL_BREAKPOINT_IN	DEBUGGING	Apply	Procedural	
SIO-SWIFT-USE_BREAKPOINT_ACTION_TO	Use Breakpoint Action to Log Swift Variable Values Without Stopping	Người học có khả năng thiết lập breakpoint trong Xcode với hành động (action) như log message hoặc debugger command để kiểm tra trạng thái biến Swift mà không làm dừng chương trình.	SPECIFIC_IMPL	CIO-DEBUGGING-SET_CONDITIONAL_BREAKPOINT_IN	DEBUGGING	Apply	Procedural	
SIO-SWIFT-USE_PRINT_WITH_LEVEL_PREFIX	Sử dụng hàm print với tiền tố cấp độ để ghi log trong Swift	"Người học có khả năng chèn câu lệnh `print(""DEBUG: ..."")` hoặc `print(""INFO: ..."")` trong mã nguồn Swift để ghi nhật ký theo dõi hành vi chương trình với các cấp độ khác nhau."	SPECIFIC_IMPL	CIO-DEBUGGING-USE_PRINT_WITH_LEVEL	DEBUGGING	Apply	Procedural	
SIO-SWIFT-USE_OS_LOG_WITH_LOG_LEVELS	Sử dụng framework os_log với các cấp độ log trong Swift	Người học có khả năng sử dụng API `os_log` (từ module OSLog) trong Swift với các cấp độ `.debug`, `.info`, `.error` để ghi nhật ký có cấp độ, hỗ trợ theo dõi hành vi và phân tích lỗi.	SPECIFIC_IMPL	CIO-DEBUGGING-USE_PRINT_WITH_LEVEL	DEBUGGING	Apply	Procedural	
SIO-SWIFT-USE_STEP_INTO_AND_STEP_OUT_IN_XCODE	Sử dụng lệnh Step Over trong Xcode debugger để thực thi từng dòng Swift	Người học có khả năng sử dụng nút Step Over (F6) trong Xcode debugger để thực thi từng dòng lệnh Swift, quan sát luồng điều khiển và giá trị biến thay đổi.	SPECIFIC_IMPL	CIO-DEBUGGING-USE_STEP_INTO_AND	DEBUGGING	Apply	Procedural	
SIO-SWIFT-USE_STEP_INTO_AND_STEP_OUT_IN_XCODE_2	Sử dụng lệnh Step Into và Step Out trong Xcode debugger để đi sâu vào hàm Swift	Người học có khả năng sử dụng nút Step Into (F7) để đi vào bên trong hàm Swift và Step Out (F8) để quay lại hàm gọi, nhằm quan sát chi tiết luồng điều khiển.	SPECIFIC_IMPL	CIO-DEBUGGING-USE_STEP_INTO_AND	DEBUGGING	Apply	Procedural	
SIO-SWIFT-INSERT_PRINT_AT_MIDPOINT	Chèn câu lệnh print tại điểm giữa mã Swift để loại trừ nhị phân	"Người học có khả năng chèn câu lệnh `print(""Checkpoint A"")` hoặc breakpoint tại vị trí chia đôi mã nguồn Swift, sau đó chạy chương trình để xác định nửa chứa lỗi, áp dụng phương pháp loại trừ nhị phân."	SPECIFIC_IMPL	CIO-DEBUGGING-INSERT_PRINT_AT_MIDPOINT	DEBUGGING	Apply	Procedural	
SIO-SWIFT-USE_ASSERT_OR_PRECONDITION_AT_MIDPOINT	Sử dụng assert hoặc precondition trong Swift để kiểm tra giả thuyết tại điểm chia đôi	Người học có khả năng sử dụng `assert(condition, message)` hoặc `precondition(condition, message)` trong Swift tại các điểm chia đôi mã nguồn để kiểm tra giả thuyết về trạng thái chương trình, hỗ trợ loại trừ nhị phân.	SPECIFIC_IMPL	CIO-DEBUGGING-INSERT_PRINT_AT_MIDPOINT	DEBUGGING	Apply	Procedural	
SIO-SWIFT-USE_5_WHYS_ON_SWIFT_LOG	Đặt chuỗi câu hỏi Tại sao dựa trên log Swift để truy vết nguyên nhân gốc rễ	Người học có khả năng đặt liên tiếp câu hỏi 'Tại sao?' dựa trên các dòng log Swift (ví dụ: từ `print` hoặc `os_log`) để đi từ triệu chứng lỗi bề mặt đến nguyên nhân gốc rễ.	SPECIFIC_IMPL	CIO-DEBUGGING-USE_5_WHYS_ON	DEBUGGING	Apply	Procedural	
SIO-SWIFT-COMBINE_CONDITIONAL_BREAKPOINT_WITH_5_WHYS	Kết hợp breakpoint có điều kiện trong Xcode với kỹ thuật 5 Whys trong Swift	Người học có khả năng thiết lập breakpoint có điều kiện (conditional breakpoint) trong Xcode trên mã Swift, sau đó đặt câu hỏi 'Tại sao?' dựa trên giá trị biến tại breakpoint để truy vết nguyên nhân gốc rễ.	SPECIFIC_IMPL	CIO-DEBUGGING-USE_5_WHYS_ON	DEBUGGING	Apply	Procedural	
SIO-SWIFT-DESCRIBE_STRUCT_MEMBERWISE_INITIALIZATION	Mô tả quy trình cấp phát bộ nhớ và khởi tạo đối tượng class trong Swift	Người học có khả năng mô tả tuần tự các bước: cấp phát vùng nhớ cho instance của class Swift, gọi hàm khởi tạo `init`, và giải phóng bộ nhớ qua `deinit`.	SPECIFIC_IMPL	CIO-OBJECT_INSTANTIATION-DESCRIBE_STRUCT_MEMBERWISE_INITIALIZATION	OBJECT_INSTANTIATION	Apply	Procedural	
SIO-SWIFT-DESCRIBE_STRUCT_MEMBERWISE_INITIALIZATION_2	Mô tả quy trình khởi tạo struct Swift với memberwise initializer tự động	Người học có khả năng mô tả quy trình cấp phát bộ nhớ cho instance của struct Swift và sử dụng memberwise initializer tự động do Swift cung cấp để khởi tạo tất cả stored properties.	SPECIFIC_IMPL	CIO-OBJECT_INSTANTIATION-DESCRIBE_STRUCT_MEMBERWISE_INITIALIZATION	OBJECT_INSTANTIATION	Apply	Procedural	
SIO-SWIFT-ANALYZE_HOW_INITIALIZER_PARAMETERS	Analyze How Initializer Parameters Affect Object State in Swift	Người học có khả năng phân tích cách các tham số truyền vào hàm tạo (init) trong Swift ảnh hưởng đến trạng thái ban đầu của đối tượng, bao gồm việc gán giá trị cho thuộc tính và xác định các giá trị mặc định.	SPECIFIC_IMPL	CIO-OBJECT_INSTANTIATION-ANALYZE_HOW_INITIALIZER_PARAMETERS	OBJECT_INSTANTIATION	Apply	Procedural	
SIO-SWIFT-DISTINGUISH_BETWEEN_LABELED_AND	Distinguish Between Labeled and Unlabeled Parameters in Swift Initializers	Người học có khả năng phân biệt vai trò của tham số có nhãn (argument label) và tham số không nhãn (underscore _) trong hàm tạo Swift, và giải thích cách chúng ảnh hưởng đến cú pháp gọi hàm tạo.	SPECIFIC_IMPL	CIO-OBJECT_INSTANTIATION-ANALYZE_HOW_INITIALIZER_PARAMETERS	OBJECT_INSTANTIATION	Apply	Procedural	
SIO-SWIFT-CALL_A_SWIFT_CLASS	Call a Swift Class Initializer with Appropriate Arguments	Người học có khả năng sử dụng cú pháp gọi hàm tạo (init) của một lớp Swift, truyền các đối số cần thiết theo đúng thứ tự và nhãn để khởi tạo đối tượng.	SPECIFIC_IMPL	CIO-OBJECT_INSTANTIATION-CALL_A_SWIFT_CLASS	OBJECT_INSTANTIATION	Apply	Procedural	
SIO-SWIFT-INITIALIZE_A_SWIFT_STRUCT	Initialize a Swift Struct by Calling Its Memberwise Initializer with Parameters	Người học có khả năng khởi tạo một struct Swift bằng cách gọi hàm tạo thành viên (memberwise initializer) do Swift tự động sinh ra, truyền các đối số cho tất cả thuộc tính.	SPECIFIC_IMPL	CIO-OBJECT_INSTANTIATION-CALL_A_SWIFT_CLASS	OBJECT_INSTANTIATION	Apply	Procedural	
SIO-SWIFT-CREATE_A_SWIFT_OBJECT	Create a Swift Object Using a No-Argument Initializer	Người học có khả năng tạo đối tượng của một lớp Swift bằng cách gọi hàm tạo không tham số, khi lớp đó có init() được định nghĩa hoặc kế thừa.	SPECIFIC_IMPL	CIO-OBJECT_INSTANTIATION-CREATE_A_SWIFT_OBJECT	OBJECT_INSTANTIATION	Apply	Procedural	
SIO-SWIFT-USE_DEFAULT_PROPERTY_VALUES	Use Default Property Values in Swift to Initialize Objects Without Parameters	Người học có khả năng khai báo các thuộc tính trong Swift với giá trị mặc định, sau đó tạo đối tượng bằng cách gọi hàm tạo không tham số, tận dụng các giá trị mặc định đó.	SPECIFIC_IMPL	CIO-OBJECT_INSTANTIATION-CREATE_A_SWIFT_OBJECT	OBJECT_INSTANTIATION	Apply	Procedural	
SIO-SWIFT-COMPARE_DIRECT_INITIALIZATION_VIA	Compare Direct Initialization via Swift Initializer vs. Static Factory Method	Người học có khả năng so sánh sự khác biệt giữa việc tạo đối tượng trực tiếp qua hàm tạo (init) và việc sử dụng phương thức factory tĩnh (static method) trong Swift, bao gồm khả năng kiểm soát quá trình tạo và tính linh hoạt.	SPECIFIC_IMPL	CIO-OBJECT_INSTANTIATION-COMPARE_DIRECT_INITIALIZATION_VIA	OBJECT_INSTANTIATION	Apply	Procedural	
SIO-SWIFT-ANALYZE_ADVANTAGES_OF_FACTORY	Analyze Advantages of Factory Methods in Swift for Complex Object Creation	Người học có khả năng phân tích các ưu điểm của việc sử dụng phương thức factory trong Swift (ví dụ: tái sử dụng logic, trả về kiểu con, che giấu chi tiết khởi tạo) so với khởi tạo trực tiếp.	SPECIFIC_IMPL	CIO-OBJECT_INSTANTIATION-COMPARE_DIRECT_INITIALIZATION_VIA	OBJECT_INSTANTIATION	Apply	Procedural	
SIO-SWIFT-ANALYZE_HOW_DEPENDENCY_INJECTION	Analyze How Dependency Injection in Swift Enables Object Creation Without Knowing Dependency Details	Người học có khả năng phân tích cách dependency injection (tiêm phụ thuộc) trong Swift cho phép tạo đối tượng mà không cần biết chi tiết khởi tạo của các dependency, thông qua việc truyền dependency từ bên ngoài.	SPECIFIC_IMPL	CIO-OBJECT_INSTANTIATION-ANALYZE_HOW_DEPENDENCY_INJECTION	OBJECT_INSTANTIATION	Apply	Procedural	
SIO-SWIFT-COMPARE_CONSTRUCTOR_INJECTION_VS	Compare Constructor Injection vs. Property Injection in Swift	Người học có khả năng so sánh hai hình thức dependency injection phổ biến trong Swift: tiêm qua hàm tạo (constructor injection) và tiêm qua thuộc tính (property injection), bao gồm ưu nhược điểm và trường hợp sử dụng.	SPECIFIC_IMPL	CIO-OBJECT_INSTANTIATION-ANALYZE_HOW_DEPENDENCY_INJECTION	OBJECT_INSTANTIATION	Apply	Procedural	
SIO-SWIFT-IMPLEMENT_EVENT_DRIVEN_PATTERN_IN_SWIFT_USING_SWIFTUIS_ONTAPGESTURE_AND_ONCHANGE_MODIFIERS	Implement event-driven pattern in Swift using @IBAction and UIControl events	Người học có khả năng triển khai mô hình lập trình hướng sự kiện trong Swift bằng cách sử dụng @IBAction để kết nối giao diện người dùng với mã xử lý sự kiện từ UIControl.	SPECIFIC_IMPL	CIO-EVENT_HANDLERS_CONCEPT-IMPLEMENT_EVENT_DRIVEN_PATTERN	EVENT_HANDLERS_CONCEPT	Apply	Procedural	
SIO-SWIFT-IMPLEMENT_EVENT_DRIVEN_PATTERN_IN_SWIFT_USING_SWIFTUIS_ONTAPGESTURE_AND_ONCHANGE_MODIFIERS_2	Implement event-driven pattern in Swift using SwiftUI's onTapGesture and onChange modifiers	Người học có khả năng triển khai mô hình lập trình hướng sự kiện trong Swift bằng cách sử dụng các modifier onTapGesture và onChange trong SwiftUI để phản ứng với tương tác người dùng.	SPECIFIC_IMPL	CIO-EVENT_HANDLERS_CONCEPT-IMPLEMENT_EVENT_DRIVEN_PATTERN	EVENT_HANDLERS_CONCEPT	Apply	Procedural	
SIO-SWIFT-TRACE_EVENT_FLOW_FROM_USER_ACTION_TO_HANDLER_INVOCATION_IN_SWIFT_USING_UIAPPLICATION_AND_UIRESPONDER_CHAIN	Trace event flow from user action to handler invocation in Swift using UIApplication and UIResponder chain	Người học có khả năng theo dõi luồng sự kiện từ hành động người dùng đến khi gọi hàm xử lý trong Swift bằng cách sử dụng UIApplication và chuỗi UIResponder.	SPECIFIC_IMPL	CIO-EVENT_HANDLERS_CONCEPT-TRACE_EVENT_FLOW_FROM	EVENT_HANDLERS_CONCEPT	Apply	Procedural	
SIO-SWIFT-TRACE_EVENT_FLOW_IN_SWIFTUI_USING_THE_VIEW_HIERARCHY_AND_ONRECEIVE_MODIFIER	Trace event flow in SwiftUI using the View hierarchy and onReceive modifier	Người học có khả năng theo dõi luồng sự kiện trong SwiftUI bằng cách sử dụng hệ thống phân cấp View và modifier onReceive để xử lý sự kiện từ publisher.	SPECIFIC_IMPL	CIO-EVENT_HANDLERS_CONCEPT-TRACE_EVENT_FLOW_FROM	EVENT_HANDLERS_CONCEPT	Apply	Procedural	
SIO-SWIFT-REGISTER_CALLBACK_TO_UIBUTTONS_TOUCHUPINSIDE_EVENT_IN_SWIFT_USING_ADDTARGET_ACTION_FOR	Register callback to UIButton's touchUpInside event in Swift using addTarget(_:action:for:)	Người học có khả năng gắn một hàm xử lý (callback) vào sự kiện touchUpInside của UIButton trong Swift bằng phương thức addTarget(_:action:for:).	SPECIFIC_IMPL	CIO-EVENT_HANDLERS_CONCEPT-REGISTER_CALLBACK_TO_UIBUTTONS	EVENT_HANDLERS_CONCEPT	Apply	Procedural	
SIO-SWIFT-REGISTER_CALLBACK_TO_SWIFTUI_BUTTONS_ACTION_CLOSURE	Register callback to SwiftUI Button's action closure	Người học có khả năng gắn một closure xử lý vào sự kiện tap của Button trong SwiftUI bằng cách truyền closure vào tham số action của Button.	SPECIFIC_IMPL	CIO-EVENT_HANDLERS_CONCEPT-REGISTER_CALLBACK_TO_UIBUTTONS	EVENT_HANDLERS_CONCEPT	Apply	Procedural	
SIO-SWIFT-ANALYZE_EVENT_PROPAGATION_IN_SWIFTUI_USING_ALLOWSHITTESTING_AND_CONTENTSHAPE_TO_CONTROL_TOUCH_DELIVERY	Analyze event propagation in UIKit using hitTest(_:with:) and touchesBegan(_:with:) to prevent propagation	Người học có khả năng phân tích cơ chế lan truyền sự kiện trong UIKit bằng cách sử dụng hitTest(_:with:) và touchesBegan(_:with:) để ngăn chặn sự kiện lan truyền qua các view con.	SPECIFIC_IMPL	CIO-EVENT_HANDLERS_CONCEPT-ANALYZE_EVENT_PROPAGATION_IN	EVENT_HANDLERS_CONCEPT	Analyze	Procedural	
SIO-SWIFT-ANALYZE_EVENT_PROPAGATION_IN_SWIFTUI_USING_ALLOWSHITTESTING_AND_CONTENTSHAPE_TO_CONTROL_TOUCH_DELIVERY_2	Analyze event propagation in SwiftUI using allowsHitTesting and contentShape to control touch delivery	Người học có khả năng phân tích cơ chế lan truyền sự kiện trong SwiftUI bằng cách sử dụng modifier allowsHitTesting và contentShape để kiểm soát việc nhận sự kiện chạm.	SPECIFIC_IMPL	CIO-EVENT_HANDLERS_CONCEPT-ANALYZE_EVENT_PROPAGATION_IN	EVENT_HANDLERS_CONCEPT	Analyze	Procedural	
SIO-SWIFT-HANDLE_MULTIPLE_EVENTS_TOUCHDOWN_TOUCHUPINSIDE_ON_A_SINGLE_UIBUTTON_IN_SWIFT_USING_SEPARATE_IBACTION_METHODS	Handle multiple events (touchDown, touchUpInside) on a single UIButton in Swift using separate @IBAction methods	Người học có khả năng xử lý nhiều sự kiện khác nhau (touchDown, touchUpInside) trên cùng một UIButton trong Swift bằng cách tạo các phương thức @IBAction riêng biệt cho mỗi sự kiện.	SPECIFIC_IMPL	CIO-EVENT_HANDLERS_CONCEPT-HANDLE_MULTIPLE_EVENTS_TOUCHDOWN	EVENT_HANDLERS_CONCEPT	Apply	Procedural	
SIO-SWIFT-HANDLE_MULTIPLE_EVENTS_TAP_LONGPRESS_ON_A_SINGLE_SWIFTUI_VIEW_USING_SIMULTANEOUSGESTURE_AND_HIGHPRIORITYGESTURE	Handle multiple events (tap, longPress) on a single SwiftUI view using simultaneousGesture and highPriorityGesture	Người học có khả năng xử lý nhiều sự kiện khác nhau (tap, longPress) trên cùng một view trong SwiftUI bằng cách sử dụng simultaneousGesture và highPriorityGesture để quản lý thứ tự ưu tiên.	SPECIFIC_IMPL	CIO-EVENT_HANDLERS_CONCEPT-HANDLE_MULTIPLE_EVENTS_TOUCHDOWN	EVENT_HANDLERS_CONCEPT	Apply	Procedural	
SIO-SWIFT-IDENTIFY_PROPERTY_AS_KEY_VALUE_PAIR_USING_SWIFT_SYNTAX	Identify Property as Key-Value Pair Using Swift Syntax	Người học có khả năng sử dụng cú pháp khai báo thuộc tính trong Swift (var/let) để xác định cặp tên-giá trị trong struct hoặc class, ví dụ: struct Person { var name: String; let id: Int }.	SPECIFIC_IMPL	CIO-OBJECT_PROPERTIES-IDENTIFY_PROPERTY_AS_KEY	OBJECT_PROPERTIES	Apply	Procedural	
SIO-SWIFT-DISTINGUISH_STORED_AND_COMPUTED_PROPERTIES_IN_SWIFT	Distinguish Stored and Computed Properties in Swift	Người học có khả năng phân biệt stored property (lưu trữ giá trị trực tiếp) và computed property (tính toán giá trị mỗi khi truy cập) trong Swift dựa trên cú pháp và hành vi, ví dụ: var stored: Int = 5; var computed: Int { return stored * 2 }.	SPECIFIC_IMPL	CIO-OBJECT_PROPERTIES-IDENTIFY_PROPERTY_AS_KEY	OBJECT_PROPERTIES	Apply	Procedural	
SIO-SWIFT-APPLY_PROPERTY_OBSERVERS_TO_MANAGE_STATE_CHANGES_IN_SWIFT	Apply Property Observers to Manage State Changes in Swift	"Người học có khả năng áp dụng property observers (willSet/didSet) trong Swift để theo dõi và phản ứng khi trạng thái của stored property thay đổi, ví dụ: var score: Int = 0 { willSet { print(""About to change to \(newValue)"") } }."	SPECIFIC_IMPL	CIO-OBJECT_PROPERTIES-APPLY_PROPERTY_OBSERVERS_TO	OBJECT_PROPERTIES	Apply	Procedural	
SIO-SWIFT-USE_COMPUTED_PROPERTY_TO_PROVIDE_READ_ONLY_OR_DERIVED_STATE_IN_SWIFT	Use Computed Property to Provide Read-Only or Derived State in Swift	"Người học có khả năng sử dụng computed property trong Swift để cung cấp quyền truy cập chỉ đọc hoặc tính toán giá trị từ các thuộc tính khác, ví dụ: var fullName: String { return ""\(firstName) \(lastName)"" }."	SPECIFIC_IMPL	CIO-OBJECT_PROPERTIES-APPLY_PROPERTY_OBSERVERS_TO	OBJECT_PROPERTIES	Apply	Procedural	
SIO-SWIFT-ACCESS_AND_UPDATE_STORED_PROPERTY_VIA_INSTANCE_IN_SWIFT	Access and Update Stored Property via Instance in Swift	"Người học có khả năng truy xuất và thay đổi giá trị của stored property trong Swift thông qua instance, sử dụng cú pháp dấu chấm, ví dụ: person.name = ""Alice""; let n = person.name."	SPECIFIC_IMPL	CIO-OBJECT_PROPERTIES-ACCESS_AND_UPDATE_STORED	OBJECT_PROPERTIES	Apply	Procedural	
SIO-SWIFT-USE_SUBSCRIPT_TO_ACCESS_AND_UPDATE_KEY_VALUE_STATE_IN_SWIFT	Use Subscript to Access and Update Key-Value State in Swift	"Người học có khả năng sử dụng subscript trong Swift để truy xuất và cập nhật trạng thái dạng key-value, ví dụ: dictionary[""key""] = value; let v = array[index]."	SPECIFIC_IMPL	CIO-OBJECT_PROPERTIES-ACCESS_AND_UPDATE_STORED	OBJECT_PROPERTIES	Apply	Procedural	
SIO-SWIFT-DEFINE_CUSTOM_GETTER_AND_SETTER_FOR_COMPUTED_PROPERTY_IN_SWIFT	Define Custom Getter and Setter for Computed Property in Swift	Người học có khả năng định nghĩa getter và setter tùy chỉnh trong Swift cho computed property để kiểm soát việc đọc và ghi, ví dụ: var radius: Double { get { ... } set { ... } }.	SPECIFIC_IMPL	CIO-OBJECT_PROPERTIES-DEFINE_CUSTOM_GETTER_AND	OBJECT_PROPERTIES	Apply	Procedural	
SIO-SWIFT-USE_ACCESS_CONTROL_TO_RESTRICT_PROPERTY_WRITE_ACCESS_IN_SWIFT	Use Access Control to Restrict Property Write Access in Swift	Người học có khả năng sử dụng access control (private(set), public) trong Swift để giới hạn quyền truy cập ghi của thuộc tính, ví dụ: private(set) var count: Int = 0.	SPECIFIC_IMPL	CIO-OBJECT_PROPERTIES-DEFINE_CUSTOM_GETTER_AND	OBJECT_PROPERTIES	Apply	Procedural	
SIO-SWIFT-IDENTIFY_RETURN_STATEMENT_SYNTAX_IN_SWIFT_FUNCTIONS	Identify Return Statement Syntax in Swift Functions	Người học có khả năng nhận diện cú pháp return trong Swift để kết thúc hàm và trả về giá trị, bao gồm return với giá trị, return void (hoặc không return), và implicit return cho single-expression functions.	SPECIFIC_IMPL	CIO-RETURN_VALUES_AND_SCOPE-IDENTIFY_RETURN_STATEMENT_SYNTAX	RETURN_VALUES_AND_SCOPE	Apply	Procedural	
SIO-SWIFT-DISTINGUISH_RETURN_TYPES_IN_SWIFT_VOID_OPTIONAL_TUPLE	Distinguish Return Types in Swift: Void, Optional, Tuple	Người học có khả năng phân biệt các kiểu trả về (Void, optional, tuple) trong Swift và cách chúng ảnh hưởng đến cấu trúc kết thúc hàm, ví dụ: func foo() -> (Int, String)? { ... }.	SPECIFIC_IMPL	CIO-RETURN_VALUES_AND_SCOPE-IDENTIFY_RETURN_STATEMENT_SYNTAX	RETURN_VALUES_AND_SCOPE	Apply	Procedural	
SIO-SWIFT-DISTINGUISH_LOCAL_AND_GLOBAL_VARIABLES_IN_SWIFT_BASED_ON_DECLARATION_POSITION	Distinguish local and global variables in Swift based on declaration position	Người học có khả năng phân biệt biến cục bộ và biến toàn cục trong Swift dựa trên vị trí khai báo: biến khai báo bên ngoài hàm/class là toàn cục, biến khai báo bên trong hàm hoặc khối lệnh là cục bộ.	SPECIFIC_IMPL	CIO-RETURN_VALUES_AND_SCOPE-DISTINGUISH_LOCAL_AND_GLOBAL	RETURN_VALUES_AND_SCOPE	Apply	Procedural	
SIO-SWIFT-IDENTIFY_VARIABLE_SCOPE_WITHIN_SWIFT_CODE_BLOCKS_USING_BRACES	Identify variable scope within Swift code blocks using braces	Người học có khả năng nhận diện phạm vi của biến trong các khối lệnh Swift (if, for, while, function) dựa trên cặp dấu ngoặc nhọn {} và xác định biến nào có thể truy cập được bên trong hay bên ngoài khối.	SPECIFIC_IMPL	CIO-RETURN_VALUES_AND_SCOPE-DISTINGUISH_LOCAL_AND_GLOBAL	RETURN_VALUES_AND_SCOPE	Apply	Procedural	
SIO-SWIFT-EXPLAIN_LOCAL_VARIABLE_SCOPE_AND_RETURN_VALUE_MECHANISM_IN_SWIFT_FUNCTIONS	Explain local variable scope and return value mechanism in Swift functions	Người học có khả năng giải thích cách biến cục bộ trong hàm Swift chỉ tồn tại trong phạm vi hàm và giá trị trả về được sao chép ra ngoài thông qua câu lệnh return, đồng thời phân biệt giữa biến cục bộ và tham số hàm.	SPECIFIC_IMPL	CIO-RETURN_VALUES_AND_SCOPE-EXPLAIN_LOCAL_VARIABLE_SCOPE	RETURN_VALUES_AND_SCOPE	Apply	Procedural	
SIO-SWIFT-EXPLAIN_THE_FLOW_OF_RETURN_VALUE_FROM_A_SWIFT_FUNCTION_TO_THE_CALLER	Explain the flow of return value from a Swift function to the caller	Người học có khả năng giải thích luồng giá trị trả về từ hàm Swift: cách giá trị được tính toán trong hàm, kết thúc bằng từ khóa return, và được truyền lại cho nơi gọi hàm, bao gồm cả trường hợp hàm không trả về (Void).	SPECIFIC_IMPL	CIO-RETURN_VALUES_AND_SCOPE-EXPLAIN_LOCAL_VARIABLE_SCOPE	RETURN_VALUES_AND_SCOPE	Apply	Procedural	
SIO-SWIFT-DESCRIBE_VARIABLE_ACCESS_RULES_BASED_ON_SCOPE_IN_SWIFT	Describe variable access rules based on scope in Swift	Người học có khả năng mô tả quy tắc truy cập biến trong Swift: biến toàn cục có thể truy cập từ mọi nơi trong module, biến cục bộ chỉ truy cập được trong khối lệnh (block) nơi nó được khai báo, và biến trong phạm vi hàm không thể truy cập từ bên ngoài.	SPECIFIC_IMPL	CIO-RETURN_VALUES_AND_SCOPE-DESCRIBE_VARIABLE_ACCESS_RULES	RETURN_VALUES_AND_SCOPE	Apply	Procedural	
SIO-SWIFT-DESCRIBE_VARIABLE_SHADOWING_IN_SWIFT_AND_ITS_EFFECT_ON_DATA_ACCESS	Describe variable shadowing in Swift and its effect on data access	Người học có khả năng mô tả hiện tượng shadowing trong Swift khi một biến cục bộ có cùng tên với biến toàn cục, làm che khuất biến toàn cục trong phạm vi đó, và giải thích cách truy cập dữ liệu bị ảnh hưởng.	SPECIFIC_IMPL	CIO-RETURN_VALUES_AND_SCOPE-DESCRIBE_VARIABLE_ACCESS_RULES	RETURN_VALUES_AND_SCOPE	Apply	Procedural	
SIO-SWIFT-WRITE_A_SWIFT_FUNCTION_WITH_MULTIPLE_RETURN_STATEMENTS_IN_CONDITIONAL_BRANCHES	Write a Swift function that uses local variables and returns a value	Người học có khả năng viết hàm Swift nhận tham số đầu vào, khai báo biến cục bộ bằng let hoặc var, thực hiện tính toán, và trả về kết quả bằng câu lệnh return, đồng thời quản lý phạm vi biến trong hàm.	SPECIFIC_IMPL	CIO-RETURN_VALUES_AND_SCOPE-WRITE_A_SWIFT_FUNCTION	RETURN_VALUES_AND_SCOPE	Apply	Procedural	
SIO-SWIFT-WRITE_A_SWIFT_FUNCTION_WITH_MULTIPLE_RETURN_STATEMENTS_IN_CONDITIONAL_BRANCHES_2	Write a Swift function with multiple return statements in conditional branches	Người học có khả năng viết hàm Swift có nhiều câu lệnh return trong các nhánh if-else hoặc switch, quản lý biến cục bộ trong từng nhánh và đảm bảo mọi đường dẫn đều có return (hoặc throw) để tránh lỗi biên dịch.	SPECIFIC_IMPL	CIO-RETURN_VALUES_AND_SCOPE-WRITE_A_SWIFT_FUNCTION	RETURN_VALUES_AND_SCOPE	Apply	Procedural	
SIO-SWIFT-DESIGN_A_SWIFT_FUNCTION_WITH_SIDE_EFFECTS_ON_GLOBAL_STATE_AND_RETURN_VALUE	Design a Swift function using both global and local variables with controlled data flow	Người học có khả năng thiết kế hàm Swift sử dụng biến toàn cục (khai báo ngoài hàm) để lưu trạng thái và biến cục bộ để tính toán tạm thời, trả về kết quả qua return, đồng thời kiểm soát việc thay đổi biến toàn cục một cách có chủ đích.	SPECIFIC_IMPL	CIO-RETURN_VALUES_AND_SCOPE-DESIGN_A_SWIFT_FUNCTION	RETURN_VALUES_AND_SCOPE	Apply	Procedural	
SIO-SWIFT-DESIGN_A_SWIFT_FUNCTION_WITH_SIDE_EFFECTS_ON_GLOBAL_STATE_AND_RETURN_VALUE_2	Design a Swift function with side effects on global state and return value	Người học có khả năng thiết kế hàm Swift có side effect (thay đổi biến toàn cục hoặc in ra console) và trả về giá trị, giải thích cách luồng dữ liệu ra ngoài được kiểm soát thông qua return và tác động phụ lên biến toàn cục.	SPECIFIC_IMPL	CIO-RETURN_VALUES_AND_SCOPE-DESIGN_A_SWIFT_FUNCTION	RETURN_VALUES_AND_SCOPE	Apply	Procedural	
SIO-SWIFT-USE_RETURN_VALUE_AS_DIRECT_ARGUMENT_IN_SWIFT	Use Return Value as Direct Argument in Swift	Người học có khả năng sử dụng giá trị trả về từ một hàm Swift làm đối số trực tiếp cho một hàm khác, đồng thời quản lý phạm vi của biến trung gian (nếu có) bằng cách sử dụng hằng số hoặc biến cục bộ trong cùng phạm vi.	SPECIFIC_IMPL	CIO-RETURN_VALUES_AND_SCOPE-USE_RETURN_VALUE_AS	RETURN_VALUES_AND_SCOPE	Apply	Procedural	
SIO-SWIFT-ASSIGN_RETURN_VALUE_TO_CONSTANT_AND_USE_IN_SUBSEQUENT_EXPRESSION_IN_SWIFT	Assign Return Value to Constant and Use in Subsequent Expression in Swift	Người học có khả năng gán giá trị trả về từ một hàm Swift cho một hằng số (let) hoặc biến (var) trong phạm vi cục bộ, sau đó sử dụng hằng số/biến đó làm đầu vào cho các xử lý khác, đồng thời hiểu rõ phạm vi truy cập của biến đó.	SPECIFIC_IMPL	CIO-RETURN_VALUES_AND_SCOPE-USE_RETURN_VALUE_AS	RETURN_VALUES_AND_SCOPE	Apply	Procedural	
