code	name	description	metadata	created_at	updated_at	concept_codes
KW_VAR	var	Programming token: var (related: variable, declaration, assignment, scope)	"{""source"": ""reference_glossary"", ""related_terms"": [""variable"", ""declaration"", ""assignment"", ""scope"", ""mutable""], ""extracted_at"": ""2026-08-03T12:28:05.420968""}"	2026-08-03T12:28:05.420987	2026-08-03T12:28:05.420988	"[""PRIMITIVE_TYPE_DECLARATION"", ""REFERENCE_TYPE_DECLARATION""]"
KW_LET	let	Programming token: let (related: variable, declaration, assignment, scope)	"{""source"": ""reference_glossary"", ""related_terms"": [""variable"", ""declaration"", ""assignment"", ""scope"", ""block"", ""immutable_binding""], ""extracted_at"": ""2026-08-03T12:28:05.421120""}"	2026-08-03T12:28:05.421127	2026-08-03T12:28:05.421128	"[""PRIMITIVE_TYPE_DECLARATION"", ""REFERENCE_TYPE_DECLARATION"", ""VISUAL_BLOCK_TO_CODE_TRANSITION"", ""COLOR_THEORY_AND_PALETTE_DESIGN""]"
KW_CONST	const	Programming token: const (related: constant, immutable, declaration, assignment)	"{""source"": ""reference_glossary"", ""related_terms"": [""constant"", ""immutable"", ""declaration"", ""assignment"", ""compile_time""], ""extracted_at"": ""2026-08-03T12:28:05.421240""}"	2026-08-03T12:28:05.421244	2026-08-03T12:28:05.421245	"[""PRIMITIVE_TYPE_DECLARATION"", ""REFERENCE_TYPE_DECLARATION"", ""PHYSICS_CONSTRAINTS_CONCEPT""]"
KW_FUNCTION	function	Programming token: function (related: function, declaration, call, parameter)	"{""source"": ""reference_glossary"", ""related_terms"": [""function"", ""declaration"", ""call"", ""parameter"", ""return"", ""signature""], ""extracted_at"": ""2026-08-03T12:28:05.421375""}"	2026-08-03T12:28:05.421378	2026-08-03T12:28:05.421379	"[""PRIMITIVE_TYPE_DECLARATION"", ""REFERENCE_TYPE_DECLARATION"", ""FIRST_CLASS_FUNCTIONS_CONCEPT"", ""IMMUTABILITY_CONCEPT"", ""PARAMETERIZED_QUANTUM_CIRCUITS""]"
KW_FUNC	func	Programming token: func (related: function, declaration, shorthand)	"{""source"": ""reference_glossary"", ""related_terms"": [""function"", ""declaration"", ""shorthand""], ""extracted_at"": ""2026-08-03T12:28:05.421459""}"	2026-08-03T12:28:05.421463	2026-08-03T12:28:05.421464	"[""PRIMITIVE_TYPE_DECLARATION"", ""REFERENCE_TYPE_DECLARATION"", ""FIRST_CLASS_FUNCTIONS_CONCEPT"", ""IMMUTABILITY_CONCEPT""]"
KW_DEF	def	Programming token: def (related: function, definition, python)	"{""source"": ""reference_glossary"", ""related_terms"": [""function"", ""definition"", ""python""], ""extracted_at"": ""2026-08-03T12:28:05.421543""}"	2026-08-03T12:28:05.421546	2026-08-03T12:28:05.421547	"[""CLASS_DEFINITION"", ""FIRST_CLASS_FUNCTIONS_CONCEPT"", ""IMMUTABILITY_CONCEPT""]"
KW_LAMBDA	lambda	Programming token: lambda (related: lambda, anonymous_function, closure, inline)	"{""source"": ""reference_glossary"", ""related_terms"": [""lambda"", ""anonymous_function"", ""closure"", ""inline""], ""extracted_at"": ""2026-08-03T12:28:05.421641""}"	2026-08-03T12:28:05.421644	2026-08-03T12:28:05.421645	"[""FIRST_CLASS_FUNCTIONS_CONCEPT""]"
KW_ARROW	arrow	Programming token: arrow (related: arrow_function, lambda, concise)	"{""source"": ""reference_glossary"", ""related_terms"": [""arrow_function"", ""lambda"", ""concise""], ""extracted_at"": ""2026-08-03T12:28:05.421722""}"	2026-08-03T12:28:05.421725	2026-08-03T12:28:05.421725	"[""FIRST_CLASS_FUNCTIONS_CONCEPT"", ""TYPES_OF_AI""]"
KW_RETURN	return	Programming token: return (related: return, function, value, exit)	"{""source"": ""reference_glossary"", ""related_terms"": [""return"", ""function"", ""value"", ""exit"", ""control_flow""], ""extracted_at"": ""2026-08-03T12:28:05.421836""}"	2026-08-03T12:28:05.421839	2026-08-03T12:28:05.421840	"[""KEY_VALUE_PERSISTENCE"", ""SINGULAR_VALUE_DECOMPOSITION"", ""FIRST_CLASS_FUNCTIONS_CONCEPT"", ""IMMUTABILITY_CONCEPT""]"
KW_PARAMETER	parameter	Programming token: parameter (related: parameter, argument, function, signature)	"{""source"": ""reference_glossary"", ""related_terms"": [""parameter"", ""argument"", ""function"", ""signature"", ""input""], ""extracted_at"": ""2026-08-03T12:28:05.421951""}"	2026-08-03T12:28:05.421954	2026-08-03T12:28:05.421955	"[""FIRST_CLASS_FUNCTIONS_CONCEPT"", ""IMMUTABILITY_CONCEPT"", ""PARAMETERIZED_QUANTUM_CIRCUITS""]"
KW_ARGUMENT	argument	Programming token: argument (related: argument, parameter, function, call)	"{""source"": ""reference_glossary"", ""related_terms"": [""argument"", ""parameter"", ""function"", ""call"", ""value""], ""extracted_at"": ""2026-08-03T12:28:05.422062""}"	2026-08-03T12:28:05.422065	2026-08-03T12:28:05.422066	"[""KEY_VALUE_PERSISTENCE"", ""SINGULAR_VALUE_DECOMPOSITION"", ""FIRST_CLASS_FUNCTIONS_CONCEPT"", ""IMMUTABILITY_CONCEPT"", ""PARAMETERIZED_QUANTUM_CIRCUITS""]"
KW_IF	if	Programming token: if (related: conditional, branch, control_flow, boolean)	"{""source"": ""reference_glossary"", ""related_terms"": [""conditional"", ""branch"", ""control_flow"", ""boolean""], ""extracted_at"": ""2026-08-03T12:28:05.422155""}"	2026-08-03T12:28:05.422159	2026-08-03T12:28:05.422159	"[""BOOLEAN_OPERATIONS_3D"", ""TRUTH_TABLES"", ""PRIMITIVE_TYPE_DECLARATION"", ""PROPOSITIONAL_LOGIC"", ""REGRESSION_CLASSIFICATION"", ""AFFORDANCES_SIGNIFIERS"", ""IMAGE_WARPING"", ""IF_ELSE_STATEMENT""]"
KW_ELSE	else	Programming token: else (related: conditional, branch, control_flow, alternative)	"{""source"": ""reference_glossary"", ""related_terms"": [""conditional"", ""branch"", ""control_flow"", ""alternative""], ""extracted_at"": ""2026-08-03T12:28:05.422247""}"	2026-08-03T12:28:05.422249	2026-08-03T12:28:05.422250	"[""IF_ELSE_STATEMENT""]"
KW_ELIF	elif	Programming token: elif (related: conditional, branch, elif, multiple_conditions)	"{""source"": ""reference_glossary"", ""related_terms"": [""conditional"", ""branch"", ""elif"", ""multiple_conditions""], ""extracted_at"": ""2026-08-03T12:28:05.422333""}"	2026-08-03T12:28:05.422336	2026-08-03T12:28:05.422337	"[""IF_ELSE_STATEMENT"", ""SWITCH_CASE""]"
KW_SWITCH	switch	Programming token: switch (related: switch, case, pattern_matching, control_flow)	"{""source"": ""reference_glossary"", ""related_terms"": [""switch"", ""case"", ""pattern_matching"", ""control_flow"", ""dispatch""], ""extracted_at"": ""2026-08-03T12:28:05.422435""}"	2026-08-03T12:28:05.422438	2026-08-03T12:28:05.422438	"[""ROUTERS_SWITCHES_CONCEPT"", ""SWITCH_CASE""]"
KW_CASE	case	Programming token: case (related: case, pattern, match, switch)	"{""source"": ""reference_glossary"", ""related_terms"": [""case"", ""pattern"", ""match"", ""switch""], ""extracted_at"": ""2026-08-03T12:28:05.422529""}"	2026-08-03T12:28:05.422532	2026-08-03T12:28:05.422533	"[""SWITCH_CASE"", ""MVVM_PATTERN"", ""PATTERN_RECOGNITION_CONCEPT"", ""ROUTERS_SWITCHES_CONCEPT"", ""CREATIONAL_PATTERNS"", ""STRUCTURAL_PATTERNS"", ""BEHAVIORAL_PATTERNS""]"
KW_DEFAULT	default	Programming token: default (related: default, case, fallback, switch)	"{""source"": ""reference_glossary"", ""related_terms"": [""default"", ""case"", ""fallback"", ""switch""], ""extracted_at"": ""2026-08-03T12:28:05.422616""}"	2026-08-03T12:28:05.422619	2026-08-03T12:28:05.422619	"[""SWITCH_CASE"", ""ROUTERS_SWITCHES_CONCEPT""]"
KW_MATCH	match	Programming token: match (related: match, pattern_matching, switch, rust)	"{""source"": ""reference_glossary"", ""related_terms"": [""match"", ""pattern_matching"", ""switch"", ""rust"", ""scala""], ""extracted_at"": ""2026-08-03T12:28:05.422741""}"	2026-08-03T12:28:05.422744	2026-08-03T12:28:05.422745	"[""ROUTERS_SWITCHES_CONCEPT"", ""SWITCH_CASE"", ""ZERO_TRUST_ARCHITECTURE""]"
KW_FOR	for	Programming token: for (related: loop, iteration, range, collection)	"{""source"": ""reference_glossary"", ""related_terms"": [""loop"", ""iteration"", ""range"", ""collection"", ""for_loop""], ""extracted_at"": ""2026-08-03T12:28:05.422862""}"	2026-08-03T12:28:05.422865	2026-08-03T12:28:05.422866	"[""FOR_LOOP"", ""SHARED_EDITING_ETIQUETTE"", ""PUBLISHER_SUBSCRIBER_MODEL"", ""NEURAL_SIGNAL_DECODING_BCI"", ""ARDUINO_BASICS"", ""WHILE_LOOP"", ""GAME_LOOP"", ""CLOSED_LOOP_NEUROSTIMULATION""]"
KW_WHILE	while	Programming token: while (related: loop, iteration, condition, while_loop)	"{""source"": ""reference_glossary"", ""related_terms"": [""loop"", ""iteration"", ""condition"", ""while_loop"", ""pre_test""], ""extracted_at"": ""2026-08-03T12:28:05.422982""}"	2026-08-03T12:28:05.422985	2026-08-03T12:28:05.422986	"[""WHILE_LOOP"", ""ARDUINO_BASICS"", ""FOR_LOOP"", ""GAME_LOOP"", ""CLOSED_LOOP_NEUROSTIMULATION"", ""ARRAY_OPERATIONS""]"
KW_DO	do	Programming token: do (related: do_while, loop, iteration, post_test)	"{""source"": ""reference_glossary"", ""related_terms"": [""do_while"", ""loop"", ""iteration"", ""post_test""], ""extracted_at"": ""2026-08-03T12:28:05.423082""}"	2026-08-03T12:28:05.423085	2026-08-03T12:28:05.423086	"[""ARDUINO_BASICS"", ""FOR_LOOP"", ""WHILE_LOOP"", ""GAME_LOOP"", ""CLOSED_LOOP_NEUROSTIMULATION"", ""ARRAY_OPERATIONS"", ""LIGHTING_AND_SHADOWS"", ""HTML_STRUCTURE""]"
KW_BREAK	break	Programming token: break (related: break, loop_control, exit, early_exit)	"{""source"": ""reference_glossary"", ""related_terms"": [""break"", ""loop_control"", ""exit"", ""early_exit""], ""extracted_at"": ""2026-08-03T12:28:05.423173""}"	2026-08-03T12:28:05.423175	2026-08-03T12:28:05.423176	"[""BREAKPOINTS""]"
KW_CONTINUE	continue	Programming token: continue (related: continue, loop_control, skip, next_iteration)	"{""source"": ""reference_glossary"", ""related_terms"": [""continue"", ""loop_control"", ""skip"", ""next_iteration""], ""extracted_at"": ""2026-08-03T12:28:05.423265""}"	2026-08-03T12:28:05.423269	2026-08-03T12:28:05.423270	"[""FOR_LOOP"", ""WHILE_LOOP""]"
KW_FOREACH	foreach	Programming token: foreach (related: foreach, iteration, collection, enumeration)	"{""source"": ""reference_glossary"", ""related_terms"": [""foreach"", ""iteration"", ""collection"", ""enumeration""], ""extracted_at"": ""2026-08-03T12:28:05.423359""}"	2026-08-03T12:28:05.423362	2026-08-03T12:28:05.423363	"[""FOR_LOOP"", ""WHILE_LOOP"", ""ARRAY_OPERATIONS""]"
KW_IN	in	Programming token: in (related: in, membership, iteration, collection)	"{""source"": ""reference_glossary"", ""related_terms"": [""in"", ""membership"", ""iteration"", ""collection"", ""operator""], ""extracted_at"": ""2026-08-03T12:28:05.423538""}"	2026-08-03T12:28:05.423541	2026-08-03T12:28:05.423542	"[""FOR_LOOP"", ""WHILE_LOOP"", ""ARRAY_OPERATIONS"", ""IO_METHODS_POLLING_INTERRUPT"", ""SCHEDULING_ALGORITHMS"", ""TROUBLESHOOTING_METHODOLOGY_CONCEPT"", ""ERROR_MESSAGES_CONCEPT"", ""SBC_BASICS""]"
KW_ASYNC	async	Programming token: async (related: async, await, promise, future)	"{""source"": ""reference_glossary"", ""related_terms"": [""async"", ""await"", ""promise"", ""future"", ""concurrency"", ""non_blocking""], ""extracted_at"": ""2026-08-03T12:28:05.423662""}"	2026-08-03T12:28:05.423668	2026-08-03T12:28:05.423668	"[""ASYNCHRONOUS_PROG_CONCEPT""]"
KW_AWAIT	await	Programming token: await (related: await, async, promise, suspend)	"{""source"": ""reference_glossary"", ""related_terms"": [""await"", ""async"", ""promise"", ""suspend"", ""resume""], ""extracted_at"": ""2026-08-03T12:28:05.423776""}"	2026-08-03T12:28:05.423780	2026-08-03T12:28:05.423781	"[""ASYNCHRONOUS_PROG_CONCEPT""]"
KW_PROMISE	promise	Programming token: promise (related: promise, future, async, then)	"{""source"": ""reference_glossary"", ""related_terms"": [""promise"", ""future"", ""async"", ""then"", ""catch"", ""resolve"", ""reject""], ""extracted_at"": ""2026-08-03T12:28:05.423920""}"	2026-08-03T12:28:05.423924	2026-08-03T12:28:05.423924	"[""ASYNCHRONOUS_PROG_CONCEPT"", ""TWO_FACTOR_AUTH""]"
KW_FUTURE	future	Programming token: future (related: future, promise, async, completion)	"{""source"": ""reference_glossary"", ""related_terms"": [""future"", ""promise"", ""async"", ""completion""], ""extracted_at"": ""2026-08-03T12:28:05.424015""}"	2026-08-03T12:28:05.424018	2026-08-03T12:28:05.424019	"[""ASYNCHRONOUS_PROG_CONCEPT""]"
KW_TASK	task	Programming token: task (related: task, async, structured_concurrency, cancellation)	"{""source"": ""reference_glossary"", ""related_terms"": [""task"", ""async"", ""structured_concurrency"", ""cancellation"", ""swift""], ""extracted_at"": ""2026-08-03T12:28:05.424120""}"	2026-08-03T12:28:05.424123	2026-08-03T12:28:05.424124	"[""ASYNCHRONOUS_PROG_CONCEPT""]"
KW_ACTOR	actor	Programming token: actor (related: actor, isolation, concurrency, data_race)	"{""source"": ""reference_glossary"", ""related_terms"": [""actor"", ""isolation"", ""concurrency"", ""data_race"", ""swift""], ""extracted_at"": ""2026-08-03T12:28:05.424228""}"	2026-08-03T12:28:05.424231	2026-08-03T12:28:05.424232	"[""TWO_FACTOR_AUTH""]"
KW_TRY	try	Programming token: try (related: try, catch, exception, error_handling)	"{""source"": ""reference_glossary"", ""related_terms"": [""try"", ""catch"", ""exception"", ""error_handling"", ""protected_block""], ""extracted_at"": ""2026-08-03T12:28:05.424337""}"	2026-08-03T12:28:05.424340	2026-08-03T12:28:05.424341	"[""RUNTIME_ERRORS"", ""DIGITAL_TWIN_SIMULATION"", ""PHOTOGRAMMETRY_AND_POINT_CLOUD""]"
KW_CATCH	catch	Programming token: catch (related: catch, exception, error_handling, handler)	"{""source"": ""reference_glossary"", ""related_terms"": [""catch"", ""exception"", ""error_handling"", ""handler""], ""extracted_at"": ""2026-08-03T12:28:05.424426""}"	2026-08-03T12:28:05.424430	2026-08-03T12:28:05.424431	"[""RUNTIME_ERRORS""]"
KW_FINALLY	finally	Programming token: finally (related: finally, cleanup, error_handling, guaranteed_execution)	"{""source"": ""reference_glossary"", ""related_terms"": [""finally"", ""cleanup"", ""error_handling"", ""guaranteed_execution""], ""extracted_at"": ""2026-08-03T12:28:05.424514""}"	2026-08-03T12:28:05.424517	2026-08-03T12:28:05.424517	"[""ERROR_MESSAGES_CONCEPT"", ""RUNTIME_ERRORS""]"
KW_THROW	throw	Programming token: throw (related: throw, raise, exception, error)	"{""source"": ""reference_glossary"", ""related_terms"": [""throw"", ""raise"", ""exception"", ""error"", ""propagate""], ""extracted_at"": ""2026-08-03T12:28:05.424621""}"	2026-08-03T12:28:05.424624	2026-08-03T12:28:05.424625	"[""RUNTIME_ERRORS"", ""ERROR_MESSAGES_CONCEPT"", ""LOGIC_ERRORS"", ""SYNTAX_ERRORS""]"
KW_RAISE	raise	Programming token: raise (related: raise, throw, exception, error)	"{""source"": ""reference_glossary"", ""related_terms"": [""raise"", ""throw"", ""exception"", ""error"", ""python""], ""extracted_at"": ""2026-08-03T12:28:05.424729""}"	2026-08-03T12:28:05.424732	2026-08-03T12:28:05.424733	"[""RUNTIME_ERRORS"", ""ERROR_MESSAGES_CONCEPT"", ""LOGIC_ERRORS"", ""SYNTAX_ERRORS""]"
KW_EXCEPT	except	Programming token: except (related: except, catch, exception, python)	"{""source"": ""reference_glossary"", ""related_terms"": [""except"", ""catch"", ""exception"", ""python""], ""extracted_at"": ""2026-08-03T12:28:05.424821""}"	2026-08-03T12:28:05.424824	2026-08-03T12:28:05.424825	"[""RUNTIME_ERRORS""]"
KW_CLASS	class	Programming token: class (related: class, object, instance, oop)	"{""source"": ""reference_glossary"", ""related_terms"": [""class"", ""object"", ""instance"", ""oop"", ""blueprint"", ""type""], ""extracted_at"": ""2026-08-03T12:28:05.424954""}"	2026-08-03T12:28:05.424957	2026-08-03T12:28:05.424958	"[""CSS_SELECTORS"", ""CLASS_DEFINITION"", ""FIRST_CLASS_FUNCTIONS_CONCEPT"", ""OBJECT_PROPERTIES"", ""REFERENCE_TYPE_DECLARATION"", ""OBJECT_INSTANTIATION"", ""TYPE_SYSTEMS_AND_SAFETY"", ""MEMORY_TYPES""]"
KW_STRUCT	struct	Programming token: struct (related: struct, value_type, data_structure, stack_allocation)	"{""source"": ""reference_glossary"", ""related_terms"": [""struct"", ""value_type"", ""data_structure"", ""stack_allocation""], ""extracted_at"": ""2026-08-03T12:28:05.425043""}"	2026-08-03T12:28:05.425046	2026-08-03T12:28:05.425047	"[""STRUCTURAL_PATTERNS"", ""ADJUSTMENT_LAYERS"", ""HTML_STRUCTURE"", ""PUBLIC_KEY_INFRASTRUCTURE""]"
KW_INTERFACE	interface	Programming token: interface (related: interface, protocol, contract, abstraction)	"{""source"": ""reference_glossary"", ""related_terms"": [""interface"", ""protocol"", ""contract"", ""abstraction"", ""polymorphism""], ""extracted_at"": ""2026-08-03T12:28:05.425149""}"	2026-08-03T12:28:05.425152	2026-08-03T12:28:05.425153	"[""MODEL_CONTEXT_PROTOCOL_STANDARD"", ""QUANTUM_KEY_DISTRIBUTION_QKD"", ""ABSTRACTION_LAYERS"", ""METHOD_OVERRIDING"", ""IOT_MESSAGING_PROTOCOLS"", ""NEURAL_SIGNAL_DECODING_BCI""]"
KW_PROTOCOL	protocol	Programming token: protocol (related: protocol, interface, conformance, swift)	"{""source"": ""reference_glossary"", ""related_terms"": [""protocol"", ""interface"", ""conformance"", ""swift"", ""pat""], ""extracted_at"": ""2026-08-03T12:28:05.425260""}"	2026-08-03T12:28:05.425263	2026-08-03T12:28:05.425264	"[""MODEL_CONTEXT_PROTOCOL_STANDARD"", ""QUANTUM_KEY_DISTRIBUTION_QKD"", ""CREATIONAL_PATTERNS"", ""STRUCTURAL_PATTERNS"", ""BEHAVIORAL_PATTERNS"", ""IOT_MESSAGING_PROTOCOLS"", ""MVVM_PATTERN"", ""ROBOTIC_PATH_PLANNING""]"
KW_ENUM	enum	Programming token: enum (related: enum, enumeration, variant, discriminated_union)	"{""source"": ""reference_glossary"", ""related_terms"": [""enum"", ""enumeration"", ""variant"", ""discriminated_union"", ""algebraic_data_type""], ""extracted_at"": ""2026-08-03T12:28:05.425370""}"	2026-08-03T12:28:05.425373	2026-08-03T12:28:05.425374	"[""PRIMITIVE_TYPE_DECLARATION"", ""REFERENCE_TYPE_DECLARATION"", ""TYPES_OF_AI""]"
KW_EXTENDS	extends	Programming token: extends (related: extends, inheritance, subclass, superclass)	"{""source"": ""reference_glossary"", ""related_terms"": [""extends"", ""inheritance"", ""subclass"", ""superclass"", ""is_a""], ""extracted_at"": ""2026-08-03T12:28:05.425501""}"	2026-08-03T12:28:05.425504	2026-08-03T12:28:05.425505	"[""INHERITANCE_SYNTAX""]"
KW_IMPLEMENTS	implements	Programming token: implements (related: implements, interface, contract, conformance)	"{""source"": ""reference_glossary"", ""related_terms"": [""implements"", ""interface"", ""contract"", ""conformance""], ""extracted_at"": ""2026-08-03T12:28:05.425592""}"	2026-08-03T12:28:05.425595	2026-08-03T12:28:05.425596	"[""NEURAL_SIGNAL_DECODING_BCI""]"
KW_SUPER	super	Programming token: super (related: super, parent, inheritance, base_class)	"{""source"": ""reference_glossary"", ""related_terms"": [""super"", ""parent"", ""inheritance"", ""base_class"", ""constructor_chaining""], ""extracted_at"": ""2026-08-03T12:28:05.425702""}"	2026-08-03T12:28:05.425705	2026-08-03T12:28:05.425705	"[""INHERITANCE_SYNTAX"", ""QUANTUM_STATES_SUPERPOSITION""]"
KW_BASE	base	Programming token: base (related: base, parent, superclass, inheritance)	"{""source"": ""reference_glossary"", ""related_terms"": [""base"", ""parent"", ""superclass"", ""inheritance""], ""extracted_at"": ""2026-08-03T12:28:05.425802""}"	2026-08-03T12:28:05.425805	2026-08-03T12:28:05.425806	"[""INHERITANCE_SYNTAX"", ""RELATIONAL_VS_NONRELATIONAL"", ""EVENT_BASED_PROGRAMMING"", ""DATABASE_NORMALIZATION"", ""GRAPH_BASED_AGENTIC_WORKFLOW""]"
KW_OVERRIDE	override	Programming token: override (related: override, inheritance, polymorphism, dynamic_dispatch)	"{""source"": ""reference_glossary"", ""related_terms"": [""override"", ""inheritance"", ""polymorphism"", ""dynamic_dispatch""], ""extracted_at"": ""2026-08-03T12:28:05.425893""}"	2026-08-03T12:28:05.425895	2026-08-03T12:28:05.425896	"[""INHERITANCE_SYNTAX"", ""METHOD_OVERRIDING""]"
KW_VIRTUAL	virtual	Programming token: virtual (related: virtual, polymorphism, dynamic_dispatch, override)	"{""source"": ""reference_glossary"", ""related_terms"": [""virtual"", ""polymorphism"", ""dynamic_dispatch"", ""override""], ""extracted_at"": ""2026-08-03T12:28:05.425984""}"	2026-08-03T12:28:05.425988	2026-08-03T12:28:05.425988	"[""VIRTUAL_MEMORY"", ""METHOD_OVERRIDING"", ""VIRTUALIZATION""]"
KW_ABSTRACT	abstract	Programming token: abstract (related: abstract, base_class, inheritance, interface)	"{""source"": ""reference_glossary"", ""related_terms"": [""abstract"", ""base_class"", ""inheritance"", ""interface"", ""pure_virtual""], ""extracted_at"": ""2026-08-03T12:28:05.426089""}"	2026-08-03T12:28:05.426092	2026-08-03T12:28:05.426092	"[""STATIC_PROGRAM_ANALYSIS"", ""INHERITANCE_SYNTAX"", ""ABSTRACTION_LAYERS"", ""NEURAL_SIGNAL_DECODING_BCI""]"
KW_PUBLIC	public	Programming token: public (related: public, access_modifier, visibility, api)	"{""source"": ""reference_glossary"", ""related_terms"": [""public"", ""access_modifier"", ""visibility"", ""api"", ""external""], ""extracted_at"": ""2026-08-03T12:28:05.426196""}"	2026-08-03T12:28:05.426199	2026-08-03T12:28:05.426200	"[""ACCESS_MODIFIERS"", ""PUBLIC_KEY_INFRASTRUCTURE"", ""API_INTEGRATION"", ""LOCATION_SERVICES_API"", ""MEDIA_PICKER_API"", ""LOCAL_NOTIFICATION_API""]"
KW_PRIVATE	private	Programming token: private (related: private, access_modifier, encapsulation, internal)	"{""source"": ""reference_glossary"", ""related_terms"": [""private"", ""access_modifier"", ""encapsulation"", ""internal"", ""hidden""], ""extracted_at"": ""2026-08-03T12:28:05.426309""}"	2026-08-03T12:28:05.426312	2026-08-03T12:28:05.426313	"[""ACCESS_MODIFIERS""]"
KW_PROTECTED	protected	Programming token: protected (related: protected, access_modifier, inheritance, subclass_access)	"{""source"": ""reference_glossary"", ""related_terms"": [""protected"", ""access_modifier"", ""inheritance"", ""subclass_access""], ""extracted_at"": ""2026-08-03T12:28:05.426397""}"	2026-08-03T12:28:05.426400	2026-08-03T12:28:05.426401	"[""INHERITANCE_SYNTAX""]"
KW_INTERNAL	internal	Programming token: internal (related: internal, access_modifier, module, assembly)	"{""source"": ""reference_glossary"", ""related_terms"": [""internal"", ""access_modifier"", ""module"", ""assembly""], ""extracted_at"": ""2026-08-03T12:28:05.426488""}"	2026-08-03T12:28:05.426491	2026-08-03T12:28:05.426492	"[""ACCESS_MODIFIERS""]"
KW_READONLY	readonly	Programming token: readonly (related: readonly, immutable, property, init_only)	"{""source"": ""reference_glossary"", ""related_terms"": [""readonly"", ""immutable"", ""property"", ""init_only""], ""extracted_at"": ""2026-08-03T12:28:05.426577""}"	2026-08-03T12:28:05.426580	2026-08-03T12:28:05.426580	"[""IMMUTABILITY_CONCEPT""]"
KW_STATIC	static	Programming token: static (related: static, class_member, shared, type_level)	"{""source"": ""reference_glossary"", ""related_terms"": [""static"", ""class_member"", ""shared"", ""type_level"", ""singleton""], ""extracted_at"": ""2026-08-03T12:28:05.426682""}"	2026-08-03T12:28:05.426685	2026-08-03T12:28:05.426685	"[""STATIC_MEMBERS_CONCEPT"", ""STATIC_PROGRAM_ANALYSIS"", ""SHARED_OBSERVABLE_STATE"", ""CREATIONAL_PATTERNS""]"
KW_GET	get	Programming token: get (related: getter, property, accessor, read)	"{""source"": ""reference_glossary"", ""related_terms"": [""getter"", ""property"", ""accessor"", ""read"", ""computed""], ""extracted_at"": ""2026-08-03T12:28:05.426794""}"	2026-08-03T12:28:05.426796	2026-08-03T12:28:05.426797	"[""HTTP_METHODS"", ""PROCESS_VS_THREAD"", ""TEMP_HUMIDITY_SENSORS"", ""LIGHT_MOTION_SENSORS"", ""SCREEN_READERS""]"
KW_SET	set	Programming token: set (related: set, unique, collection, mathematical_set)	"{""source"": ""reference_glossary"", ""related_terms"": [""set"", ""unique"", ""collection"", ""mathematical_set"", ""no_duplicates""], ""extracted_at"": ""2026-08-03T12:28:05.426908""}"	2026-08-03T12:28:05.426911	2026-08-03T12:28:05.426912	"[""SET_THEORY""]"
KW_PROPERTY	property	Programming token: property (related: property, member, attribute, field)	"{""source"": ""reference_glossary"", ""related_terms"": [""property"", ""member"", ""attribute"", ""field"", ""accessor""], ""extracted_at"": ""2026-08-03T12:28:05.427018""}"	2026-08-03T12:28:05.427021	2026-08-03T12:28:05.427022	"[""OBJECT_PROPERTIES"", ""STATIC_MEMBERS_CONCEPT""]"
KW_NEW	new	Programming token: new (related: new, instance, constructor, allocation)	"{""source"": ""reference_glossary"", ""related_terms"": [""new"", ""instance"", ""constructor"", ""allocation"", ""heap""], ""extracted_at"": ""2026-08-03T12:28:05.427126""}"	2026-08-03T12:28:05.427129	2026-08-03T12:28:05.427130	"[""OBJECT_INSTANTIATION"", ""FILE_ALLOCATION"", ""RENEWABLE_ENERGY_FORECASTING""]"
KW_THIS	this	Programming token: this (related: this, self, instance, context)	"{""source"": ""reference_glossary"", ""related_terms"": [""this"", ""self"", ""instance"", ""context"", ""receiver""], ""extracted_at"": ""2026-08-03T12:28:05.427237""}"	2026-08-03T12:28:05.427242	2026-08-03T12:28:05.427243	"[""OBJECT_INSTANTIATION"", ""MODEL_CONTEXT_PROTOCOL_STANDARD""]"
KW_SELF	self	Programming token: self (related: self, this, instance, receiver)	"{""source"": ""reference_glossary"", ""related_terms"": [""self"", ""this"", ""instance"", ""receiver"", ""swift""], ""extracted_at"": ""2026-08-03T12:28:05.427347""}"	2026-08-03T12:28:05.427350	2026-08-03T12:28:05.427350	"[""OBJECT_INSTANTIATION""]"
KW_REF	ref	Programming token: ref (related: ref, reference, pass_by_reference, out)	"{""source"": ""reference_glossary"", ""related_terms"": [""ref"", ""reference"", ""pass_by_reference"", ""out"", ""inout""], ""extracted_at"": ""2026-08-03T12:28:05.427457""}"	2026-08-03T12:28:05.427460	2026-08-03T12:28:05.427461	"[""REFERENCE_TYPE_DECLARATION"", ""ROUTERS_SWITCHES_CONCEPT"", ""WIREFRAMING"", ""LEVEL_LAYOUT"", ""LAYOUT_GRID_AND_COMPOSITION_RULES""]"
KW_OUT	out	Programming token: out (related: out, reference, return_parameter, multiple_return)	"{""source"": ""reference_glossary"", ""related_terms"": [""out"", ""reference"", ""return_parameter"", ""multiple_return""], ""extracted_at"": ""2026-08-03T12:28:05.427562""}"	2026-08-03T12:28:05.427565	2026-08-03T12:28:05.427566	"[""REFERENCE_TYPE_DECLARATION"", ""ROUTERS_SWITCHES_CONCEPT"", ""LEVEL_LAYOUT"", ""LAYOUT_GRID_AND_COMPOSITION_RULES""]"
KW_INOUT	inout	Programming token: inout (related: inout, reference, swift, pass_by_reference)	"{""source"": ""reference_glossary"", ""related_terms"": [""inout"", ""reference"", ""swift"", ""pass_by_reference""], ""extracted_at"": ""2026-08-03T12:28:05.427654""}"	2026-08-03T12:28:05.427657	2026-08-03T12:28:05.427658	"[""REFERENCE_TYPE_DECLARATION""]"
KW_WEAK	weak	Programming token: weak (related: weak, reference, memory, arc)	"{""source"": ""reference_glossary"", ""related_terms"": [""weak"", ""reference"", ""memory"", ""arc"", ""avoid_retain_cycle""], ""extracted_at"": ""2026-08-03T12:28:05.427771""}"	2026-08-03T12:28:05.427774	2026-08-03T12:28:05.427775	"[""REFERENCE_TYPE_DECLARATION"", ""MEMORY_TYPES"", ""DMA_CONCEPT"", ""VIRTUAL_MEMORY"", ""AGENT_MEMORY_SYSTEMS"", ""COMPUTE_IN_MEMORY_ACCELERATION"", ""CPU_ARCHITECTURE"", ""CACHE_HIERARCHY""]"
KW_UNOWNED	unowned	Programming token: unowned (related: unowned, reference, memory, arc)	"{""source"": ""reference_glossary"", ""related_terms"": [""unowned"", ""reference"", ""memory"", ""arc"", ""non_owning""], ""extracted_at"": ""2026-08-03T12:28:05.427870""}"	2026-08-03T12:28:05.427873	2026-08-03T12:28:05.427874	"[""REFERENCE_TYPE_DECLARATION"", ""MEMORY_TYPES"", ""DMA_CONCEPT"", ""VIRTUAL_MEMORY"", ""AGENT_MEMORY_SYSTEMS"", ""COMPUTE_IN_MEMORY_ACCELERATION"", ""CPU_ARCHITECTURE"", ""CACHE_HIERARCHY""]"
KW_GENERIC	generic	Programming token: generic (related: generic, type_parameter, parametric_polymorphism, type_safety)	"{""source"": ""reference_glossary"", ""related_terms"": [""generic"", ""type_parameter"", ""parametric_polymorphism"", ""type_safety""], ""extracted_at"": ""2026-08-03T12:28:05.427951""}"	2026-08-03T12:28:05.427954	2026-08-03T12:28:05.427955	"[""METHOD_OVERRIDING""]"
KW_WHERE	where	Programming token: where (related: where, filter, condition, predicate)	"{""source"": ""reference_glossary"", ""related_terms"": [""where"", ""filter"", ""condition"", ""predicate"", ""clause""], ""extracted_at"": ""2026-08-03T12:28:05.428058""}"	2026-08-03T12:28:05.428060	2026-08-03T12:28:05.428061	"[""SQL_SELECT"", ""WHILE_LOOP"", ""DIGITAL_FILTERING_AND_SAMPLING""]"
KW_ASSOCIATEDTYPE	associatedtype	Programming token: associatedtype (related: associatedtype, protocol, generic, pat)	"{""source"": ""reference_glossary"", ""related_terms"": [""associatedtype"", ""protocol"", ""generic"", ""pat"", ""swift""], ""extracted_at"": ""2026-08-03T12:28:05.428171""}"	2026-08-03T12:28:05.428174	2026-08-03T12:28:05.428174	"[""MODEL_CONTEXT_PROTOCOL_STANDARD"", ""QUANTUM_KEY_DISTRIBUTION_QKD"", ""CREATIONAL_PATTERNS"", ""STRUCTURAL_PATTERNS"", ""BEHAVIORAL_PATTERNS"", ""IOT_MESSAGING_PROTOCOLS"", ""MVVM_PATTERN"", ""ROBOTIC_PATH_PLANNING""]"
KW_STRING	string	Programming token: string (related: string, text, unicode, utf8)	"{""source"": ""reference_glossary"", ""related_terms"": [""string"", ""text"", ""unicode"", ""utf8"", ""ascii"", ""sequence""], ""extracted_at"": ""2026-08-03T12:28:05.428293""}"	2026-08-03T12:28:05.428295	2026-08-03T12:28:05.428296	"[""REFERENCE_TYPE_DECLARATION"", ""BIOINFORMATICS_GENOMIC_ANALYSIS"", ""MATERIAL_AND_TEXTURE"", ""MODEL_CONTEXT_PROTOCOL_STANDARD""]"
KW_INT	int	Programming token: int (related: int, integer, whole_number, signed)	"{""source"": ""reference_glossary"", ""related_terms"": [""int"", ""integer"", ""whole_number"", ""signed"", ""primitive""], ""extracted_at"": ""2026-08-03T12:28:05.428409""}"	2026-08-03T12:28:05.428412	2026-08-03T12:28:05.428413	"[""PRIMITIVE_TYPE_DECLARATION"", ""IO_METHODS_POLLING_INTERRUPT"", ""ERROR_MESSAGES_CONCEPT"", ""DIGITAL_FOOTPRINT"", ""BREAKPOINTS"", ""API_INTEGRATION"", ""MAP_INTEGRATION"", ""PHYSICS_CONSTRAINTS_CONCEPT""]"
KW_FLOAT	float	Programming token: float (related: float, floating_point, decimal, real)	"{""source"": ""reference_glossary"", ""related_terms"": [""float"", ""floating_point"", ""decimal"", ""real"", ""ieee754""], ""extracted_at"": ""2026-08-03T12:28:05.428512""}"	2026-08-03T12:28:05.428515	2026-08-03T12:28:05.428515	"[""WEARABLE_PHYSIOLOGICAL_MONITORING"", ""SPATIAL_COMPUTING_XR_MAPPING""]"
KW_DOUBLE	double	Programming token: double (related: double, float64, precision, floating_point)	"{""source"": ""reference_glossary"", ""related_terms"": [""double"", ""float64"", ""precision"", ""floating_point""], ""extracted_at"": ""2026-08-03T12:28:05.428599""}"	2026-08-03T12:28:05.428602	2026-08-03T12:28:05.428602	"[""PHYSICAL_FLUID_DYNAMICS_SIMULATION""]"
KW_BOOL	bool	Programming token: bool (related: bool, boolean, true, false)	"{""source"": ""reference_glossary"", ""related_terms"": [""bool"", ""boolean"", ""true"", ""false"", ""logic"", ""predicate""], ""extracted_at"": ""2026-08-03T12:28:05.428724""}"	2026-08-03T12:28:05.428727	2026-08-03T12:28:05.428727	"[""BOOLEAN_OPERATIONS_3D"", ""TRUTH_TABLES"", ""PRIMITIVE_TYPE_DECLARATION"", ""PROPOSITIONAL_LOGIC"", ""LOGIC_GATES"", ""QUANTUM_LOGIC_GATES"", ""LOGIC_ERRORS"", ""WEARABLE_PHYSIOLOGICAL_MONITORING""]"
KW_VOID	void	Programming token: void (related: void, no_return, unit, empty)	"{""source"": ""reference_glossary"", ""related_terms"": [""void"", ""no_return"", ""unit"", ""empty"", ""procedure""], ""extracted_at"": ""2026-08-03T12:28:05.428829""}"	2026-08-03T12:28:05.428831	2026-08-03T12:28:05.428832	"[""UNIT_TESTING""]"
KW_NULL	null	Programming token: null (related: null, nil, none, empty)	"{""source"": ""reference_glossary"", ""related_terms"": [""null"", ""nil"", ""none"", ""empty"", ""absence"", ""pointer""], ""extracted_at"": ""2026-08-03T12:28:05.428957""}"	2026-08-03T12:28:05.428960	2026-08-03T12:28:05.428961	"[""PRIMITIVE_TYPE_DECLARATION"", ""REFERENCE_TYPE_DECLARATION""]"
KW_NIL	nil	Programming token: nil (related: nil, null, none, optional)	"{""source"": ""reference_glossary"", ""related_terms"": [""nil"", ""null"", ""none"", ""optional"", ""absence"", ""swift""], ""extracted_at"": ""2026-08-03T12:28:05.429083""}"	2026-08-03T12:28:05.429086	2026-08-03T12:28:05.429087	"[""PRIMITIVE_TYPE_DECLARATION"", ""REFERENCE_TYPE_DECLARATION""]"
KW_OPTIONAL	optional	Programming token: optional (related: optional, nil, unwrap, binding)	"{""source"": ""reference_glossary"", ""related_terms"": [""optional"", ""nil"", ""unwrap"", ""binding"", ""guard"", ""swift""], ""extracted_at"": ""2026-08-03T12:28:05.429209""}"	2026-08-03T12:28:05.429212	2026-08-03T12:28:05.429213	"[""TWO_WAY_BINDING""]"
KW_ARRAY	array	Programming token: array (related: array, list, collection, index)	"{""source"": ""reference_glossary"", ""related_terms"": [""array"", ""list"", ""collection"", ""index"", ""element"", ""contiguous""], ""extracted_at"": ""2026-08-03T12:28:05.429327""}"	2026-08-03T12:28:05.429330	2026-08-03T12:28:05.429331	"[""ARRAY_OPERATIONS"", ""LIST_OPERATIONS"", ""FILE_ALLOCATION"", ""PROBABILISTIC_VS_DETERMINISTIC_REASONING""]"
KW_LIST	list	Programming token: list (related: list, array, collection, sequence)	"{""source"": ""reference_glossary"", ""related_terms"": [""list"", ""array"", ""collection"", ""sequence"", ""ordered""], ""extracted_at"": ""2026-08-03T12:28:05.429432""}"	2026-08-03T12:28:05.429435	2026-08-03T12:28:05.429436	"[""LIST_OPERATIONS"", ""ARRAY_OPERATIONS"", ""BIOINFORMATICS_GENOMIC_ANALYSIS"", ""PROBABILISTIC_VS_DETERMINISTIC_REASONING""]"
KW_MAP	map	Programming token: map (related: map, transform, functor, fp)	"{""source"": ""reference_glossary"", ""related_terms"": [""map"", ""transform"", ""functor"", ""fp"", ""collection""], ""extracted_at"": ""2026-08-03T12:28:05.429542""}"	2026-08-03T12:28:05.429545	2026-08-03T12:28:05.429545	"[""MAP_INTEGRATION"", ""TRANSFORMATION_OPERATIONS"", ""FOURIER_TRANSFORM_SIGNAL_ANALYSIS"", ""MAPREDUCE_CONCEPT"", ""2D_3D_TRANSFORMATIONS_MATH"", ""MATERIAL_AND_TEXTURE"", ""TRANSFORMER_ARCHITECTURE"", ""SIMULTANEOUS_LOCALIZATION_MAPPING""]"
KW_DICTIONARY	dictionary	Programming token: dictionary (related: dictionary, map, key_value, hash_table)	"{""source"": ""reference_glossary"", ""related_terms"": [""dictionary"", ""map"", ""key_value"", ""hash_table"", ""lookup""], ""extracted_at"": ""2026-08-03T12:28:05.429643""}"	2026-08-03T12:28:05.429646	2026-08-03T12:28:05.429647	"[""MAP_INTEGRATION"", ""DNS_LOOKUP"", ""MAPREDUCE_CONCEPT"", ""MATERIAL_AND_TEXTURE"", ""SIMULTANEOUS_LOCALIZATION_MAPPING"", ""SPATIAL_COMPUTING_XR_MAPPING""]"
KW_TUPLE	tuple	Programming token: tuple (related: tuple, record, fixed_size, heterogeneous)	"{""source"": ""reference_glossary"", ""related_terms"": [""tuple"", ""record"", ""fixed_size"", ""heterogeneous"", ""immutable""], ""extracted_at"": ""2026-08-03T12:28:05.429746""}"	2026-08-03T12:28:05.429748	2026-08-03T12:28:05.429749	"[""HTML_STRUCTURE"", ""PUBLIC_KEY_INFRASTRUCTURE"", ""DURABLE_AGENT_STATE_MANAGEMENT""]"
KW_PLUS	plus	Programming token: plus (related: addition, arithmetic, concatenation, operator)	"{""source"": ""reference_glossary"", ""related_terms"": [""addition"", ""arithmetic"", ""concatenation"", ""operator""], ""extracted_at"": ""2026-08-03T12:28:05.429836""}"	2026-08-03T12:28:05.429839	2026-08-03T12:28:05.429840	"[""LIST_OPERATIONS"", ""VIRTUAL_MEMORY""]"
KW_MINUS	minus	Programming token: minus (related: subtraction, arithmetic, negation, operator)	"{""source"": ""reference_glossary"", ""related_terms"": [""subtraction"", ""arithmetic"", ""negation"", ""operator""], ""extracted_at"": ""2026-08-03T12:28:05.429925""}"	2026-08-03T12:28:05.429928	2026-08-03T12:28:05.429929	"[""PROPOSITIONAL_LOGIC"", ""BOOLEAN_OPERATIONS_3D""]"
KW_MULTIPLY	multiply	Programming token: multiply (related: multiplication, arithmetic, operator)	"{""source"": ""reference_glossary"", ""related_terms"": [""multiplication"", ""arithmetic"", ""operator""], ""extracted_at"": ""2026-08-03T12:28:05.429997""}"	2026-08-03T12:28:05.430000	2026-08-03T12:28:05.430000	"[""PROPOSITIONAL_LOGIC"", ""LAYER_BLEND_MODES""]"
KW_DIVIDE	divide	Programming token: divide (related: division, arithmetic, operator)	"{""source"": ""reference_glossary"", ""related_terms"": [""division"", ""arithmetic"", ""operator""], ""extracted_at"": ""2026-08-03T12:28:05.430070""}"	2026-08-03T12:28:05.430073	2026-08-03T12:28:05.430074	"[""DIGITAL_DIVIDE"", ""DIVIDE_CONQUER""]"
KW_MODULO	modulo	Programming token: modulo (related: modulo, remainder, arithmetic, operator)	"{""source"": ""reference_glossary"", ""related_terms"": [""modulo"", ""remainder"", ""arithmetic"", ""operator""], ""extracted_at"": ""2026-08-03T12:28:05.430153""}"	2026-08-03T12:28:05.430155	2026-08-03T12:28:05.430156	"[""PWM"", ""PROBLEM_DECOMPOSITION""]"
KW_AND	and	Programming token: and (related: logical_and, boolean, short_circuit, operator)	"{""source"": ""reference_glossary"", ""related_terms"": [""logical_and"", ""boolean"", ""short_circuit"", ""operator""], ""extracted_at"": ""2026-08-03T12:28:05.430254""}"	2026-08-03T12:28:05.430257	2026-08-03T12:28:05.430257	"[""MOTOR_CONTROL"", ""ROUTERS_SWITCHES_CONCEPT"", ""SCRUM_ROLES_EVENTS"", ""AI_HISTORY_MILESTONES"", ""PERSONAS_AND_SCENARIOS"", ""AFFORDANCES_SIGNIFIERS"", ""FEEDBACK_AND_RESPONSE"", ""CYBERBULLYING""]"
KW_OR	or	Programming token: or (related: logical_or, boolean, short_circuit, operator)	"{""source"": ""reference_glossary"", ""related_terms"": [""logical_or"", ""boolean"", ""short_circuit"", ""operator""], ""extracted_at"": ""2026-08-03T12:28:05.430360""}"	2026-08-03T12:28:05.430363	2026-08-03T12:28:05.430364	"[""LOGIC_GATES"", ""BOOLEAN_OPERATIONS_3D"", ""TRUTH_TABLES"", ""PRIMITIVE_TYPE_DECLARATION"", ""PROPOSITIONAL_LOGIC"", ""MEMORY_TYPES"", ""DMA_CONCEPT"", ""SCHEDULING_ALGORITHMS""]"
KW_NOT	not	Programming token: not (related: logical_not, boolean, negation, operator)	"{""source"": ""reference_glossary"", ""related_terms"": [""logical_not"", ""boolean"", ""negation"", ""operator""], ""extracted_at"": ""2026-08-03T12:28:05.430452""}"	2026-08-03T12:28:05.430454	2026-08-03T12:28:05.430455	"[""LOGIC_GATES"", ""BOOLEAN_OPERATIONS_3D"", ""TRUTH_TABLES"", ""PRIMITIVE_TYPE_DECLARATION"", ""PROPOSITIONAL_LOGIC"", ""BIG_O_NOTATION"", ""LOCAL_NOTIFICATION_API""]"
KW_EQ	eq	Programming token: eq (related: equality, comparison, operator)	"{""source"": ""reference_glossary"", ""related_terms"": [""equality"", ""comparison"", ""operator""], ""extracted_at"": ""2026-08-03T12:28:05.430527""}"	2026-08-03T12:28:05.430530	2026-08-03T12:28:05.430531	"[""QUEUE_OPERATIONS"", ""BIOINFORMATICS_GENOMIC_ANALYSIS"", ""FOURIER_TRANSFORM_SIGNAL_ANALYSIS"", ""ULTRA_LOW_LATENCY_HFT_ARCHITECTURE""]"
KW_NEQ	neq	Programming token: neq (related: inequality, comparison, operator)	"{""source"": ""reference_glossary"", ""related_terms"": [""inequality"", ""comparison"", ""operator""], ""extracted_at"": ""2026-08-03T12:28:05.430601""}"	2026-08-03T12:28:05.430603	2026-08-03T12:28:05.430604	"[""PROPOSITIONAL_LOGIC""]"
KW_LT	lt	Programming token: lt (related: less_than, comparison, operator)	"{""source"": ""reference_glossary"", ""related_terms"": [""less_than"", ""comparison"", ""operator""], ""extracted_at"": ""2026-08-03T12:28:05.430684""}"	2026-08-03T12:28:05.430686	2026-08-03T12:28:05.430687	"[""MULTI_AGENT_COOPERATION"", ""TINYML_INFERENCE"", ""SIMULTANEOUS_LOCALIZATION_MAPPING"", ""DIGITAL_FILTERING_AND_SAMPLING"", ""MULTI_SENSOR_FUSION_ALGORITHMS"", ""BATTERY_MANAGEMENT_ALGORITHMS"", ""ULTRA_LOW_LATENCY_HFT_ARCHITECTURE""]"
KW_GT	gt	Programming token: gt (related: greater_than, comparison, operator)	"{""source"": ""reference_glossary"", ""related_terms"": [""greater_than"", ""comparison"", ""operator""], ""extracted_at"": ""2026-08-03T12:28:05.430763""}"	2026-08-03T12:28:05.430766	2026-08-03T12:28:05.430767	"[""PROPOSITIONAL_LOGIC"", ""IMPLICIT_EXPLICIT_ANIMATION""]"
KW_LTE	lte	Programming token: lte (related: less_equal, comparison, operator)	"{""source"": ""reference_glossary"", ""related_terms"": [""less_equal"", ""comparison"", ""operator""], ""extracted_at"": ""2026-08-03T12:28:05.430848""}"	2026-08-03T12:28:05.430851	2026-08-03T12:28:05.430852	"[""DIGITAL_FILTERING_AND_SAMPLING""]"
KW_GTE	gte	Programming token: gte (related: greater_equal, comparison, operator)	"{""source"": ""reference_glossary"", ""related_terms"": [""greater_equal"", ""comparison"", ""operator""], ""extracted_at"": ""2026-08-03T12:28:05.430925""}"	2026-08-03T12:28:05.430928	2026-08-03T12:28:05.430928	"[""PROPOSITIONAL_LOGIC""]"
KW_ASSIGN	assign	Programming token: assign (related: assign, combine, subscriber, property)	"{""source"": ""reference_glossary"", ""related_terms"": [""assign"", ""combine"", ""subscriber"", ""property"", ""reactivity""], ""extracted_at"": ""2026-08-03T12:28:05.431026""}"	2026-08-03T12:28:05.431030	2026-08-03T12:28:05.431031	"[""PUBLISHER_SUBSCRIBER_MODEL""]"
KW_TERNARY	ternary	Programming token: ternary (related: ternary, conditional, operator)	"{""source"": ""reference_glossary"", ""related_terms"": [""ternary"", ""conditional"", ""operator""], ""extracted_at"": ""2026-08-03T12:28:05.431099""}"	2026-08-03T12:28:05.431102	2026-08-03T12:28:05.431102	"[""IF_ELSE_STATEMENT""]"
KW_NULL_COALESCE	null_coalesce	Programming token: null_coalesce (related: null_coalesce, optional, default, swift)	"{""source"": ""reference_glossary"", ""related_terms"": [""null_coalesce"", ""optional"", ""default"", ""swift""], ""extracted_at"": ""2026-08-03T12:28:05.431187""}"	2026-08-03T12:28:05.431194	2026-08-03T12:28:05.431195	"[""KEY_VALUE_PERSISTENCE""]"
KW_OPTIONAL_CHAIN	optional_chain	Programming token: optional_chain (related: optional_chaining, safe_navigation, swift)	"{""source"": ""reference_glossary"", ""related_terms"": [""optional_chaining"", ""safe_navigation"", ""swift""], ""extracted_at"": ""2026-08-03T12:28:05.431266""}"	2026-08-03T12:28:05.431268	2026-08-03T12:28:05.431269	"[""TYPE_SYSTEMS_AND_SAFETY""]"
KW_IMPORT	import	Programming token: import (related: import, module, dependency, package)	"{""source"": ""reference_glossary"", ""related_terms"": [""import"", ""module"", ""dependency"", ""package"", ""namespace""], ""extracted_at"": ""2026-08-03T12:28:05.431368""}"	2026-08-03T12:28:05.431370	2026-08-03T12:28:05.431371	"[""FRONTEND_FRAMEWORKS"", ""BACKEND_FRAMEWORKS""]"
KW_EXPORT	export	Programming token: export (related: export, module, public_api, reexport)	"{""source"": ""reference_glossary"", ""related_terms"": [""export"", ""module"", ""public_api"", ""reexport""], ""extracted_at"": ""2026-08-03T12:28:05.431454""}"	2026-08-03T12:28:05.431457	2026-08-03T12:28:05.431458	"[""ACCESS_MODIFIERS"", ""PUBLIC_KEY_INFRASTRUCTURE""]"
KW_FROM	from	Programming token: from (related: from, import, module, source)	"{""source"": ""reference_glossary"", ""related_terms"": [""from"", ""import"", ""module"", ""source""], ""extracted_at"": ""2026-08-03T12:28:05.431545""}"	2026-08-03T12:28:05.431548	2026-08-03T12:28:05.431549	"[""SQL_SELECT""]"
KW_AS	as	Programming token: as (related: alias, rename, import, type_cast)	"{""source"": ""reference_glossary"", ""related_terms"": [""alias"", ""rename"", ""import"", ""type_cast""], ""extracted_at"": ""2026-08-03T12:28:05.431646""}"	2026-08-03T12:28:05.431648	2026-08-03T12:28:05.431649	"[""ARDUINO_BASICS"", ""SBC_BASICS"", ""RELATIONAL_VS_NONRELATIONAL"", ""REGRESSION_CLASSIFICATION"", ""NEURAL_NETWORKS_BASICS"", ""REINFORCEMENT_LEARNING_BASICS"", ""AI_BIAS"", ""ALGORITHMIC_BIAS_SOCIETY""]"
KW_MODULE	module	Programming token: module (related: module, package, namespace, compilation_unit)	"{""source"": ""reference_glossary"", ""related_terms"": [""module"", ""package"", ""namespace"", ""compilation_unit""], ""extracted_at"": ""2026-08-03T12:28:05.431733""}"	2026-08-03T12:28:05.431735	2026-08-03T12:28:05.431736	"[""FRONTEND_FRAMEWORKS"", ""BACKEND_FRAMEWORKS""]"
KW_PACKAGE	package	Programming token: package (related: package, bundle, distribute, artifact)	"{""source"": ""reference_glossary"", ""related_terms"": [""package"", ""bundle"", ""distribute"", ""artifact"", ""deploy""], ""extracted_at"": ""2026-08-03T12:28:05.431833""}"	2026-08-03T12:28:05.431836	2026-08-03T12:28:05.431837	"[""AI_ARTIFACT_VERIFICATION_AND_EVALUATION"", ""CLOUD_DEPLOYMENT_MODELS""]"
KW_NAMESPACE	namespace	Programming token: namespace (related: namespace, scope, naming, organization)	"{""source"": ""reference_glossary"", ""related_terms"": [""namespace"", ""scope"", ""naming"", ""organization""], ""extracted_at"": ""2026-08-03T12:28:05.431922""}"	2026-08-03T12:28:05.431924	2026-08-03T12:28:05.431925	"[""JSON_SERIALIZATION""]"
KW_MALLOC	malloc	Programming token: malloc (related: malloc, allocation, heap, manual_memory)	"{""source"": ""reference_glossary"", ""related_terms"": [""malloc"", ""allocation"", ""heap"", ""manual_memory"", ""c""], ""extracted_at"": ""2026-08-03T12:28:05.432094""}"	2026-08-03T12:28:05.432122	2026-08-03T12:28:05.432122	"[""FILE_ALLOCATION"", ""CPU_ARCHITECTURE"", ""FETCH_DECODE_EXECUTE"", ""CACHE_HIERARCHY"", ""DMA_CONCEPT"", ""PROCESS_VS_THREAD"", ""SCHEDULING_ALGORITHMS"", ""VIRTUAL_MEMORY""]"
KW_FREE	free	Programming token: free (related: free, deallocation, heap, manual_memory)	"{""source"": ""reference_glossary"", ""related_terms"": [""free"", ""deallocation"", ""heap"", ""manual_memory"", ""c""], ""extracted_at"": ""2026-08-03T12:28:05.432292""}"	2026-08-03T12:28:05.432295	2026-08-03T12:28:05.432295	"[""CPU_ARCHITECTURE"", ""FETCH_DECODE_EXECUTE"", ""CACHE_HIERARCHY"", ""DMA_CONCEPT"", ""PROCESS_VS_THREAD"", ""SCHEDULING_ALGORITHMS"", ""VIRTUAL_MEMORY"", ""FILE_ALLOCATION""]"
KW_GC	gc	Programming token: gc (related: gc, garbage_collection, automatic_memory, managed)	"{""source"": ""reference_glossary"", ""related_terms"": [""gc"", ""garbage_collection"", ""automatic_memory"", ""managed""], ""extracted_at"": ""2026-08-03T12:28:05.432385""}"	2026-08-03T12:28:05.432388	2026-08-03T12:28:05.432389	"[""MEMORY_TYPES"", ""VIRTUAL_MEMORY"", ""AGENT_MEMORY_SYSTEMS""]"
KW_REFCOUNT	refcount	Programming token: refcount (related: refcount, reference_counting, arc, automatic_memory)	"{""source"": ""reference_glossary"", ""related_terms"": [""refcount"", ""reference_counting"", ""arc"", ""automatic_memory""], ""extracted_at"": ""2026-08-03T12:28:05.432476""}"	2026-08-03T12:28:05.432478	2026-08-03T12:28:05.432479	"[""CPU_ARCHITECTURE"", ""CACHE_HIERARCHY"", ""LINEAR_BINARY_SEARCH"", ""REST_PRINCIPLES"", ""MVVM_PATTERN"", ""TRANSFORMER_ARCHITECTURE"", ""VECTOR_EMBEDDING_SEARCH"", ""ZERO_TRUST_ARCHITECTURE""]"
KW_ARC	arc	Programming token: arc (related: arc, automatic_reference_counting, swift, memory)	"{""source"": ""reference_glossary"", ""related_terms"": [""arc"", ""automatic_reference_counting"", ""swift"", ""memory""], ""extracted_at"": ""2026-08-03T12:28:05.432568""}"	2026-08-03T12:28:05.432570	2026-08-03T12:28:05.432571	"[""MEMORY_TYPES"", ""DMA_CONCEPT"", ""VIRTUAL_MEMORY"", ""AGENT_MEMORY_SYSTEMS"", ""COMPUTE_IN_MEMORY_ACCELERATION"", ""CPU_ARCHITECTURE"", ""CACHE_HIERARCHY"", ""LINEAR_BINARY_SEARCH""]"
KW_OWNERSHIP	ownership	Programming token: ownership (related: ownership, borrowing, lifetime, rust)	"{""source"": ""reference_glossary"", ""related_terms"": [""ownership"", ""borrowing"", ""lifetime"", ""rust"", ""memory_safety""], ""extracted_at"": ""2026-08-03T12:28:05.432666""}"	2026-08-03T12:28:05.432668	2026-08-03T12:28:05.432669	"[""ZERO_TRUST_ARCHITECTURE""]"
KW_BORROW	borrow	Programming token: borrow (related: borrow, reference, ownership, rust)	"{""source"": ""reference_glossary"", ""related_terms"": [""borrow"", ""reference"", ""ownership"", ""rust"", ""lifetime""], ""extracted_at"": ""2026-08-03T12:28:05.432762""}"	2026-08-03T12:28:05.432765	2026-08-03T12:28:05.432766	"[""REFERENCE_TYPE_DECLARATION"", ""ZERO_TRUST_ARCHITECTURE""]"
KW_MOVE	move	Programming token: move (related: move, ownership, transfer, rust)	"{""source"": ""reference_glossary"", ""related_terms"": [""move"", ""ownership"", ""transfer"", ""rust"", ""semantics""], ""extracted_at"": ""2026-08-03T12:28:05.432871""}"	2026-08-03T12:28:05.432874	2026-08-03T12:28:05.432874	"[""ZERO_TRUST_ARCHITECTURE""]"
KW_COPY	copy	Programming token: copy (related: copy, clone, duplicate, value_semantics)	"{""source"": ""reference_glossary"", ""related_terms"": [""copy"", ""clone"", ""duplicate"", ""value_semantics"", ""deep_copy""], ""extracted_at"": ""2026-08-03T12:28:05.432969""}"	2026-08-03T12:28:05.432972	2026-08-03T12:28:05.432973	"[""COPYRIGHT_CREATIVE_COMMONS""]"
KW_CLONE	clone	Programming token: clone (related: clone, copy, repository, git)	"{""source"": ""reference_glossary"", ""related_terms"": [""clone"", ""copy"", ""repository"", ""git"", ""remote""], ""extracted_at"": ""2026-08-03T12:28:05.433080""}"	2026-08-03T12:28:05.433083	2026-08-03T12:28:05.433084	"[""DIGITAL_ANALOG_IO"", ""DIGITAL_IDENTITY"", ""DIGITAL_FOOTPRINT"", ""COPYRIGHT_CREATIVE_COMMONS"", ""DIGITAL_DIVIDE"", ""DIGITAL_FILTERING_AND_SAMPLING"", ""COLOR_THEORY_AND_PALETTE_DESIGN"", ""DIGITAL_TWIN_SIMULATION""]"
KW_MUTEX	mutex	Programming token: mutex (related: mutex, lock, synchronization, mutual_exclusion)	"{""source"": ""reference_glossary"", ""related_terms"": [""mutex"", ""lock"", ""synchronization"", ""mutual_exclusion"", ""thread_safety""], ""extracted_at"": ""2026-08-03T12:28:05.433176""}"	2026-08-03T12:28:05.433179	2026-08-03T12:28:05.433180	"[""VISUAL_BLOCK_TO_CODE_TRANSITION""]"
KW_LOCK	lock	Programming token: lock (related: lock, mutex, synchronization, critical_section)	"{""source"": ""reference_glossary"", ""related_terms"": [""lock"", ""mutex"", ""synchronization"", ""critical_section"", ""acquire""], ""extracted_at"": ""2026-08-03T12:28:05.433274""}"	2026-08-03T12:28:05.433277	2026-08-03T12:28:05.433277	"[""VISUAL_BLOCK_TO_CODE_TRANSITION""]"
KW_UNLOCK	unlock	Programming token: unlock (related: unlock, mutex, release, critical_section)	"{""source"": ""reference_glossary"", ""related_terms"": [""unlock"", ""mutex"", ""release"", ""critical_section""], ""extracted_at"": ""2026-08-03T12:28:05.433358""}"	2026-08-03T12:28:05.433361	2026-08-03T12:28:05.433362	"[""ASYNCHRONOUS_PROG_CONCEPT""]"
KW_SEMAPHORE	semaphore	Programming token: semaphore (related: semaphore, synchronization, signaling, counting)	"{""source"": ""reference_glossary"", ""related_terms"": [""semaphore"", ""synchronization"", ""signaling"", ""counting""], ""extracted_at"": ""2026-08-03T12:28:05.433444""}"	2026-08-03T12:28:05.433447	2026-08-03T12:28:05.433448	"[""COMBINATORICS"", ""CARBON_FOOTPRINT_ACCOUNTING_SOFTWARE""]"
KW_CHANNEL	channel	Programming token: channel (related: channel, message_passing, csp, go)	"{""source"": ""reference_glossary"", ""related_terms"": [""channel"", ""message_passing"", ""csp"", ""go"", ""communication""], ""extracted_at"": ""2026-08-03T12:28:05.433551""}"	2026-08-03T12:28:05.433554	2026-08-03T12:28:05.433555	"[""SCHEDULING_ALGORITHMS"", ""CLUSTERING_ALGORITHMS"", ""ALGORITHMIC_BIAS_SOCIETY"", ""POLYGON_MESH"", ""GREEDY_ALGORITHMS"", ""ROBOTIC_PATH_PLANNING"", ""UNPLUGGED_ALGORITHM_MIMICRY"", ""ETHICAL_AI_AND_BIAS_AWARENESS""]"
KW_SELECT	select	Programming token: select (related: select, query, read, projection)	"{""source"": ""reference_glossary"", ""related_terms"": [""select"", ""query"", ""read"", ""projection"", ""filter""], ""extracted_at"": ""2026-08-03T12:28:05.433658""}"	2026-08-03T12:28:05.433660	2026-08-03T12:28:05.433661	"[""SQL_SELECT"", ""PROCESS_VS_THREAD"", ""TEMP_HUMIDITY_SENSORS"", ""LIGHT_MOTION_SENSORS"", ""CSS_SELECTORS"", ""SCREEN_READERS"", ""DIGITAL_FILTERING_AND_SAMPLING""]"
KW_GO	go	Programming token: go (related: go, goroutine, lightweight_thread, concurrency)	"{""source"": ""reference_glossary"", ""related_terms"": [""go"", ""goroutine"", ""lightweight_thread"", ""concurrency"", ""golang""], ""extracted_at"": ""2026-08-03T12:28:05.433767""}"	2026-08-03T12:28:05.433769	2026-08-03T12:28:05.433770	"[""SCHEDULING_ALGORITHMS"", ""CLUSTERING_ALGORITHMS"", ""ALGORITHMIC_BIAS_SOCIETY"", ""POLYGON_MESH"", ""GREEDY_ALGORITHMS"", ""ROBOTIC_PATH_PLANNING"", ""UNPLUGGED_ALGORITHM_MIMICRY"", ""ETHICAL_AI_AND_BIAS_AWARENESS""]"
KW_THREAD	thread	Programming token: thread (related: thread, concurrency, parallelism, os_thread)	"{""source"": ""reference_glossary"", ""related_terms"": [""thread"", ""concurrency"", ""parallelism"", ""os_thread"", ""execution""], ""extracted_at"": ""2026-08-03T12:28:05.433865""}"	2026-08-03T12:28:05.433868	2026-08-03T12:28:05.433868	"[""PROCESS_VS_THREAD""]"
KW_PROCESS	process	Programming token: process (related: process, isolation, memory, ipc)	"{""source"": ""reference_glossary"", ""related_terms"": [""process"", ""isolation"", ""memory"", ""ipc"", ""os""], ""extracted_at"": ""2026-08-03T12:28:05.433979""}"	2026-08-03T12:28:05.433982	2026-08-03T12:28:05.433982	"[""PROCESS_VS_THREAD"", ""USER_CENTERED_DESIGN"", ""DNS_LOOKUP"", ""MEMORY_TYPES"", ""DMA_CONCEPT"", ""VIRTUAL_MEMORY"", ""AGENT_MEMORY_SYSTEMS"", ""COMPUTE_IN_MEMORY_ACCELERATION""]"
KW_HTTP	http	Programming token: http (related: http, protocol, request, response)	"{""source"": ""reference_glossary"", ""related_terms"": [""http"", ""protocol"", ""request"", ""response"", ""rest"", ""web""], ""extracted_at"": ""2026-08-03T12:28:05.434101""}"	2026-08-03T12:28:05.434105	2026-08-03T12:28:05.434106	"[""HTTP_METHODS"", ""MODEL_CONTEXT_PROTOCOL_STANDARD"", ""QUANTUM_KEY_DISTRIBUTION_QKD"", ""FEEDBACK_AND_RESPONSE"", ""CYBERBULLYING"", ""API_INTEGRATION"", ""REST_PRINCIPLES"", ""IOT_MESSAGING_PROTOCOLS""]"
KW_HTTPS	https	Programming token: https (related: https, http, tls, secure)	"{""source"": ""reference_glossary"", ""related_terms"": [""https"", ""http"", ""tls"", ""secure"", ""encrypted""], ""extracted_at"": ""2026-08-03T12:28:05.434209""}"	2026-08-03T12:28:05.434212	2026-08-03T12:28:05.434213	"[""HTTP_METHODS""]"
KW_REST	rest	Programming token: rest (related: rest, api, http, resource)	"{""source"": ""reference_glossary"", ""related_terms"": [""rest"", ""api"", ""http"", ""resource"", ""stateless"", ""crud""], ""extracted_at"": ""2026-08-03T12:28:05.434335""}"	2026-08-03T12:28:05.434337	2026-08-03T12:28:05.434338	"[""API_INTEGRATION"", ""REST_PRINCIPLES"", ""HTTP_METHODS"", ""LOCATION_SERVICES_API"", ""MEDIA_PICKER_API"", ""LOCAL_NOTIFICATION_API""]"
KW_GRAPHQL	graphql	Programming token: graphql (related: graphql, api, query, mutation)	"{""source"": ""reference_glossary"", ""related_terms"": [""graphql"", ""api"", ""query"", ""mutation"", ""schema"", ""resolver""], ""extracted_at"": ""2026-08-03T12:28:05.434454""}"	2026-08-03T12:28:05.434457	2026-08-03T12:28:05.434458	"[""API_INTEGRATION"", ""LOCATION_SERVICES_API"", ""MEDIA_PICKER_API"", ""LOCAL_NOTIFICATION_API""]"
KW_API	api	Programming token: api (related: api, endpoint, interface, contract)	"{""source"": ""reference_glossary"", ""related_terms"": [""api"", ""endpoint"", ""interface"", ""contract"", ""integration""], ""extracted_at"": ""2026-08-03T12:28:05.434566""}"	2026-08-03T12:28:05.434569	2026-08-03T12:28:05.434570	"[""API_INTEGRATION"", ""LOCATION_SERVICES_API"", ""MEDIA_PICKER_API"", ""LOCAL_NOTIFICATION_API"", ""MAP_INTEGRATION"", ""NEURAL_SIGNAL_DECODING_BCI""]"
KW_JSON	json	Programming token: json (related: json, serialize, deserialize, parse)	"{""source"": ""reference_glossary"", ""related_terms"": [""json"", ""serialize"", ""deserialize"", ""parse"", ""stringify"", ""data_interchange""], ""extracted_at"": ""2026-08-03T12:28:05.434691""}"	2026-08-03T12:28:05.434694	2026-08-03T12:28:05.434695	"[""JSON_SERIALIZATION"", ""HYBRID_VECTOR_SPARSE_SEARCH""]"
KW_XML	xml	Programming token: xml (related: xml, markup, schema, namespace)	"{""source"": ""reference_glossary"", ""related_terms"": [""xml"", ""markup"", ""schema"", ""namespace"", ""soap""], ""extracted_at"": ""2026-08-03T12:28:05.434795""}"	2026-08-03T12:28:05.434797	2026-08-03T12:28:05.434798	"[""JSON_SERIALIZATION""]"
KW_WEBSOCKET	websocket	Programming token: websocket (related: websocket, full_duplex, real_time, bidirectional)	"{""source"": ""reference_glossary"", ""related_terms"": [""websocket"", ""full_duplex"", ""real_time"", ""bidirectional"", ""ws""], ""extracted_at"": ""2026-08-03T12:28:05.434897""}"	2026-08-03T12:28:05.434900	2026-08-03T12:28:05.434900	"[""LIGHTING_AND_SHADOWS""]"
KW_TCP	tcp	Programming token: tcp (related: tcp, transport, reliable, stream)	"{""source"": ""reference_glossary"", ""related_terms"": [""tcp"", ""transport"", ""reliable"", ""stream"", ""connection""], ""extracted_at"": ""2026-08-03T12:28:05.435001""}"	2026-08-03T12:28:05.435004	2026-08-03T12:28:05.435005	"[""TCP_IP_MODEL"", ""TCP_HANDSHAKE""]"
KW_UDP	udp	Programming token: udp (related: udp, transport, unreliable, datagram)	"{""source"": ""reference_glossary"", ""related_terms"": [""udp"", ""transport"", ""unreliable"", ""datagram"", ""connectionless""], ""extracted_at"": ""2026-08-03T12:28:05.435099""}"	2026-08-03T12:28:05.435102	2026-08-03T12:28:05.435103	"[""IOT_MESSAGING_PROTOCOLS"", ""TCP_IP_MODEL""]"
KW_IP	ip	Programming token: ip (related: ip, address, routing, network_layer)	"{""source"": ""reference_glossary"", ""related_terms"": [""ip"", ""address"", ""routing"", ""network_layer"", ""v4"", ""v6""], ""extracted_at"": ""2026-08-03T12:28:05.435228""}"	2026-08-03T12:28:05.435230	2026-08-03T12:28:05.435231	"[""AGILE_PRINCIPLES"", ""RENDERING_PIPELINE"", ""COMPOSITION_PRINCIPLES"", ""CIRCUIT_PRINCIPLES_CONCEPT"", ""TCP_IP_MODEL"", ""IPV4_VS_IPV6"", ""DOM_MANIPULATION"", ""REST_PRINCIPLES""]"
KW_DNS	dns	Programming token: dns (related: dns, domain, resolution, name_server)	"{""source"": ""reference_glossary"", ""related_terms"": [""dns"", ""domain"", ""resolution"", ""name_server"", ""lookup""], ""extracted_at"": ""2026-08-03T12:28:05.435341""}"	2026-08-03T12:28:05.435343	2026-08-03T12:28:05.435344	"[""DNS_LOOKUP""]"
KW_URL	url	Programming token: url (related: url, uri, address, resource)	"{""source"": ""reference_glossary"", ""related_terms"": [""url"", ""uri"", ""address"", ""resource"", ""location""], ""extracted_at"": ""2026-08-03T12:28:05.435461""}"	2026-08-03T12:28:05.435464	2026-08-03T12:28:05.435465	"[""LOCATION_SERVICES_API"", ""FILE_ALLOCATION"", ""IOT_SECURITY_THREATS"", ""THREAT_MODELING_ASSESSMENT"", ""FOURIER_TRANSFORM_SIGNAL_ANALYSIS""]"
KW_HEADER	header	Programming token: header (related: header, metadata, http, request)	"{""source"": ""reference_glossary"", ""related_terms"": [""header"", ""metadata"", ""http"", ""request"", ""response""], ""extracted_at"": ""2026-08-03T12:28:05.435564""}"	2026-08-03T12:28:05.435575	2026-08-03T12:28:05.435576	"[""HTTP_METHODS"", ""FEEDBACK_AND_RESPONSE"", ""CYBERBULLYING""]"
KW_BODY	body	Programming token: body (related: body, payload, content, http)	"{""source"": ""reference_glossary"", ""related_terms"": [""body"", ""payload"", ""content"", ""http"", ""message""], ""extracted_at"": ""2026-08-03T12:28:05.435671""}"	2026-08-03T12:28:05.435679	2026-08-03T12:28:05.435679	"[""HTML_STRUCTURE"", ""HTTP_METHODS"", ""ERROR_MESSAGES_CONCEPT""]"
KW_STATUS	status	Programming token: status (related: status, code, http, response)	"{""source"": ""reference_glossary"", ""related_terms"": [""status"", ""code"", ""http"", ""response"", ""success"", ""error""], ""extracted_at"": ""2026-08-03T12:28:05.435794""}"	2026-08-03T12:28:05.435797	2026-08-03T12:28:05.435798	"[""QR_CODE_GENERATION"", ""VISUAL_BLOCK_TO_CODE_TRANSITION"", ""HTTP_METHODS"", ""FEEDBACK_AND_RESPONSE"", ""CYBERBULLYING"", ""ERROR_MESSAGES_CONCEPT"", ""FETCH_DECODE_EXECUTE"", ""LOGIC_ERRORS""]"
KW_COOKIE	cookie	Programming token: cookie (related: cookie, session, state, browser)	"{""source"": ""reference_glossary"", ""related_terms"": [""cookie"", ""session"", ""state"", ""browser"", ""tracking""], ""extracted_at"": ""2026-08-03T12:28:05.435899""}"	2026-08-03T12:28:05.435902	2026-08-03T12:28:05.435903	"[""OBJECT_PROPERTIES"", ""LOCAL_VIEW_STATE"", ""SHARED_OBSERVABLE_STATE"", ""DURABLE_AGENT_STATE_MANAGEMENT"", ""MULTI_SENSOR_FUSION_ALGORITHMS"", ""TYPOGRAPHY_AND_VISUAL_HIERARCHY"", ""IF_ELSE_STATEMENT"", ""SWITCH_CASE""]"
KW_SESSION	session	Programming token: session (related: session, state, authentication, server_side)	"{""source"": ""reference_glossary"", ""related_terms"": [""session"", ""state"", ""authentication"", ""server_side"", ""cookie""], ""extracted_at"": ""2026-08-03T12:28:05.436021""}"	2026-08-03T12:28:05.436024	2026-08-03T12:28:05.436025	"[""OBJECT_PROPERTIES"", ""LOCAL_VIEW_STATE"", ""SHARED_OBSERVABLE_STATE"", ""DURABLE_AGENT_STATE_MANAGEMENT"", ""MULTI_SENSOR_FUSION_ALGORITHMS"", ""PASSWORD_STRENGTH_CONCEPT"", ""TWO_FACTOR_AUTH"", ""IDENTITY_AND_ACCESS_MANAGEMENT""]"
KW_JWT	jwt	Programming token: jwt (related: jwt, token, claims, stateless)	"{""source"": ""reference_glossary"", ""related_terms"": [""jwt"", ""token"", ""claims"", ""stateless"", ""compact"", ""url_safe""], ""extracted_at"": ""2026-08-03T12:28:05.436170""}"	2026-08-03T12:28:05.436173	2026-08-03T12:28:05.436174	"[""REST_PRINCIPLES""]"
KW_OAUTH	oauth	Programming token: oauth (related: oauth, authorization, delegated, token)	"{""source"": ""reference_glossary"", ""related_terms"": [""oauth"", ""authorization"", ""delegated"", ""token"", ""provider""], ""extracted_at"": ""2026-08-03T12:28:05.436278""}"	2026-08-03T12:28:05.436281	2026-08-03T12:28:05.436282	"[""IDENTITY_AND_ACCESS_MANAGEMENT""]"
KW_CORS	cors	Programming token: cors (related: cors, cross_origin, browser, security)	"{""source"": ""reference_glossary"", ""related_terms"": [""cors"", ""cross_origin"", ""browser"", ""security"", ""policy""], ""extracted_at"": ""2026-08-03T12:28:05.436393""}"	2026-08-03T12:28:05.436396	2026-08-03T12:28:05.436396	"[""IOT_SECURITY_THREATS"", ""PASSWORD_STRENGTH_CONCEPT"", ""TWO_FACTOR_AUTH"", ""THREAT_MODELING_ASSESSMENT""]"
KW_SQL	sql	Programming token: sql (related: sql, query, relational, declarative)	"{""source"": ""reference_glossary"", ""related_terms"": [""sql"", ""query"", ""relational"", ""declarative"", ""standard""], ""extracted_at"": ""2026-08-03T12:28:05.436509""}"	2026-08-03T12:28:05.436512	2026-08-03T12:28:05.436513	"[""SQL_SELECT"", ""SQL_JOIN"", ""RELATIONAL_VS_NONRELATIONAL"", ""MODEL_CONTEXT_PROTOCOL_STANDARD"", ""INCLUSIVE_DESIGN_ACCESSIBILITY_WCAG""]"
KW_INSERT	insert	Programming token: insert (related: insert, write, create, dml)	"{""source"": ""reference_glossary"", ""related_terms"": [""insert"", ""write"", ""create"", ""dml"", ""data""], ""extracted_at"": ""2026-08-03T12:28:05.436629""}"	2026-08-03T12:28:05.436632	2026-08-03T12:28:05.436633	"[""DATA_EXPLORATION_EDA"", ""DATA_CLEANING_TECHNIQUES"", ""DATA_DISTRIBUTIONS"", ""TWO_WAY_BINDING"", ""CORE_DATA_ORM"", ""AIOT_DATA_PIPELINE"", ""DATA_LITERACY_DIKW_MODEL"", ""RELATIONAL_VS_NONRELATIONAL""]"
KW_UPDATE	update	Programming token: update (related: update, write, modify, dml)	"{""source"": ""reference_glossary"", ""related_terms"": [""update"", ""write"", ""modify"", ""dml"", ""data""], ""extracted_at"": ""2026-08-03T12:28:05.436742""}"	2026-08-03T12:28:05.436745	2026-08-03T12:28:05.436746	"[""DATA_EXPLORATION_EDA"", ""DATA_CLEANING_TECHNIQUES"", ""DATA_DISTRIBUTIONS"", ""TWO_WAY_BINDING"", ""CORE_DATA_ORM"", ""AIOT_DATA_PIPELINE"", ""DATA_LITERACY_DIKW_MODEL"", ""RELATIONAL_VS_NONRELATIONAL""]"
KW_DELETE	delete	Programming token: delete (related: delete, remove, dml, data)	"{""source"": ""reference_glossary"", ""related_terms"": [""delete"", ""remove"", ""dml"", ""data""], ""extracted_at"": ""2026-08-03T12:28:05.436844""}"	2026-08-03T12:28:05.436847	2026-08-03T12:28:05.436847	"[""LIST_OPERATIONS"", ""DATA_EXPLORATION_EDA"", ""DATA_CLEANING_TECHNIQUES"", ""DATA_DISTRIBUTIONS"", ""TWO_WAY_BINDING"", ""CORE_DATA_ORM"", ""AIOT_DATA_PIPELINE"", ""DATA_LITERACY_DIKW_MODEL""]"
KW_JOIN	join	Programming token: join (related: join, relational, combine, inner)	"{""source"": ""reference_glossary"", ""related_terms"": [""join"", ""relational"", ""combine"", ""inner"", ""outer"", ""left"", ""right""], ""extracted_at"": ""2026-08-03T12:28:05.436995""}"	2026-08-03T12:28:05.436998	2026-08-03T12:28:05.436999	"[""SQL_JOIN"", ""RELATIONAL_VS_NONRELATIONAL"", ""PUBLISHER_SUBSCRIBER_MODEL"", ""ROUTERS_SWITCHES_CONCEPT"", ""COPYRIGHT_CREATIVE_COMMONS""]"
KW_GROUP	group	Programming token: group (related: group, aggregate, having, clause)	"{""source"": ""reference_glossary"", ""related_terms"": [""group"", ""aggregate"", ""having"", ""clause"", ""sql""], ""extracted_at"": ""2026-08-03T12:28:05.437101""}"	2026-08-03T12:28:05.437104	2026-08-03T12:28:05.437105	"[""SQL_SELECT"", ""SQL_JOIN"", ""RELATIONAL_VS_NONRELATIONAL""]"
KW_ORDER	order	Programming token: order (related: order, sort, asc, desc)	"{""source"": ""reference_glossary"", ""related_terms"": [""order"", ""sort"", ""asc"", ""desc"", ""clause"", ""sql""], ""extracted_at"": ""2026-08-03T12:28:05.437234""}"	2026-08-03T12:28:05.437237	2026-08-03T12:28:05.437238	"[""FIRST_CLASS_FUNCTIONS_CONCEPT"", ""BUBBLE_INSERTION_SORT"", ""SQL_SELECT"", ""SQL_JOIN"", ""RELATIONAL_VS_NONRELATIONAL"", ""GRADIENT_DESCENT_OPTIMIZATION""]"
KW_INDEX	index	Programming token: index (related: index, performance, lookup, b_tree)	"{""source"": ""reference_glossary"", ""related_terms"": [""index"", ""performance"", ""lookup"", ""b_tree"", ""hash""], ""extracted_at"": ""2026-08-03T12:28:05.437338""}"	2026-08-03T12:28:05.437340	2026-08-03T12:28:05.437341	"[""ARRAY_OPERATIONS"", ""DNS_LOOKUP""]"
KW_TRANSACTION	transaction	Programming token: transaction (related: transaction, acid, atomic, consistent)	"{""source"": ""reference_glossary"", ""related_terms"": [""transaction"", ""acid"", ""atomic"", ""consistent"", ""isolated"", ""durable""], ""extracted_at"": ""2026-08-03T12:28:05.437468""}"	2026-08-03T12:28:05.437471	2026-08-03T12:28:05.437472	"[""DURABLE_AGENT_STATE_MANAGEMENT""]"
KW_COMMIT	commit	Programming token: commit (related: commit, snapshot, history, git)	"{""source"": ""reference_glossary"", ""related_terms"": [""commit"", ""snapshot"", ""history"", ""git"", ""version_control""], ""extracted_at"": ""2026-08-03T12:28:05.437581""}"	2026-08-03T12:28:05.437584	2026-08-03T12:28:05.437585	"[""AI_HISTORY_MILESTONES"", ""DIGITAL_ANALOG_IO"", ""DIGITAL_IDENTITY"", ""DIGITAL_FOOTPRINT"", ""DIGITAL_DIVIDE"", ""DIGITAL_FILTERING_AND_SAMPLING"", ""COLOR_THEORY_AND_PALETTE_DESIGN"", ""DIGITAL_TWIN_SIMULATION""]"
KW_ROLLBACK	rollback	Programming token: rollback (related: rollback, transaction, undo, abort)	"{""source"": ""reference_glossary"", ""related_terms"": [""rollback"", ""transaction"", ""undo"", ""abort""], ""extracted_at"": ""2026-08-03T12:28:05.437673""}"	2026-08-03T12:28:05.437676	2026-08-03T12:28:05.437677	"[""RELATIONAL_VS_NONRELATIONAL"", ""DATABASE_NORMALIZATION""]"
KW_PRIMARY_KEY	primary_key	Programming token: primary_key (related: primary_key, unique, identifier, constraint)	"{""source"": ""reference_glossary"", ""related_terms"": [""primary_key"", ""unique"", ""identifier"", ""constraint"", ""pk""], ""extracted_at"": ""2026-08-03T12:28:05.437778""}"	2026-08-03T12:28:05.437781	2026-08-03T12:28:05.437782	"[""PHYSICS_CONSTRAINTS_CONCEPT""]"
KW_FOREIGN_KEY	foreign_key	Programming token: foreign_key (related: foreign_key, reference, constraint, relationship)	"{""source"": ""reference_glossary"", ""related_terms"": [""foreign_key"", ""reference"", ""constraint"", ""relationship"", ""fk""], ""extracted_at"": ""2026-08-03T12:28:05.437880""}"	2026-08-03T12:28:05.437883	2026-08-03T12:28:05.437883	"[""REFERENCE_TYPE_DECLARATION"", ""PHYSICS_CONSTRAINTS_CONCEPT""]"
KW_SCHEMA	schema	Programming token: schema (related: schema, structure, definition, ddl)	"{""source"": ""reference_glossary"", ""related_terms"": [""schema"", ""structure"", ""definition"", ""ddl"", ""metadata""], ""extracted_at"": ""2026-08-03T12:28:05.437988""}"	2026-08-03T12:28:05.437990	2026-08-03T12:28:05.437991	"[""HTML_STRUCTURE"", ""CLASS_DEFINITION"", ""PUBLIC_KEY_INFRASTRUCTURE""]"
KW_MIGRATION	migration	Programming token: migration (related: migration, schema, version, evolution)	"{""source"": ""reference_glossary"", ""related_terms"": [""migration"", ""schema"", ""version"", ""evolution"", ""deployment""], ""extracted_at"": ""2026-08-03T12:28:05.438100""}"	2026-08-03T12:28:05.438103	2026-08-03T12:28:05.438103	"[""VERSION_CONTROL_WORKFLOW"", ""CLOUD_DEPLOYMENT_MODELS"", ""COMPUTATIONAL_GENETICS_MODELS""]"
KW_TEST	test	Programming token: test (related: test, unit_test, verification, assertion)	"{""source"": ""reference_glossary"", ""related_terms"": [""test"", ""unit_test"", ""verification"", ""assertion"", ""quality""], ""extracted_at"": ""2026-08-03T12:28:05.438212""}"	2026-08-03T12:28:05.438215	2026-08-03T12:28:05.438216	"[""AI_ARTIFACT_VERIFICATION_AND_EVALUATION"", ""FORMAL_PROGRAM_VERIFICATION"", ""UNIT_TESTING"", ""USABILITY_TESTING""]"
KW_ASSERT	assert	Programming token: assert (related: assert, expect, verify, check)	"{""source"": ""reference_glossary"", ""related_terms"": [""assert"", ""expect"", ""verify"", ""check"", ""condition""], ""extracted_at"": ""2026-08-03T12:28:05.438331""}"	2026-08-03T12:28:05.438334	2026-08-03T12:28:05.438335	"[""WHILE_LOOP"", ""FORMAL_PROGRAM_VERIFICATION""]"
KW_MOCK	mock	Programming token: mock (related: mock, stub, spy, fake)	"{""source"": ""reference_glossary"", ""related_terms"": [""mock"", ""stub"", ""spy"", ""fake"", ""test_double"", ""isolation""], ""extracted_at"": ""2026-08-03T12:28:05.438448""}"	2026-08-03T12:28:05.438450	2026-08-03T12:28:05.438451	"[""UNIT_TESTING""]"
KW_STUB	stub	Programming token: stub (related: stub, mock, test_double, controlled)	"{""source"": ""reference_glossary"", ""related_terms"": [""stub"", ""mock"", ""test_double"", ""controlled"", ""response""], ""extracted_at"": ""2026-08-03T12:28:05.438543""}"	2026-08-03T12:28:05.438547	2026-08-03T12:28:05.438548	"[""FEEDBACK_AND_RESPONSE"", ""CYBERBULLYING""]"
KW_SPY	spy	Programming token: spy (related: spy, mock, observation, call_tracking)	"{""source"": ""reference_glossary"", ""related_terms"": [""spy"", ""mock"", ""observation"", ""call_tracking"", ""verification""], ""extracted_at"": ""2026-08-03T12:28:05.438648""}"	2026-08-03T12:28:05.438652	2026-08-03T12:28:05.438653	"[""AI_ARTIFACT_VERIFICATION_AND_EVALUATION"", ""FORMAL_PROGRAM_VERIFICATION""]"
KW_FIXTURE	fixture	Programming token: fixture (related: fixture, test_data, setup, teardown)	"{""source"": ""reference_glossary"", ""related_terms"": [""fixture"", ""test_data"", ""setup"", ""teardown"", ""context""], ""extracted_at"": ""2026-08-03T12:28:05.438763""}"	2026-08-03T12:28:05.438766	2026-08-03T12:28:05.438767	"[""ARDUINO_BASICS"", ""MODEL_CONTEXT_PROTOCOL_STANDARD""]"
KW_SETUP	setup	Programming token: setup (related: setup, initialization, test, before_each)	"{""source"": ""reference_glossary"", ""related_terms"": [""setup"", ""initialization"", ""test"", ""before_each"", ""arrange""], ""extracted_at"": ""2026-08-03T12:28:05.438865""}"	2026-08-03T12:28:05.438868	2026-08-03T12:28:05.438868	"[""ARDUINO_BASICS"", ""UNIT_TESTING"", ""USABILITY_TESTING""]"
KW_TEARDOWN	teardown	Programming token: teardown (related: teardown, cleanup, test, after_each)	"{""source"": ""reference_glossary"", ""related_terms"": [""teardown"", ""cleanup"", ""test"", ""after_each"", ""dispose""], ""extracted_at"": ""2026-08-03T12:28:05.438969""}"	2026-08-03T12:28:05.438971	2026-08-03T12:28:05.438972	"[""UNIT_TESTING"", ""USABILITY_TESTING""]"
KW_COVERAGE	coverage	Programming token: coverage (related: coverage, code_coverage, branch, line)	"{""source"": ""reference_glossary"", ""related_terms"": [""coverage"", ""code_coverage"", ""branch"", ""line"", ""metric""], ""extracted_at"": ""2026-08-03T12:28:05.439073""}"	2026-08-03T12:28:05.439076	2026-08-03T12:28:05.439076	"[""RENDERING_PIPELINE"", ""2D_3D_TRANSFORMATIONS_MATH"", ""LINEAR_BINARY_SEARCH"", ""NETIQUETTE"", ""AIOT_DATA_PIPELINE""]"
KW_BENCHMARK	benchmark	Programming token: benchmark (related: benchmark, performance, measurement, profiling)	"{""source"": ""reference_glossary"", ""related_terms"": [""benchmark"", ""performance"", ""measurement"", ""profiling"", ""optimization""], ""extracted_at"": ""2026-08-03T12:28:05.439170""}"	2026-08-03T12:28:05.439173	2026-08-03T12:28:05.439174	"[""GREEDY_ALGORITHMS"", ""SMALL_LANGUAGE_MODEL_OPTIMIZATION"", ""GRADIENT_DESCENT_OPTIMIZATION"", ""SMART_GRID_ENERGY_OPTIMIZATION""]"
KW_GIT	git	Programming token: git (related: git, version_control, dvc, distributed)	"{""source"": ""reference_glossary"", ""related_terms"": [""git"", ""version_control"", ""dvc"", ""distributed"", ""repository""], ""extracted_at"": ""2026-08-03T12:28:05.439285""}"	2026-08-03T12:28:05.439287	2026-08-03T12:28:05.439288	"[""DIGITAL_ANALOG_IO"", ""DIGITAL_IDENTITY"", ""DIGITAL_FOOTPRINT"", ""DIGITAL_DIVIDE"", ""DIGITAL_FILTERING_AND_SAMPLING"", ""COLOR_THEORY_AND_PALETTE_DESIGN"", ""DIGITAL_TWIN_SIMULATION""]"
KW_PUSH	push	Programming token: push (related: push, remote, upload, git)	"{""source"": ""reference_glossary"", ""related_terms"": [""push"", ""remote"", ""upload"", ""git"", ""publish""], ""extracted_at"": ""2026-08-03T12:28:05.439389""}"	2026-08-03T12:28:05.439392	2026-08-03T12:28:05.439392	"[""STACK_OPERATIONS"", ""DIGITAL_ANALOG_IO"", ""DIGITAL_IDENTITY"", ""DIGITAL_FOOTPRINT"", ""DIGITAL_DIVIDE"", ""PUBLISHER_SUBSCRIBER_MODEL"", ""DIGITAL_FILTERING_AND_SAMPLING"", ""COLOR_THEORY_AND_PALETTE_DESIGN""]"
KW_PULL	pull	Programming token: pull (related: pull, remote, download, git)	"{""source"": ""reference_glossary"", ""related_terms"": [""pull"", ""remote"", ""download"", ""git"", ""fetch_merge""], ""extracted_at"": ""2026-08-03T12:28:05.439498""}"	2026-08-03T12:28:05.439501	2026-08-03T12:28:05.439502	"[""DIGITAL_ANALOG_IO"", ""DIGITAL_IDENTITY"", ""DIGITAL_FOOTPRINT"", ""DIGITAL_DIVIDE"", ""DIGITAL_FILTERING_AND_SAMPLING"", ""COLOR_THEORY_AND_PALETTE_DESIGN"", ""DIGITAL_TWIN_SIMULATION""]"
KW_FETCH	fetch	Programming token: fetch (related: fetch, remote, download, git)	"{""source"": ""reference_glossary"", ""related_terms"": [""fetch"", ""remote"", ""download"", ""git"", ""no_merge""], ""extracted_at"": ""2026-08-03T12:28:05.439612""}"	2026-08-03T12:28:05.439615	2026-08-03T12:28:05.439616	"[""FETCH_DECODE_EXECUTE"", ""API_INTEGRATION"", ""DIGITAL_ANALOG_IO"", ""DIGITAL_IDENTITY"", ""DIGITAL_FOOTPRINT"", ""DIGITAL_DIVIDE"", ""DIGITAL_FILTERING_AND_SAMPLING"", ""COLOR_THEORY_AND_PALETTE_DESIGN""]"
KW_MERGE	merge	Programming token: merge (related: merge, combine, branch, git)	"{""source"": ""reference_glossary"", ""related_terms"": [""merge"", ""combine"", ""branch"", ""git"", ""integration""], ""extracted_at"": ""2026-08-03T12:28:05.439730""}"	2026-08-03T12:28:05.439733	2026-08-03T12:28:05.439733	"[""PUBLISHER_SUBSCRIBER_MODEL"", ""API_INTEGRATION"", ""MAP_INTEGRATION"", ""DIGITAL_ANALOG_IO"", ""DIGITAL_IDENTITY"", ""DIGITAL_FOOTPRINT"", ""DIGITAL_DIVIDE"", ""DIGITAL_FILTERING_AND_SAMPLING""]"
KW_REBASE	rebase	Programming token: rebase (related: rebase, rewrite, history, git)	"{""source"": ""reference_glossary"", ""related_terms"": [""rebase"", ""rewrite"", ""history"", ""git"", ""linear""], ""extracted_at"": ""2026-08-03T12:28:05.439851""}"	2026-08-03T12:28:05.439853	2026-08-03T12:28:05.439854	"[""AI_HISTORY_MILESTONES"", ""LINEAR_BINARY_SEARCH"", ""DIGITAL_ANALOG_IO"", ""DIGITAL_IDENTITY"", ""DIGITAL_FOOTPRINT"", ""DIGITAL_DIVIDE"", ""DIGITAL_FILTERING_AND_SAMPLING"", ""COLOR_THEORY_AND_PALETTE_DESIGN""]"
KW_BRANCH	branch	Programming token: branch (related: branch, parallel, development, git)	"{""source"": ""reference_glossary"", ""related_terms"": [""branch"", ""parallel"", ""development"", ""git"", ""feature""], ""extracted_at"": ""2026-08-03T12:28:05.439954""}"	2026-08-03T12:28:05.439957	2026-08-03T12:28:05.439957	"[""COMPUTER_VISION_FEATURE_EXTRACTION"", ""DIGITAL_ANALOG_IO"", ""DIGITAL_IDENTITY"", ""DIGITAL_FOOTPRINT"", ""DIGITAL_DIVIDE"", ""DIGITAL_FILTERING_AND_SAMPLING"", ""COLOR_THEORY_AND_PALETTE_DESIGN"", ""DIGITAL_TWIN_SIMULATION""]"
KW_CHECKOUT	checkout	Programming token: checkout (related: checkout, switch, branch, git)	"{""source"": ""reference_glossary"", ""related_terms"": [""checkout"", ""switch"", ""branch"", ""git"", ""restore""], ""extracted_at"": ""2026-08-03T12:28:05.440071""}"	2026-08-03T12:28:05.440074	2026-08-03T12:28:05.440075	"[""ROUTERS_SWITCHES_CONCEPT"", ""SWITCH_CASE"", ""DIGITAL_ANALOG_IO"", ""DIGITAL_IDENTITY"", ""DIGITAL_FOOTPRINT"", ""DIGITAL_DIVIDE"", ""DIGITAL_FILTERING_AND_SAMPLING"", ""COLOR_THEORY_AND_PALETTE_DESIGN""]"
KW_FORK	fork	Programming token: fork (related: fork, copy, repository, github)	"{""source"": ""reference_glossary"", ""related_terms"": [""fork"", ""copy"", ""repository"", ""github"", ""contribution""], ""extracted_at"": ""2026-08-03T12:28:05.440175""}"	2026-08-03T12:28:05.440178	2026-08-03T12:28:05.440179	"[""COPYRIGHT_CREATIVE_COMMONS""]"
KW_PR	pr	Programming token: pr (related: pr, pull_request, review, merge)	"{""source"": ""reference_glossary"", ""related_terms"": [""pr"", ""pull_request"", ""review"", ""merge"", ""github"", ""collaboration""], ""extracted_at"": ""2026-08-03T12:28:05.440320""}"	2026-08-03T12:28:05.440323	2026-08-03T12:28:05.440324	"[""SHARED_EDITING_ETIQUETTE"", ""COLLABORATIVE_PLATFORMS"", ""MULTI_AGENT_COOPERATION"", ""PROCESS_VS_THREAD"", ""ERROR_MESSAGES_CONCEPT"", ""PROBLEM_DECOMPOSITION"", ""AGILE_PRINCIPLES"", ""CHART_TYPES""]"
KW_REVIEW	review	Programming token: review (related: review, code_review, quality, feedback)	"{""source"": ""reference_glossary"", ""related_terms"": [""review"", ""code_review"", ""quality"", ""feedback"", ""approval""], ""extracted_at"": ""2026-08-03T12:28:05.440428""}"	2026-08-03T12:28:05.440431	2026-08-03T12:28:05.440432	"[""FEEDBACK_AND_RESPONSE"", ""USABILITY_TESTING"", ""ROBOTIC_ACTUATION_CONTROL""]"
KW_BUILD	build	Programming token: build (related: build, compile, artifact, ci)	"{""source"": ""reference_glossary"", ""related_terms"": [""build"", ""compile"", ""artifact"", ""ci"", ""pipeline""], ""extracted_at"": ""2026-08-03T12:28:05.440548""}"	2026-08-03T12:28:05.440551	2026-08-03T12:28:05.440552	"[""AI_ARTIFACT_VERIFICATION_AND_EVALUATION"", ""RENDERING_PIPELINE"", ""AIOT_DATA_PIPELINE"", ""AGILE_PRINCIPLES"", ""ALGORITHMIC_BIAS_SOCIETY"", ""SHAPE_BUILDING"", ""COMPOSITION_PRINCIPLES"", ""CIRCUIT_PRINCIPLES_CONCEPT""]"
KW_COMPILE	compile	Programming token: compile (related: compile, translate, source, binary)	"{""source"": ""reference_glossary"", ""related_terms"": [""compile"", ""translate"", ""source"", ""binary"", ""build""], ""extracted_at"": ""2026-08-03T12:28:05.440662""}"	2026-08-03T12:28:05.440665	2026-08-03T12:28:05.440665	"[""TRANSFORMATION_OPERATIONS"", ""LINEAR_BINARY_SEARCH"", ""SHAPE_BUILDING""]"
KW_LINK	link	Programming token: link (related: link, resolve, symbol, library)	"{""source"": ""reference_glossary"", ""related_terms"": [""link"", ""resolve"", ""symbol"", ""library"", ""executable""], ""extracted_at"": ""2026-08-03T12:28:05.440770""}"	2026-08-03T12:28:05.440773	2026-08-03T12:28:05.440773	"[""FILE_ALLOCATION""]"
KW_DEPLOY	deploy	Programming token: deploy (related: deploy, release, production, environment)	"{""source"": ""reference_glossary"", ""related_terms"": [""deploy"", ""release"", ""production"", ""environment"", ""infrastructure""], ""extracted_at"": ""2026-08-03T12:28:05.440874""}"	2026-08-03T12:28:05.440877	2026-08-03T12:28:05.440877	"[""RENEWABLE_ENERGY_FORECASTING"", ""PUBLIC_KEY_INFRASTRUCTURE"", ""CLOUD_DEPLOYMENT_MODELS""]"
KW_CI	ci	Programming token: ci (related: ci, continuous_integration, automation, pipeline)	"{""source"": ""reference_glossary"", ""related_terms"": [""ci"", ""continuous_integration"", ""automation"", ""pipeline"", ""quality""], ""extracted_at"": ""2026-08-03T12:28:05.440992""}"	2026-08-03T12:28:05.440995	2026-08-03T12:28:05.440996	"[""RENDERING_PIPELINE"", ""AIOT_DATA_PIPELINE"", ""AGILE_PRINCIPLES"", ""ALGORITHMIC_BIAS_SOCIETY"", ""COMPOSITION_PRINCIPLES"", ""CIRCUIT_PRINCIPLES_CONCEPT"", ""REST_PRINCIPLES"", ""WCAG_PRINCIPLES""]"
KW_CD	cd	Programming token: cd (related: cd, continuous_deployment, delivery, automation)	"{""source"": ""reference_glossary"", ""related_terms"": [""cd"", ""continuous_deployment"", ""delivery"", ""automation"", ""release""], ""extracted_at"": ""2026-08-03T12:28:05.441103""}"	2026-08-03T12:28:05.441106	2026-08-03T12:28:05.441107	"[""CLOUD_DEPLOYMENT_MODELS"", ""AIOT_DATA_PIPELINE""]"
KW_PIPELINE	pipeline	Programming token: pipeline (related: pipeline, stages, automation, ci)	"{""source"": ""reference_glossary"", ""related_terms"": [""pipeline"", ""stages"", ""automation"", ""ci"", ""cd"", ""workflow""], ""extracted_at"": ""2026-08-03T12:28:05.441233""}"	2026-08-03T12:28:05.441236	2026-08-03T12:28:05.441237	"[""RENDERING_PIPELINE"", ""AIOT_DATA_PIPELINE"", ""VERSION_CONTROL_WORKFLOW"", ""AGENTIC_WORKFLOW_ORCHESTRATION"", ""GRAPH_BASED_AGENTIC_WORKFLOW"", ""AGILE_PRINCIPLES"", ""ALGORITHMIC_BIAS_SOCIETY"", ""COMPOSITION_PRINCIPLES""]"
KW_ARTIFACT	artifact	Programming token: artifact (related: artifact, output, build, binary)	"{""source"": ""reference_glossary"", ""related_terms"": [""artifact"", ""output"", ""build"", ""binary"", ""package""], ""extracted_at"": ""2026-08-03T12:28:05.441348""}"	2026-08-03T12:28:05.441351	2026-08-03T12:28:05.441352	"[""AI_ARTIFACT_VERIFICATION_AND_EVALUATION"", ""LINEAR_BINARY_SEARCH"", ""SHAPE_BUILDING""]"
KW_CONTAINER	container	Programming token: container (related: container, docker, isolation, portable)	"{""source"": ""reference_glossary"", ""related_terms"": [""container"", ""docker"", ""isolation"", ""portable"", ""image""], ""extracted_at"": ""2026-08-03T12:28:05.441501""}"	2026-08-03T12:28:05.441519	2026-08-03T12:28:05.441520	"[""IMAGE_RETOUCHING"", ""IMAGE_COMPOSITING"", ""MEDICAL_IMAGE_DICOM_SEGMENTATION""]"
KW_DOCKER	docker	Programming token: docker (related: docker, container, image, dockerfile)	"{""source"": ""reference_glossary"", ""related_terms"": [""docker"", ""container"", ""image"", ""dockerfile"", ""runtime""], ""extracted_at"": ""2026-08-03T12:28:05.441636""}"	2026-08-03T12:28:05.441641	2026-08-03T12:28:05.441642	"[""IMAGE_RETOUCHING"", ""IMAGE_COMPOSITING"", ""MEDICAL_IMAGE_DICOM_SEGMENTATION"", ""RUNTIME_ERRORS""]"
KW_KUBERNETES	kubernetes	Programming token: kubernetes (related: kubernetes, orchestration, container, cluster)	"{""source"": ""reference_glossary"", ""related_terms"": [""kubernetes"", ""orchestration"", ""container"", ""cluster"", ""scaling""], ""extracted_at"": ""2026-08-03T12:28:05.441742""}"	2026-08-03T12:28:05.441746	2026-08-03T12:28:05.441747	"[""AGENTIC_WORKFLOW_ORCHESTRATION"", ""2D_3D_TRANSFORMATIONS_MATH"", ""CLUSTERING_ALGORITHMS""]"
KW_HELM	helm	Programming token: helm (related: helm, kubernetes, package, chart)	"{""source"": ""reference_glossary"", ""related_terms"": [""helm"", ""kubernetes"", ""package"", ""chart"", ""template""], ""extracted_at"": ""2026-08-03T12:28:05.441849""}"	2026-08-03T12:28:05.441852	2026-08-03T12:28:05.441853	"[""CHART_TYPES""]"
KW_ENCRYPT	encrypt	Programming token: encrypt (related: encrypt, cipher, aes, rsa)	"{""source"": ""reference_glossary"", ""related_terms"": [""encrypt"", ""cipher"", ""aes"", ""rsa"", ""confidentiality"", ""crypto""], ""extracted_at"": ""2026-08-03T12:28:05.441974""}"	2026-08-03T12:28:05.441977	2026-08-03T12:28:05.441978	"[""DECENTRALIZED_LEDGER_CONSENSUS""]"
KW_DECRYPT	decrypt	Programming token: decrypt (related: decrypt, cipher, plaintext, crypto)	"{""source"": ""reference_glossary"", ""related_terms"": [""decrypt"", ""cipher"", ""plaintext"", ""crypto"", ""reverse""], ""extracted_at"": ""2026-08-03T12:28:05.442077""}"	2026-08-03T12:28:05.442080	2026-08-03T12:28:05.442081	"[""DECENTRALIZED_LEDGER_CONSENSUS""]"
KW_HASH	hash	Programming token: hash (related: hash, sha256, md5, digest)	"{""source"": ""reference_glossary"", ""related_terms"": [""hash"", ""sha256"", ""md5"", ""digest"", ""integrity"", ""one_way""], ""extracted_at"": ""2026-08-03T12:28:05.442190""}"	2026-08-03T12:28:05.442193	2026-08-03T12:28:05.442194	"[""RENDERING_PIPELINE"", ""TCP_HANDSHAKE""]"
KW_SIGN	sign	Programming token: sign (related: sign, signature, verify, authenticity)	"{""source"": ""reference_glossary"", ""related_terms"": [""sign"", ""signature"", ""verify"", ""authenticity"", ""non_repudiation"", ""crypto""], ""extracted_at"": ""2026-08-03T12:28:05.442314""}"	2026-08-03T12:28:05.442317	2026-08-03T12:28:05.442318	"[""CREATIONAL_PATTERNS"", ""STRUCTURAL_PATTERNS"", ""BEHAVIORAL_PATTERNS"", ""USER_CENTERED_DESIGN"", ""AFFORDANCES_SIGNIFIERS"", ""LEVEL_LAYOUT"", ""DECENTRALIZED_LEDGER_CONSENSUS"", ""ENGINEERING_DESIGN_CYCLE""]"
KW_VERIFY	verify	Programming token: verify (related: verify, signature, check, validate)	"{""source"": ""reference_glossary"", ""related_terms"": [""verify"", ""signature"", ""check"", ""validate"", ""crypto""], ""extracted_at"": ""2026-08-03T12:28:05.442421""}"	2026-08-03T12:28:05.442425	2026-08-03T12:28:05.442425	"[""DECENTRALIZED_LEDGER_CONSENSUS"", ""FORMAL_PROGRAM_VERIFICATION""]"
KW_CERTIFICATE	certificate	Programming token: certificate (related: certificate, pki, tls, identity)	"{""source"": ""reference_glossary"", ""related_terms"": [""certificate"", ""pki"", ""tls"", ""identity"", ""trust"", ""ca""], ""extracted_at"": ""2026-08-03T12:28:05.442559""}"	2026-08-03T12:28:05.442562	2026-08-03T12:28:05.442563	"[""PUBLIC_KEY_INFRASTRUCTURE"", ""DIGITAL_IDENTITY"", ""IDENTITY_AND_ACCESS_MANAGEMENT"", ""ZERO_TRUST_ARCHITECTURE"", ""CACHE_HIERARCHY"", ""FILE_ALLOCATION"", ""PHYSICAL_MEDIA_CONCEPT"", ""CAP_THEOREM""]"
KW_TLS	tls	Programming token: tls (related: tls, ssl, transport, encryption)	"{""source"": ""reference_glossary"", ""related_terms"": [""tls"", ""ssl"", ""transport"", ""encryption"", ""https"", ""secure""], ""extracted_at"": ""2026-08-03T12:28:05.442687""}"	2026-08-03T12:28:05.442690	2026-08-03T12:28:05.442691	"[""IOT_SECURITY_THREATS"", ""PHISHING_IDENTIFICATION"", ""TWO_FACTOR_AUTH""]"
KW_SSL	ssl	Programming token: ssl (related: ssl, tls, legacy, transport)	"{""source"": ""reference_glossary"", ""related_terms"": [""ssl"", ""tls"", ""legacy"", ""transport"", ""encryption""], ""extracted_at"": ""2026-08-03T12:28:05.442796""}"	2026-08-03T12:28:05.442799	2026-08-03T12:28:05.442799	"[""IOT_SECURITY_THREATS"", ""PHISHING_IDENTIFICATION"", ""TWO_FACTOR_AUTH""]"
KW_AUTH	auth	Programming token: auth (related: auth, authentication, authorization, identity)	"{""source"": ""reference_glossary"", ""related_terms"": [""auth"", ""authentication"", ""authorization"", ""identity"", ""access""], ""extracted_at"": ""2026-08-03T12:28:05.442903""}"	2026-08-03T12:28:05.442907	2026-08-03T12:28:05.442908	"[""PASSWORD_STRENGTH_CONCEPT"", ""TWO_FACTOR_AUTH"", ""IDENTITY_AND_ACCESS_MANAGEMENT"", ""DIGITAL_IDENTITY"", ""DMA_CONCEPT"", ""DIGITAL_DIVIDE"", ""ARRAY_OPERATIONS"", ""ACCESS_MODIFIERS""]"
KW_AUTHZ	authz	Programming token: authz (related: authz, authorization, permission, access_control)	"{""source"": ""reference_glossary"", ""related_terms"": [""authz"", ""authorization"", ""permission"", ""access_control"", ""rbac"", ""abac""], ""extracted_at"": ""2026-08-03T12:28:05.443018""}"	2026-08-03T12:28:05.443021	2026-08-03T12:28:05.443022	"[""IDENTITY_AND_ACCESS_MANAGEMENT""]"
KW_RBAC	rbac	Programming token: rbac (related: rbac, role, access_control, permission)	"{""source"": ""reference_glossary"", ""related_terms"": [""rbac"", ""role"", ""access_control"", ""permission"", ""authorization""], ""extracted_at"": ""2026-08-03T12:28:05.443123""}"	2026-08-03T12:28:05.443125	2026-08-03T12:28:05.443126	"[""IDENTITY_AND_ACCESS_MANAGEMENT"", ""SCRUM_ROLES_EVENTS""]"
KW_ABAC	abac	Programming token: abac (related: abac, attribute, access_control, policy)	"{""source"": ""reference_glossary"", ""related_terms"": [""abac"", ""attribute"", ""access_control"", ""policy"", ""dynamic""], ""extracted_at"": ""2026-08-03T12:28:05.443230""}"	2026-08-03T12:28:05.443233	2026-08-03T12:28:05.443234	"[""DYNAMIC_PROGRAMMING"", ""OBJECT_PROPERTIES"", ""MULTI_AGENT_COOPERATION"", ""PHYSICAL_FLUID_DYNAMICS_SIMULATION"", ""MOLECULAR_DYNAMICS_MODELING"", ""UAV_FLIGHT_DYNAMICS_AND_CONTROL""]"
KW_OAUTH2	oauth2	Programming token: oauth2 (related: oauth2, authorization, delegated, token)	"{""source"": ""reference_glossary"", ""related_terms"": [""oauth2"", ""authorization"", ""delegated"", ""token"", ""flow"", ""grant""], ""extracted_at"": ""2026-08-03T12:28:05.443344""}"	2026-08-03T12:28:05.443347	2026-08-03T12:28:05.443348	"[""IDENTITY_AND_ACCESS_MANAGEMENT"", ""VERSION_CONTROL_WORKFLOW"", ""AGENTIC_WORKFLOW_ORCHESTRATION"", ""GRAPH_BASED_AGENTIC_WORKFLOW""]"
KW_OPENID	openid	Programming token: openid (related: openid, identity, authentication, oauth2)	"{""source"": ""reference_glossary"", ""related_terms"": [""openid"", ""identity"", ""authentication"", ""oauth2"", ""id_token""], ""extracted_at"": ""2026-08-03T12:28:05.443448""}"	2026-08-03T12:28:05.443451	2026-08-03T12:28:05.443452	"[""DIGITAL_IDENTITY"", ""IDENTITY_AND_ACCESS_MANAGEMENT"", ""PASSWORD_STRENGTH_CONCEPT"", ""TWO_FACTOR_AUTH""]"
KW_SAML	saml	Programming token: saml (related: saml, sso, identity, federation)	"{""source"": ""reference_glossary"", ""related_terms"": [""saml"", ""sso"", ""identity"", ""federation"", ""xml"", ""enterprise""], ""extracted_at"": ""2026-08-03T12:28:05.443569""}"	2026-08-03T12:28:05.443571	2026-08-03T12:28:05.443572	"[""DIGITAL_IDENTITY"", ""IDENTITY_AND_ACCESS_MANAGEMENT""]"
KW_CSRF	csrf	Programming token: csrf (related: csrf, cross_site, request_forgery, security)	"{""source"": ""reference_glossary"", ""related_terms"": [""csrf"", ""cross_site"", ""request_forgery"", ""security"", ""token"", ""prevention""], ""extracted_at"": ""2026-08-03T12:28:05.443681""}"	2026-08-03T12:28:05.443684	2026-08-03T12:28:05.443685	"[""IOT_SECURITY_THREATS"", ""PASSWORD_STRENGTH_CONCEPT"", ""TWO_FACTOR_AUTH"", ""THREAT_MODELING_ASSESSMENT""]"
KW_XSS	xss	Programming token: xss (related: xss, cross_site, scripting, injection)	"{""source"": ""reference_glossary"", ""related_terms"": [""xss"", ""cross_site"", ""scripting"", ""injection"", ""security"", ""sanitization""], ""extracted_at"": ""2026-08-03T12:28:05.443802""}"	2026-08-03T12:28:05.443805	2026-08-03T12:28:05.443806	"[""IOT_SECURITY_THREATS"", ""PASSWORD_STRENGTH_CONCEPT"", ""TWO_FACTOR_AUTH"", ""THREAT_MODELING_ASSESSMENT""]"
KW_SQL_INJECTION	sql_injection	Programming token: sql_injection (related: sql_injection, injection, security, parameterized)	"{""source"": ""reference_glossary"", ""related_terms"": [""sql_injection"", ""injection"", ""security"", ""parameterized"", ""prevention""], ""extracted_at"": ""2026-08-03T12:28:05.443902""}"	2026-08-03T12:28:05.443905	2026-08-03T12:28:05.443906	"[""IOT_SECURITY_THREATS"", ""PASSWORD_STRENGTH_CONCEPT"", ""TWO_FACTOR_AUTH"", ""THREAT_MODELING_ASSESSMENT"", ""PARAMETERIZED_QUANTUM_CIRCUITS""]"
KW_BIG_O	big_o	Programming token: big_o (related: big_o, complexity, asymptotic, upper_bound)	"{""source"": ""reference_glossary"", ""related_terms"": [""big_o"", ""complexity"", ""asymptotic"", ""upper_bound"", ""analysis""], ""extracted_at"": ""2026-08-03T12:28:05.444003""}"	2026-08-03T12:28:05.444005	2026-08-03T12:28:05.444006	"[""BIG_O_NOTATION"", ""DATA_EXPLORATION_EDA"", ""BIOINFORMATICS_GENOMIC_ANALYSIS"", ""FOURIER_TRANSFORM_SIGNAL_ANALYSIS"", ""STATIC_PROGRAM_ANALYSIS""]"
KW_TIME_COMPLEXITY	time_complexity	Programming token: time_complexity (related: time_complexity, big_o, performance, analysis)	"{""source"": ""reference_glossary"", ""related_terms"": [""time_complexity"", ""big_o"", ""performance"", ""analysis"", ""algorithm""], ""extracted_at"": ""2026-08-03T12:28:05.444106""}"	2026-08-03T12:28:05.444109	2026-08-03T12:28:05.444110	"[""DATA_EXPLORATION_EDA"", ""BIOINFORMATICS_GENOMIC_ANALYSIS"", ""FOURIER_TRANSFORM_SIGNAL_ANALYSIS"", ""STATIC_PROGRAM_ANALYSIS"", ""SCHEDULING_ALGORITHMS"", ""CLUSTERING_ALGORITHMS"", ""ALGORITHMIC_BIAS_SOCIETY"", ""GREEDY_ALGORITHMS""]"
KW_SPACE_COMPLEXITY	space_complexity	Programming token: space_complexity (related: space_complexity, big_o, memory, analysis)	"{""source"": ""reference_glossary"", ""related_terms"": [""space_complexity"", ""big_o"", ""memory"", ""analysis"", ""algorithm""], ""extracted_at"": ""2026-08-03T12:28:05.444215""}"	2026-08-03T12:28:05.444218	2026-08-03T12:28:05.444219	"[""MEMORY_TYPES"", ""DMA_CONCEPT"", ""VIRTUAL_MEMORY"", ""AGENT_MEMORY_SYSTEMS"", ""COMPUTE_IN_MEMORY_ACCELERATION"", ""DATA_EXPLORATION_EDA"", ""BIOINFORMATICS_GENOMIC_ANALYSIS"", ""FOURIER_TRANSFORM_SIGNAL_ANALYSIS""]"
KW_SORT	sort	Programming token: sort (related: sort, ordering, comparison, n_log_n)	"{""source"": ""reference_glossary"", ""related_terms"": [""sort"", ""ordering"", ""comparison"", ""n_log_n"", ""algorithm""], ""extracted_at"": ""2026-08-03T12:28:05.444324""}"	2026-08-03T12:28:05.444326	2026-08-03T12:28:05.444327	"[""BUBBLE_INSERTION_SORT"", ""SCHEDULING_ALGORITHMS"", ""CLUSTERING_ALGORITHMS"", ""ALGORITHMIC_BIAS_SOCIETY"", ""GREEDY_ALGORITHMS"", ""ROBOTIC_PATH_PLANNING"", ""UNPLUGGED_ALGORITHM_MIMICRY"", ""ETHICAL_AI_AND_BIAS_AWARENESS""]"
KW_SEARCH	search	Programming token: search (related: search, find, lookup, binary)	"{""source"": ""reference_glossary"", ""related_terms"": [""search"", ""find"", ""lookup"", ""binary"", ""linear"", ""algorithm""], ""extracted_at"": ""2026-08-03T12:28:05.444440""}"	2026-08-03T12:28:05.444443	2026-08-03T12:28:05.444444	"[""LINEAR_BINARY_SEARCH"", ""LIST_OPERATIONS"", ""VECTOR_EMBEDDING_SEARCH"", ""HYBRID_VECTOR_SPARSE_SEARCH"", ""DNS_LOOKUP"", ""SCHEDULING_ALGORITHMS"", ""CLUSTERING_ALGORITHMS"", ""ALGORITHMIC_BIAS_SOCIETY""]"
KW_RECURSION	recursion	Programming token: recursion (related: recursion, recursive, divide_conquer, base_case)	"{""source"": ""reference_glossary"", ""related_terms"": [""recursion"", ""recursive"", ""divide_conquer"", ""base_case"", ""stack""], ""extracted_at"": ""2026-08-03T12:28:05.444542""}"	2026-08-03T12:28:05.444544	2026-08-03T12:28:05.444545	"[""DIVIDE_CONQUER"", ""STACK_OPERATIONS""]"
KW_MEMOIZATION	memoization	Programming token: memoization (related: memoization, cache, dynamic_programming, top_down)	"{""source"": ""reference_glossary"", ""related_terms"": [""memoization"", ""cache"", ""dynamic_programming"", ""top_down"", ""optimization""], ""extracted_at"": ""2026-08-03T12:28:05.444646""}"	2026-08-03T12:28:05.444649	2026-08-03T12:28:05.444649	"[""DYNAMIC_PROGRAMMING"", ""CACHE_HIERARCHY"", ""GREEDY_ALGORITHMS"", ""SMALL_LANGUAGE_MODEL_OPTIMIZATION"", ""GRADIENT_DESCENT_OPTIMIZATION"", ""SMART_GRID_ENERGY_OPTIMIZATION""]"
KW_DP	dp	Programming token: dp (related: dp, dynamic_programming, optimization, overlapping_subproblems)	"{""source"": ""reference_glossary"", ""related_terms"": [""dp"", ""dynamic_programming"", ""optimization"", ""overlapping_subproblems"", ""tabulation""], ""extracted_at"": ""2026-08-03T12:28:05.444755""}"	2026-08-03T12:28:05.444758	2026-08-03T12:28:05.444758	"[""DYNAMIC_PROGRAMMING"", ""GREEDY_ALGORITHMS"", ""SMALL_LANGUAGE_MODEL_OPTIMIZATION"", ""GRADIENT_DESCENT_OPTIMIZATION"", ""SMART_GRID_ENERGY_OPTIMIZATION""]"
KW_GREEDY	greedy	Programming token: greedy (related: greedy, choice, optimal, local_optimum)	"{""source"": ""reference_glossary"", ""related_terms"": [""greedy"", ""choice"", ""optimal"", ""local_optimum"", ""algorithm""], ""extracted_at"": ""2026-08-03T12:28:05.444855""}"	2026-08-03T12:28:05.444858	2026-08-03T12:28:05.444859	"[""GREEDY_ALGORITHMS"", ""SCHEDULING_ALGORITHMS"", ""CLUSTERING_ALGORITHMS"", ""ALGORITHMIC_BIAS_SOCIETY"", ""ROBOTIC_PATH_PLANNING"", ""UNPLUGGED_ALGORITHM_MIMICRY"", ""ETHICAL_AI_AND_BIAS_AWARENESS"", ""ALGORITHMIC_GENERATIVE_ART""]"
KW_BACKTRACKING	backtracking	Programming token: backtracking (related: backtracking, dfs, constraint, search)	"{""source"": ""reference_glossary"", ""related_terms"": [""backtracking"", ""dfs"", ""constraint"", ""search"", ""algorithm""], ""extracted_at"": ""2026-08-03T12:28:05.444958""}"	2026-08-03T12:28:05.444960	2026-08-03T12:28:05.444961	"[""LINEAR_BINARY_SEARCH"", ""LIST_OPERATIONS"", ""VECTOR_EMBEDDING_SEARCH"", ""HYBRID_VECTOR_SPARSE_SEARCH"", ""SCHEDULING_ALGORITHMS"", ""CLUSTERING_ALGORITHMS"", ""ALGORITHMIC_BIAS_SOCIETY"", ""GREEDY_ALGORITHMS""]"
KW_BFS	bfs	Programming token: bfs (related: bfs, breadth_first, graph, shortest_path)	"{""source"": ""reference_glossary"", ""related_terms"": [""bfs"", ""breadth_first"", ""graph"", ""shortest_path"", ""queue"", ""algorithm""], ""extracted_at"": ""2026-08-03T12:28:05.445075""}"	2026-08-03T12:28:05.445078	2026-08-03T12:28:05.445079	"[""GRAPH_MODELS"", ""GRAPH_BASED_AGENTIC_WORKFLOW"", ""KNOWLEDGE_GRAPH_RETRIEVAL_AUGMENTATION"", ""QUEUE_OPERATIONS"", ""SCHEDULING_ALGORITHMS"", ""CLUSTERING_ALGORITHMS"", ""ALGORITHMIC_BIAS_SOCIETY"", ""RENDERING_PIPELINE""]"
KW_DFS	dfs	Programming token: dfs (related: dfs, depth_first, graph, traversal)	"{""source"": ""reference_glossary"", ""related_terms"": [""dfs"", ""depth_first"", ""graph"", ""traversal"", ""stack"", ""recursion"", ""algorithm""], ""extracted_at"": ""2026-08-03T12:28:05.445205""}"	2026-08-03T12:28:05.445208	2026-08-03T12:28:05.445209	"[""GRAPH_MODELS"", ""GRAPH_BASED_AGENTIC_WORKFLOW"", ""KNOWLEDGE_GRAPH_RETRIEVAL_AUGMENTATION"", ""STACK_OPERATIONS"", ""DIVIDE_CONQUER"", ""SCHEDULING_ALGORITHMS"", ""CLUSTERING_ALGORITHMS"", ""ALGORITHMIC_BIAS_SOCIETY""]"
KW_DIJKSTRA	dijkstra	Programming token: dijkstra (related: dijkstra, shortest_path, weighted, graph)	"{""source"": ""reference_glossary"", ""related_terms"": [""dijkstra"", ""shortest_path"", ""weighted"", ""graph"", ""algorithm""], ""extracted_at"": ""2026-08-03T12:28:05.445305""}"	2026-08-03T12:28:05.445307	2026-08-03T12:28:05.445308	"[""GRAPH_MODELS"", ""GRAPH_BASED_AGENTIC_WORKFLOW"", ""KNOWLEDGE_GRAPH_RETRIEVAL_AUGMENTATION"", ""SCHEDULING_ALGORITHMS"", ""CLUSTERING_ALGORITHMS"", ""ALGORITHMIC_BIAS_SOCIETY"", ""RENDERING_PIPELINE"", ""GREEDY_ALGORITHMS""]"
KW_ASTAR	astar	Programming token: astar (related: astar, heuristic, pathfinding, graph)	"{""source"": ""reference_glossary"", ""related_terms"": [""astar"", ""heuristic"", ""pathfinding"", ""graph"", ""algorithm""], ""extracted_at"": ""2026-08-03T12:28:05.445407""}"	2026-08-03T12:28:05.445409	2026-08-03T12:28:05.445410	"[""GRAPH_MODELS"", ""GRAPH_BASED_AGENTIC_WORKFLOW"", ""KNOWLEDGE_GRAPH_RETRIEVAL_AUGMENTATION"", ""SCHEDULING_ALGORITHMS"", ""CLUSTERING_ALGORITHMS"", ""ALGORITHMIC_BIAS_SOCIETY"", ""RENDERING_PIPELINE"", ""GREEDY_ALGORITHMS""]"
KW_STACK	stack	Programming token: stack (related: stack, lifo, push, pop)	"{""source"": ""reference_glossary"", ""related_terms"": [""stack"", ""lifo"", ""push"", ""pop"", ""call_stack"", ""algorithm""], ""extracted_at"": ""2026-08-03T12:28:05.445531""}"	2026-08-03T12:28:05.445534	2026-08-03T12:28:05.445535	"[""STACK_OPERATIONS"", ""SCHEDULING_ALGORITHMS"", ""CLUSTERING_ALGORITHMS"", ""ALGORITHMIC_BIAS_SOCIETY"", ""GREEDY_ALGORITHMS"", ""ROBOTIC_PATH_PLANNING"", ""UNPLUGGED_ALGORITHM_MIMICRY"", ""ETHICAL_AI_AND_BIAS_AWARENESS""]"
KW_QUEUE	queue	Programming token: queue (related: queue, fifo, enqueue, dequeue)	"{""source"": ""reference_glossary"", ""related_terms"": [""queue"", ""fifo"", ""enqueue"", ""dequeue"", ""buffer"", ""algorithm""], ""extracted_at"": ""2026-08-03T12:28:05.445649""}"	2026-08-03T12:28:05.445653	2026-08-03T12:28:05.445654	"[""QUEUE_OPERATIONS"", ""SCHEDULING_ALGORITHMS"", ""CLUSTERING_ALGORITHMS"", ""ALGORITHMIC_BIAS_SOCIETY"", ""GREEDY_ALGORITHMS"", ""ROBOTIC_PATH_PLANNING"", ""UNPLUGGED_ALGORITHM_MIMICRY"", ""ETHICAL_AI_AND_BIAS_AWARENESS""]"
KW_HEAP	heap	Programming token: heap (related: heap, priority_queue, min_heap, max_heap)	"{""source"": ""reference_glossary"", ""related_terms"": [""heap"", ""priority_queue"", ""min_heap"", ""max_heap"", ""tree"", ""algorithm""], ""extracted_at"": ""2026-08-03T12:28:05.445767""}"	2026-08-03T12:28:05.445770	2026-08-03T12:28:05.445770	"[""SCHEDULING_ALGORITHMS"", ""CLUSTERING_ALGORITHMS"", ""ALGORITHMIC_BIAS_SOCIETY"", ""GREEDY_ALGORITHMS"", ""ROBOTIC_PATH_PLANNING"", ""UNPLUGGED_ALGORITHM_MIMICRY"", ""ETHICAL_AI_AND_BIAS_AWARENESS"", ""ALGORITHMIC_GENERATIVE_ART""]"
KW_TREE	tree	Programming token: tree (related: tree, hierarchical, root, node)	"{""source"": ""reference_glossary"", ""related_terms"": [""tree"", ""hierarchical"", ""root"", ""node"", ""leaf"", ""branch"", ""recursion"", ""algorithm""], ""extracted_at"": ""2026-08-03T12:28:05.445926""}"	2026-08-03T12:28:05.445930	2026-08-03T12:28:05.445931	"[""DIVIDE_CONQUER"", ""SCHEDULING_ALGORITHMS"", ""CLUSTERING_ALGORITHMS"", ""ALGORITHMIC_BIAS_SOCIETY"", ""GREEDY_ALGORITHMS"", ""ROBOTIC_PATH_PLANNING"", ""UNPLUGGED_ALGORITHM_MIMICRY"", ""ETHICAL_AI_AND_BIAS_AWARENESS""]"
KW_BINARY_TREE	binary_tree	Programming token: binary_tree (related: binary_tree, tree, left, right)	"{""source"": ""reference_glossary"", ""related_terms"": [""binary_tree"", ""tree"", ""left"", ""right"", ""node"", ""algorithm""], ""extracted_at"": ""2026-08-03T12:28:05.446056""}"	2026-08-03T12:28:05.446060	2026-08-03T12:28:05.446061	"[""SCHEDULING_ALGORITHMS"", ""CLUSTERING_ALGORITHMS"", ""ALGORITHMIC_BIAS_SOCIETY"", ""COPYRIGHT_CREATIVE_COMMONS"", ""GREEDY_ALGORITHMS"", ""ROBOTIC_PATH_PLANNING"", ""UNPLUGGED_ALGORITHM_MIMICRY"", ""ETHICAL_AI_AND_BIAS_AWARENESS""]"
KW_BST	bst	Programming token: bst (related: bst, binary_search_tree, ordered, search)	"{""source"": ""reference_glossary"", ""related_terms"": [""bst"", ""binary_search_tree"", ""ordered"", ""search"", ""log_n"", ""algorithm""], ""extracted_at"": ""2026-08-03T12:28:05.446179""}"	2026-08-03T12:28:05.446182	2026-08-03T12:28:05.446182	"[""LINEAR_BINARY_SEARCH"", ""LIST_OPERATIONS"", ""VECTOR_EMBEDDING_SEARCH"", ""HYBRID_VECTOR_SPARSE_SEARCH"", ""SCHEDULING_ALGORITHMS"", ""ABSTRACTION_LAYERS"", ""CLUSTERING_ALGORITHMS"", ""ALGORITHMIC_BIAS_SOCIETY""]"
KW_AVL	avl	Programming token: avl (related: avl, balanced, bst, rotation)	"{""source"": ""reference_glossary"", ""related_terms"": [""avl"", ""balanced"", ""bst"", ""rotation"", ""height"", ""algorithm""], ""extracted_at"": ""2026-08-03T12:28:05.446299""}"	2026-08-03T12:28:05.446301	2026-08-03T12:28:05.446302	"[""2D_3D_TRANSFORMATIONS_MATH"", ""SCHEDULING_ALGORITHMS"", ""ABSTRACTION_LAYERS"", ""CLUSTERING_ALGORITHMS"", ""ALGORITHMIC_BIAS_SOCIETY"", ""GREEDY_ALGORITHMS"", ""ROBOTIC_PATH_PLANNING"", ""UNPLUGGED_ALGORITHM_MIMICRY""]"
KW_RED_BLACK	red_black	Programming token: red_black (related: red_black, balanced, bst, color)	"{""source"": ""reference_glossary"", ""related_terms"": [""red_black"", ""balanced"", ""bst"", ""color"", ""rotation"", ""algorithm""], ""extracted_at"": ""2026-08-03T12:28:05.446413""}"	2026-08-03T12:28:05.446415	2026-08-03T12:28:05.446416	"[""COLOR_THEORY"", ""COLOR_THEORY_AND_PALETTE_DESIGN"", ""2D_3D_TRANSFORMATIONS_MATH"", ""SCHEDULING_ALGORITHMS"", ""ABSTRACTION_LAYERS"", ""CLUSTERING_ALGORITHMS"", ""ALGORITHMIC_BIAS_SOCIETY"", ""GREEDY_ALGORITHMS""]"
KW_GRAPH	graph	Programming token: graph (related: graph, node, edge, vertex)	"{""source"": ""reference_glossary"", ""related_terms"": [""graph"", ""node"", ""edge"", ""vertex"", ""adjacency"", ""traversal"", ""algorithm""], ""extracted_at"": ""2026-08-03T12:28:05.446543""}"	2026-08-03T12:28:05.446550	2026-08-03T12:28:05.446550	"[""GRAPH_MODELS"", ""GRAPH_BASED_AGENTIC_WORKFLOW"", ""KNOWLEDGE_GRAPH_RETRIEVAL_AUGMENTATION"", ""POLYGON_MESH"", ""EDGE_MODEL_QUANTIZATION"", ""AIOT_DATA_PIPELINE"", ""COMPUTE_IN_MEMORY_ACCELERATION"", ""SMALL_LANGUAGE_MODEL_OPTIMIZATION""]"
KW_TRIE	trie	Programming token: trie (related: trie, prefix_tree, autocomplete, string)	"{""source"": ""reference_glossary"", ""related_terms"": [""trie"", ""prefix_tree"", ""autocomplete"", ""string"", ""search"", ""algorithm""], ""extracted_at"": ""2026-08-03T12:28:05.446670""}"	2026-08-03T12:28:05.446673	2026-08-03T12:28:05.446674	"[""REFERENCE_TYPE_DECLARATION"", ""LINEAR_BINARY_SEARCH"", ""LIST_OPERATIONS"", ""VECTOR_EMBEDDING_SEARCH"", ""HYBRID_VECTOR_SPARSE_SEARCH"", ""SCHEDULING_ALGORITHMS"", ""CLUSTERING_ALGORITHMS"", ""ALGORITHMIC_BIAS_SOCIETY""]"
KW_HASH_TABLE	hash_table	Programming token: hash_table (related: hash_table, hash_map, dictionary, collision)	"{""source"": ""reference_glossary"", ""related_terms"": [""hash_table"", ""hash_map"", ""dictionary"", ""collision"", ""bucket"", ""algorithm""], ""extracted_at"": ""2026-08-03T12:28:05.446782""}"	2026-08-03T12:28:05.446785	2026-08-03T12:28:05.446786	"[""COLLISION_DETECTION"", ""SCHEDULING_ALGORITHMS"", ""CLUSTERING_ALGORITHMS"", ""ALGORITHMIC_BIAS_SOCIETY"", ""GREEDY_ALGORITHMS"", ""ROBOTIC_PATH_PLANNING"", ""UNPLUGGED_ALGORITHM_MIMICRY"", ""ETHICAL_AI_AND_BIAS_AWARENESS""]"
KW_BLOOM_FILTER	bloom_filter	Programming token: bloom_filter (related: bloom_filter, probabilistic, set, membership)	"{""source"": ""reference_glossary"", ""related_terms"": [""bloom_filter"", ""probabilistic"", ""set"", ""membership"", ""space_efficient""], ""extracted_at"": ""2026-08-03T12:28:05.446884""}"	2026-08-03T12:28:05.446890	2026-08-03T12:28:05.446891	"[""PROBABILISTIC_VS_DETERMINISTIC_REASONING"", ""SET_THEORY""]"
KW_GUARD	guard	Programming token: guard (related: guard, early_exit, optional, binding)	"{""source"": ""reference_glossary"", ""related_terms"": [""guard"", ""early_exit"", ""optional"", ""binding"", ""swift""], ""extracted_at"": ""2026-08-03T12:28:05.446986""}"	2026-08-03T12:28:05.446989	2026-08-03T12:28:05.446989	"[""TWO_WAY_BINDING""]"
KW_DEFER	defer	Programming token: defer (related: defer, cleanup, scope_exit, swift)	"{""source"": ""reference_glossary"", ""related_terms"": [""defer"", ""cleanup"", ""scope_exit"", ""swift"", ""resource""], ""extracted_at"": ""2026-08-03T12:28:05.447085""}"	2026-08-03T12:28:05.447088	2026-08-03T12:28:05.447089	"[""BIG_O_NOTATION""]"
KW_LAZY	lazy	Programming token: lazy (related: lazy, initialization, on_demand, property)	"{""source"": ""reference_glossary"", ""related_terms"": [""lazy"", ""initialization"", ""on_demand"", ""property"", ""swift""], ""extracted_at"": ""2026-08-03T12:28:05.447187""}"	2026-08-03T12:28:05.447190	2026-08-03T12:28:05.447191	"[""COPYRIGHT_CREATIVE_COMMONS""]"
KW_COMPUTED	computed	Programming token: computed (related: computed, property, getter, setter)	"{""source"": ""reference_glossary"", ""related_terms"": [""computed"", ""property"", ""getter"", ""setter"", ""swift""], ""extracted_at"": ""2026-08-03T12:28:05.447289""}"	2026-08-03T12:28:05.447292	2026-08-03T12:28:05.447293	"[""COPYRIGHT_CREATIVE_COMMONS""]"
KW_OBSERVED	observed	Programming token: observed (related: observed, property, watcher, swiftui)	"{""source"": ""reference_glossary"", ""related_terms"": [""observed"", ""property"", ""watcher"", ""swiftui"", ""reactivity""], ""extracted_at"": ""2026-08-03T12:28:05.447388""}"	2026-08-03T12:28:05.447390	2026-08-03T12:28:05.447391	"[""OBJECT_PROPERTIES"", ""SHARED_OBSERVABLE_STATE""]"
KW_STATE	state	Programming token: state (related: state, property_wrapper, swiftui, source_of_truth)	"{""source"": ""reference_glossary"", ""related_terms"": [""state"", ""property_wrapper"", ""swiftui"", ""source_of_truth"", ""reactivity""], ""extracted_at"": ""2026-08-03T12:28:05.447490""}"	2026-08-03T12:28:05.447495	2026-08-03T12:28:05.447496	"[""OBJECT_PROPERTIES"", ""LOCAL_VIEW_STATE"", ""SHARED_OBSERVABLE_STATE"", ""DURABLE_AGENT_STATE_MANAGEMENT"", ""MULTI_SENSOR_FUSION_ALGORITHMS"", ""IF_ELSE_STATEMENT"", ""SWITCH_CASE"", ""SQL_SELECT""]"
KW_BINDING	binding	Programming token: binding (related: binding, property_wrapper, swiftui, two_way)	"{""source"": ""reference_glossary"", ""related_terms"": [""binding"", ""property_wrapper"", ""swiftui"", ""two_way"", ""reference""], ""extracted_at"": ""2026-08-03T12:28:05.447586""}"	2026-08-03T12:28:05.447592	2026-08-03T12:28:05.447592	"[""TWO_WAY_BINDING"", ""REFERENCE_TYPE_DECLARATION""]"
KW_ENVIRONMENT	environment	Programming token: environment (related: environment, property_wrapper, swiftui, dependency_injection)	"{""source"": ""reference_glossary"", ""related_terms"": [""environment"", ""property_wrapper"", ""swiftui"", ""dependency_injection""], ""extracted_at"": ""2026-08-03T12:28:05.447675""}"	2026-08-03T12:28:05.447679	2026-08-03T12:28:05.447680	"[""RETRIEVAL_AUGMENTED_GENERATION""]"
KW_OBSERVABLE	observable	Programming token: observable (related: observable, object, combine, publisher)	"{""source"": ""reference_glossary"", ""related_terms"": [""observable"", ""object"", ""combine"", ""publisher"", ""reactivity""], ""extracted_at"": ""2026-08-03T12:28:05.447777""}"	2026-08-03T12:28:05.447780	2026-08-03T12:28:05.447781	"[""SHARED_OBSERVABLE_STATE"", ""OBJECT_PROPERTIES"", ""REFERENCE_TYPE_DECLARATION"", ""OBJECT_INSTANTIATION"", ""PUBLISHER_SUBSCRIBER_MODEL""]"
KW_PUBLISHER	publisher	Programming token: publisher (related: publisher, combine, stream, async)	"{""source"": ""reference_glossary"", ""related_terms"": [""publisher"", ""combine"", ""stream"", ""async"", ""reactivity""], ""extracted_at"": ""2026-08-03T12:28:05.447890""}"	2026-08-03T12:28:05.447893	2026-08-03T12:28:05.447893	"[""PUBLISHER_SUBSCRIBER_MODEL"", ""ASYNCHRONOUS_PROG_CONCEPT""]"
KW_SUBSCRIBER	subscriber	Programming token: subscriber (related: subscriber, combine, stream, async)	"{""source"": ""reference_glossary"", ""related_terms"": [""subscriber"", ""combine"", ""stream"", ""async"", ""reactivity""], ""extracted_at"": ""2026-08-03T12:28:05.447989""}"	2026-08-03T12:28:05.447992	2026-08-03T12:28:05.447993	"[""PUBLISHER_SUBSCRIBER_MODEL"", ""ASYNCHRONOUS_PROG_CONCEPT""]"
KW_SINK	sink	Programming token: sink (related: sink, combine, subscriber, consumer)	"{""source"": ""reference_glossary"", ""related_terms"": [""sink"", ""combine"", ""subscriber"", ""consumer"", ""reactivity""], ""extracted_at"": ""2026-08-03T12:28:05.448089""}"	2026-08-03T12:28:05.448092	2026-08-03T12:28:05.448093	"[""PUBLISHER_SUBSCRIBER_MODEL""]"
KW_ASYNC_AWAIT	async_await	Programming token: async_await (related: async_await, structured_concurrency, task, swift)	"{""source"": ""reference_glossary"", ""related_terms"": [""async_await"", ""structured_concurrency"", ""task"", ""swift""], ""extracted_at"": ""2026-08-03T12:28:05.448178""}"	2026-08-03T12:28:05.448181	2026-08-03T12:28:05.448182	"[""EVENT_BASED_PROGRAMMING"", ""ASYNCHRONOUS_PROG_CONCEPT""]"
KW_TASK_GROUP	task_group	Programming token: task_group (related: task_group, structured_concurrency, parallel, swift)	"{""source"": ""reference_glossary"", ""related_terms"": [""task_group"", ""structured_concurrency"", ""parallel"", ""swift""], ""extracted_at"": ""2026-08-03T12:28:05.448258""}"	2026-08-03T12:28:05.448265	2026-08-03T12:28:05.448266	"[""PROCESS_VS_THREAD""]"
KW_SENDABLE	sendable	Programming token: sendable (related: sendable, concurrency, thread_safety, protocol)	"{""source"": ""reference_glossary"", ""related_terms"": [""sendable"", ""concurrency"", ""thread_safety"", ""protocol"", ""swift""], ""extracted_at"": ""2026-08-03T12:28:05.448396""}"	2026-08-03T12:28:05.448410	2026-08-03T12:28:05.448412	"[""MODEL_CONTEXT_PROTOCOL_STANDARD"", ""QUANTUM_KEY_DISTRIBUTION_QKD"", ""IOT_MESSAGING_PROTOCOLS""]"
KW_MAINACTOR	mainactor	Programming token: mainactor (related: mainactor, ui, main_thread, actor)	"{""source"": ""reference_glossary"", ""related_terms"": [""mainactor"", ""ui"", ""main_thread"", ""actor"", ""swift""], ""extracted_at"": ""2026-08-03T12:28:05.448532""}"	2026-08-03T12:28:05.448537	2026-08-03T12:28:05.448538	"[""PROTOTYPING"", ""IMAGE_WARPING"", ""SHAPE_BUILDING"", ""CIRCUIT_PRINCIPLES_CONCEPT"", ""TWO_FACTOR_AUTH"", ""PUBLISHER_SUBSCRIBER_MODEL"", ""PARAMETERIZED_QUANTUM_CIRCUITS"", ""PHYSICAL_FLUID_DYNAMICS_SIMULATION""]"
KW_NONISOLATED	nonisolated	Programming token: nonisolated (related: nonisolated, actor, escape_hatch, swift)	"{""source"": ""reference_glossary"", ""related_terms"": [""nonisolated"", ""actor"", ""escape_hatch"", ""swift""], ""extracted_at"": ""2026-08-03T12:28:05.448622""}"	2026-08-03T12:28:05.448625	2026-08-03T12:28:05.448626	"[""TWO_FACTOR_AUTH""]"
KW_SINGLETON	singleton	Programming token: singleton (related: singleton, pattern, instance, global)	"{""source"": ""reference_glossary"", ""related_terms"": [""singleton"", ""pattern"", ""instance"", ""global"", ""creational""], ""extracted_at"": ""2026-08-03T12:28:05.448733""}"	2026-08-03T12:28:05.448736	2026-08-03T12:28:05.448737	"[""CREATIONAL_PATTERNS"", ""MVVM_PATTERN"", ""PATTERN_RECOGNITION_CONCEPT"", ""OBJECT_INSTANTIATION"", ""STRUCTURAL_PATTERNS"", ""BEHAVIORAL_PATTERNS""]"
KW_FACTORY	factory	Programming token: factory (related: factory, pattern, creation, encapsulation)	"{""source"": ""reference_glossary"", ""related_terms"": [""factory"", ""pattern"", ""creation"", ""encapsulation"", ""creational""], ""extracted_at"": ""2026-08-03T12:28:05.448838""}"	2026-08-03T12:28:05.448841	2026-08-03T12:28:05.448842	"[""CREATIONAL_PATTERNS"", ""MVVM_PATTERN"", ""PATTERN_RECOGNITION_CONCEPT"", ""ACCESS_MODIFIERS"", ""STRUCTURAL_PATTERNS"", ""BEHAVIORAL_PATTERNS""]"
KW_BUILDER	builder	Programming token: builder (related: builder, pattern, construction, step_by_step)	"{""source"": ""reference_glossary"", ""related_terms"": [""builder"", ""pattern"", ""construction"", ""step_by_step"", ""creational""], ""extracted_at"": ""2026-08-03T12:28:05.448939""}"	2026-08-03T12:28:05.448942	2026-08-03T12:28:05.448943	"[""MVVM_PATTERN"", ""PATTERN_RECOGNITION_CONCEPT"", ""CREATIONAL_PATTERNS"", ""STRUCTURAL_PATTERNS"", ""BEHAVIORAL_PATTERNS""]"
KW_PROTOTYPE	prototype	Programming token: prototype (related: prototype, pattern, clone, copy)	"{""source"": ""reference_glossary"", ""related_terms"": [""prototype"", ""pattern"", ""clone"", ""copy"", ""creational""], ""extracted_at"": ""2026-08-03T12:28:05.449042""}"	2026-08-03T12:28:05.449045	2026-08-03T12:28:05.449046	"[""PROTOTYPING"", ""MVVM_PATTERN"", ""PATTERN_RECOGNITION_CONCEPT"", ""CREATIONAL_PATTERNS"", ""STRUCTURAL_PATTERNS"", ""BEHAVIORAL_PATTERNS"", ""COPYRIGHT_CREATIVE_COMMONS""]"
KW_ADAPTER	adapter	Programming token: adapter (related: adapter, pattern, interface, compatibility)	"{""source"": ""reference_glossary"", ""related_terms"": [""adapter"", ""pattern"", ""interface"", ""compatibility"", ""structural""], ""extracted_at"": ""2026-08-03T12:28:05.449142""}"	2026-08-03T12:28:05.449145	2026-08-03T12:28:05.449146	"[""STRUCTURAL_PATTERNS"", ""MVVM_PATTERN"", ""PATTERN_RECOGNITION_CONCEPT"", ""CREATIONAL_PATTERNS"", ""BEHAVIORAL_PATTERNS"", ""NEURAL_SIGNAL_DECODING_BCI""]"
KW_DECORATOR	decorator	Programming token: decorator (related: decorator, pattern, wrap, extend)	"{""source"": ""reference_glossary"", ""related_terms"": [""decorator"", ""pattern"", ""wrap"", ""extend"", ""structural""], ""extracted_at"": ""2026-08-03T12:28:05.449243""}"	2026-08-03T12:28:05.449247	2026-08-03T12:28:05.449248	"[""STRUCTURAL_PATTERNS"", ""MVVM_PATTERN"", ""PATTERN_RECOGNITION_CONCEPT"", ""CREATIONAL_PATTERNS"", ""BEHAVIORAL_PATTERNS"", ""SPATIAL_COMPUTING_XR_MAPPING""]"
KW_FACADE	facade	Programming token: facade (related: facade, pattern, simplify, interface)	"{""source"": ""reference_glossary"", ""related_terms"": [""facade"", ""pattern"", ""simplify"", ""interface"", ""structural""], ""extracted_at"": ""2026-08-03T12:28:05.449344""}"	2026-08-03T12:28:05.449349	2026-08-03T12:28:05.449350	"[""MVVM_PATTERN"", ""PATTERN_RECOGNITION_CONCEPT"", ""STRUCTURAL_PATTERNS"", ""CREATIONAL_PATTERNS"", ""BEHAVIORAL_PATTERNS"", ""NEURAL_SIGNAL_DECODING_BCI""]"
KW_PROXY	proxy	Programming token: proxy (related: proxy, pattern, placeholder, control)	"{""source"": ""reference_glossary"", ""related_terms"": [""proxy"", ""pattern"", ""placeholder"", ""control"", ""structural""], ""extracted_at"": ""2026-08-03T12:28:05.449450""}"	2026-08-03T12:28:05.449452	2026-08-03T12:28:05.449453	"[""MVVM_PATTERN"", ""PATTERN_RECOGNITION_CONCEPT"", ""MOTOR_CONTROL"", ""VERSION_CONTROL_WORKFLOW"", ""ROBOTIC_ACTUATION_CONTROL"", ""MECHATRONICS_SYSTEMS_DIAGNOSTICS"", ""UAV_FLIGHT_DYNAMICS_AND_CONTROL"", ""SWARM_ROBOTICS_FORMATION_CONTROL""]"
KW_OBSERVER	observer	Programming token: observer (related: observer, pattern, publish_subscribe, notification)	"{""source"": ""reference_glossary"", ""related_terms"": [""observer"", ""pattern"", ""publish_subscribe"", ""notification"", ""behavioral""], ""extracted_at"": ""2026-08-03T12:28:05.449548""}"	2026-08-03T12:28:05.449554	2026-08-03T12:28:05.449554	"[""BEHAVIORAL_PATTERNS"", ""MVVM_PATTERN"", ""PATTERN_RECOGNITION_CONCEPT"", ""LOCAL_NOTIFICATION_API"", ""CREATIONAL_PATTERNS"", ""STRUCTURAL_PATTERNS""]"
KW_STRATEGY	strategy	Programming token: strategy (related: strategy, pattern, algorithm, interchangeable)	"{""source"": ""reference_glossary"", ""related_terms"": [""strategy"", ""pattern"", ""algorithm"", ""interchangeable"", ""behavioral""], ""extracted_at"": ""2026-08-03T12:28:05.449650""}"	2026-08-03T12:28:05.449653	2026-08-03T12:28:05.449654	"[""BEHAVIORAL_PATTERNS"", ""MVVM_PATTERN"", ""PATTERN_RECOGNITION_CONCEPT"", ""SCHEDULING_ALGORITHMS"", ""CREATIONAL_PATTERNS"", ""STRUCTURAL_PATTERNS"", ""CLUSTERING_ALGORITHMS"", ""ALGORITHMIC_BIAS_SOCIETY""]"
KW_COMMAND	command	Programming token: command (related: command, pattern, encapsulate, request)	"{""source"": ""reference_glossary"", ""related_terms"": [""command"", ""pattern"", ""encapsulate"", ""request"", ""behavioral""], ""extracted_at"": ""2026-08-03T12:28:05.449753""}"	2026-08-03T12:28:05.449756	2026-08-03T12:28:05.449757	"[""MVVM_PATTERN"", ""PATTERN_RECOGNITION_CONCEPT"", ""BEHAVIORAL_PATTERNS"", ""CREATIONAL_PATTERNS"", ""STRUCTURAL_PATTERNS""]"
KW_ITERATOR	iterator	Programming token: iterator (related: iterator, pattern, traverse, collection)	"{""source"": ""reference_glossary"", ""related_terms"": [""iterator"", ""pattern"", ""traverse"", ""collection"", ""behavioral""], ""extracted_at"": ""2026-08-03T12:28:05.449867""}"	2026-08-03T12:28:05.449870	2026-08-03T12:28:05.449871	"[""MVVM_PATTERN"", ""PATTERN_RECOGNITION_CONCEPT"", ""BEHAVIORAL_PATTERNS"", ""CREATIONAL_PATTERNS"", ""STRUCTURAL_PATTERNS""]"
KW_TEMPLATE	template	Programming token: template (related: template, pattern, algorithm, skeleton)	"{""source"": ""reference_glossary"", ""related_terms"": [""template"", ""pattern"", ""algorithm"", ""skeleton"", ""behavioral""], ""extracted_at"": ""2026-08-03T12:28:05.449985""}"	2026-08-03T12:28:05.449988	2026-08-03T12:28:05.449989	"[""MVVM_PATTERN"", ""PATTERN_RECOGNITION_CONCEPT"", ""BEHAVIORAL_PATTERNS"", ""SCHEDULING_ALGORITHMS"", ""CREATIONAL_PATTERNS"", ""STRUCTURAL_PATTERNS"", ""CLUSTERING_ALGORITHMS"", ""ALGORITHMIC_BIAS_SOCIETY""]"
KW_VISITOR	visitor	Programming token: visitor (related: visitor, pattern, operation, structure)	"{""source"": ""reference_glossary"", ""related_terms"": [""visitor"", ""pattern"", ""operation"", ""structure"", ""behavioral""], ""extracted_at"": ""2026-08-03T12:28:05.450093""}"	2026-08-03T12:28:05.450096	2026-08-03T12:28:05.450097	"[""MVVM_PATTERN"", ""PATTERN_RECOGNITION_CONCEPT"", ""HTML_STRUCTURE"", ""BEHAVIORAL_PATTERNS"", ""CREATIONAL_PATTERNS"", ""STRUCTURAL_PATTERNS"", ""BOOLEAN_OPERATIONS_3D"", ""TRANSFORMATION_OPERATIONS""]"
KW_MVC	mvc	Programming token: mvc (related: mvc, model_view_controller, separation, concerns)	"{""source"": ""reference_glossary"", ""related_terms"": [""mvc"", ""model_view_controller"", ""separation"", ""concerns"", ""architecture""], ""extracted_at"": ""2026-08-03T12:28:05.450197""}"	2026-08-03T12:28:05.450200	2026-08-03T12:28:05.450201	"[""CPU_ARCHITECTURE"", ""MVVM_PATTERN"", ""TRANSFORMER_ARCHITECTURE"", ""ZERO_TRUST_ARCHITECTURE"", ""ULTRA_LOW_LATENCY_HFT_ARCHITECTURE""]"
KW_MVVM	mvvm	Programming token: mvvm (related: mvvm, model_view_viewmodel, binding, architecture)	"{""source"": ""reference_glossary"", ""related_terms"": [""mvvm"", ""model_view_viewmodel"", ""binding"", ""architecture"", ""ui""], ""extracted_at"": ""2026-08-03T12:28:05.450302""}"	2026-08-03T12:28:05.450304	2026-08-03T12:28:05.450305	"[""MVVM_PATTERN"", ""TWO_WAY_BINDING"", ""CPU_ARCHITECTURE"", ""TRANSFORMER_ARCHITECTURE"", ""ZERO_TRUST_ARCHITECTURE"", ""ULTRA_LOW_LATENCY_HFT_ARCHITECTURE"", ""PROTOTYPING"", ""IMAGE_WARPING""]"
KW_MVP	mvp	Programming token: mvp (related: mvp, model_view_presenter, architecture, ui)	"{""source"": ""reference_glossary"", ""related_terms"": [""mvp"", ""model_view_presenter"", ""architecture"", ""ui""], ""extracted_at"": ""2026-08-03T12:28:05.450403""}"	2026-08-03T12:28:05.450406	2026-08-03T12:28:05.450407	"[""CPU_ARCHITECTURE"", ""MVVM_PATTERN"", ""TRANSFORMER_ARCHITECTURE"", ""ZERO_TRUST_ARCHITECTURE"", ""ULTRA_LOW_LATENCY_HFT_ARCHITECTURE"", ""PROTOTYPING"", ""IMAGE_WARPING"", ""SHAPE_BUILDING""]"
KW_VIPER	viper	Programming token: viper (related: viper, architecture, interactor, presenter)	"{""source"": ""reference_glossary"", ""related_terms"": [""viper"", ""architecture"", ""interactor"", ""presenter"", ""router"", ""entity"", ""ios""], ""extracted_at"": ""2026-08-03T12:28:05.450537""}"	2026-08-03T12:28:05.450543	2026-08-03T12:28:05.450544	"[""CPU_ARCHITECTURE"", ""MVVM_PATTERN"", ""TRANSFORMER_ARCHITECTURE"", ""ZERO_TRUST_ARCHITECTURE"", ""ULTRA_LOW_LATENCY_HFT_ARCHITECTURE"", ""ROUTERS_SWITCHES_CONCEPT"", ""PERSONAS_AND_SCENARIOS"", ""DIGITAL_IDENTITY""]"
KW_CLEAN	clean	Programming token: clean (related: clean, architecture, layers, dependency_rule)	"{""source"": ""reference_glossary"", ""related_terms"": [""clean"", ""architecture"", ""layers"", ""dependency_rule"", ""independence""], ""extracted_at"": ""2026-08-03T12:28:05.450653""}"	2026-08-03T12:28:05.450656	2026-08-03T12:28:05.450657	"[""CPU_ARCHITECTURE"", ""MVVM_PATTERN"", ""TRANSFORMER_ARCHITECTURE"", ""ZERO_TRUST_ARCHITECTURE"", ""ULTRA_LOW_LATENCY_HFT_ARCHITECTURE"", ""ABSTRACTION_LAYERS"", ""LAYER_BLEND_MODES"", ""ADJUSTMENT_LAYERS""]"
KW_HEXAGONAL	hexagonal	Programming token: hexagonal (related: hexagonal, ports_adapters, architecture, domain)	"{""source"": ""reference_glossary"", ""related_terms"": [""hexagonal"", ""ports_adapters"", ""architecture"", ""domain"", ""infrastructure""], ""extracted_at"": ""2026-08-03T12:28:05.450754""}"	2026-08-03T12:28:05.450757	2026-08-03T12:28:05.450758	"[""CPU_ARCHITECTURE"", ""MVVM_PATTERN"", ""TRANSFORMER_ARCHITECTURE"", ""ZERO_TRUST_ARCHITECTURE"", ""ULTRA_LOW_LATENCY_HFT_ARCHITECTURE"", ""PUBLIC_KEY_INFRASTRUCTURE""]"
KW_ONION	onion	Programming token: onion (related: onion, architecture, layers, domain)	"{""source"": ""reference_glossary"", ""related_terms"": [""onion"", ""architecture"", ""layers"", ""domain"", ""application"", ""infrastructure""], ""extracted_at"": ""2026-08-03T12:28:05.450885""}"	2026-08-03T12:28:05.450888	2026-08-03T12:28:05.450889	"[""CPU_ARCHITECTURE"", ""MVVM_PATTERN"", ""TRANSFORMER_ARCHITECTURE"", ""ZERO_TRUST_ARCHITECTURE"", ""ULTRA_LOW_LATENCY_HFT_ARCHITECTURE"", ""ABSTRACTION_LAYERS"", ""LAYER_BLEND_MODES"", ""ADJUSTMENT_LAYERS""]"
KW_MICROSERVICES	microservices	Programming token: microservices (related: microservices, architecture, distributed, independent)	"{""source"": ""reference_glossary"", ""related_terms"": [""microservices"", ""architecture"", ""distributed"", ""independent"", ""deployment""], ""extracted_at"": ""2026-08-03T12:28:05.450986""}"	2026-08-03T12:28:05.450989	2026-08-03T12:28:05.450990	"[""CPU_ARCHITECTURE"", ""MVVM_PATTERN"", ""TRANSFORMER_ARCHITECTURE"", ""ZERO_TRUST_ARCHITECTURE"", ""ULTRA_LOW_LATENCY_HFT_ARCHITECTURE"", ""CLOUD_DEPLOYMENT_MODELS""]"
KW_MONOLITH	monolith	Programming token: monolith (related: monolith, architecture, single, deployment)	"{""source"": ""reference_glossary"", ""related_terms"": [""monolith"", ""architecture"", ""single"", ""deployment"", ""modular""], ""extracted_at"": ""2026-08-03T12:28:05.451091""}"	2026-08-03T12:28:05.451094	2026-08-03T12:28:05.451095	"[""CPU_ARCHITECTURE"", ""MVVM_PATTERN"", ""TRANSFORMER_ARCHITECTURE"", ""ZERO_TRUST_ARCHITECTURE"", ""ULTRA_LOW_LATENCY_HFT_ARCHITECTURE"", ""SBC_BASICS"", ""CLOUD_DEPLOYMENT_MODELS""]"
KW_SERVERLESS	serverless	Programming token: serverless (related: serverless, architecture, faas, event_driven)	"{""source"": ""reference_glossary"", ""related_terms"": [""serverless"", ""architecture"", ""faas"", ""event_driven"", ""scaling""], ""extracted_at"": ""2026-08-03T12:28:05.451194""}"	2026-08-03T12:28:05.451197	2026-08-03T12:28:05.451198	"[""CPU_ARCHITECTURE"", ""MVVM_PATTERN"", ""TRANSFORMER_ARCHITECTURE"", ""ZERO_TRUST_ARCHITECTURE"", ""ULTRA_LOW_LATENCY_HFT_ARCHITECTURE"", ""2D_3D_TRANSFORMATIONS_MATH""]"
KW_PURE	pure	Programming token: pure (related: pure, function, no_side_effects, referential_transparency)	"{""source"": ""reference_glossary"", ""related_terms"": [""pure"", ""function"", ""no_side_effects"", ""referential_transparency"", ""fp""], ""extracted_at"": ""2026-08-03T12:28:05.451310""}"	2026-08-03T12:28:05.451313	2026-08-03T12:28:05.451314	"[""IMMUTABILITY_CONCEPT"", ""FIRST_CLASS_FUNCTIONS_CONCEPT""]"
KW_IMMUTABLE	immutable	Programming token: immutable (related: immutable, data, state, fp)	"{""source"": ""reference_glossary"", ""related_terms"": [""immutable"", ""data"", ""state"", ""fp"", ""concurrency_safe""], ""extracted_at"": ""2026-08-03T12:28:05.451425""}"	2026-08-03T12:28:05.451427	2026-08-03T12:28:05.451428	"[""DATA_EXPLORATION_EDA"", ""DATA_CLEANING_TECHNIQUES"", ""DATA_DISTRIBUTIONS"", ""TWO_WAY_BINDING"", ""CORE_DATA_ORM"", ""AIOT_DATA_PIPELINE"", ""DATA_LITERACY_DIKW_MODEL"", ""OBJECT_PROPERTIES""]"
KW_HIGHER_ORDER	higher_order	Programming token: higher_order (related: higher_order, function, function_as_argument, fp)	"{""source"": ""reference_glossary"", ""related_terms"": [""higher_order"", ""function"", ""function_as_argument"", ""fp""], ""extracted_at"": ""2026-08-03T12:28:05.451530""}"	2026-08-03T12:28:05.451533	2026-08-03T12:28:05.451534	"[""FIRST_CLASS_FUNCTIONS_CONCEPT"", ""IMMUTABILITY_CONCEPT""]"
KW_FILTER	filter	Programming token: filter (related: filter, predicate, select, fp)	"{""source"": ""reference_glossary"", ""related_terms"": [""filter"", ""predicate"", ""select"", ""fp"", ""collection""], ""extracted_at"": ""2026-08-03T12:28:05.451644""}"	2026-08-03T12:28:05.451647	2026-08-03T12:28:05.451648	"[""SQL_SELECT"", ""CSS_SELECTORS"", ""DIGITAL_FILTERING_AND_SAMPLING""]"
KW_REDUCE	reduce	Programming token: reduce (related: reduce, fold, accumulate, fp)	"{""source"": ""reference_glossary"", ""related_terms"": [""reduce"", ""fold"", ""accumulate"", ""fp"", ""collection""], ""extracted_at"": ""2026-08-03T12:28:05.451753""}"	2026-08-03T12:28:05.451756	2026-08-03T12:28:05.451757	"[""MAPREDUCE_CONCEPT""]"
KW_FLATMAP	flatmap	Programming token: flatmap (related: flatmap, bind, monad, fp)	"{""source"": ""reference_glossary"", ""related_terms"": [""flatmap"", ""bind"", ""monad"", ""fp"", ""chain""], ""extracted_at"": ""2026-08-03T12:28:05.451861""}"	2026-08-03T12:28:05.451864	2026-08-03T12:28:05.451865	"[""TWO_WAY_BINDING""]"
KW_COMPOSE	compose	Programming token: compose (related: compose, function, composition, fp)	"{""source"": ""reference_glossary"", ""related_terms"": [""compose"", ""function"", ""composition"", ""fp"", ""pipeline""], ""extracted_at"": ""2026-08-03T12:28:05.451982""}"	2026-08-03T12:28:05.451985	2026-08-03T12:28:05.451986	"[""COMPOSITION_PRINCIPLES"", ""LAYOUT_GRID_AND_COMPOSITION_RULES"", ""RENDERING_PIPELINE"", ""AIOT_DATA_PIPELINE"", ""PROBLEM_DECOMPOSITION"", ""FIRST_CLASS_FUNCTIONS_CONCEPT"", ""IMMUTABILITY_CONCEPT"", ""SINGULAR_VALUE_DECOMPOSITION""]"
KW_CURRY	curry	Programming token: curry (related: curry, partial_application, function, fp)	"{""source"": ""reference_glossary"", ""related_terms"": [""curry"", ""partial_application"", ""function"", ""fp""], ""extracted_at"": ""2026-08-03T12:28:05.452101""}"	2026-08-03T12:28:05.452108	2026-08-03T12:28:05.452109	"[""FIRST_CLASS_FUNCTIONS_CONCEPT"", ""IMMUTABILITY_CONCEPT""]"
KW_PARTIAL	partial	Programming token: partial (related: partial, application, function, fp)	"{""source"": ""reference_glossary"", ""related_terms"": [""partial"", ""application"", ""function"", ""fp"", ""curry""], ""extracted_at"": ""2026-08-03T12:28:05.452234""}"	2026-08-03T12:28:05.452238	2026-08-03T12:28:05.452239	"[""FIRST_CLASS_FUNCTIONS_CONCEPT"", ""IMMUTABILITY_CONCEPT""]"
KW_MONAD	monad	Programming token: monad (related: monad, bind, flatmap, fp)	"{""source"": ""reference_glossary"", ""related_terms"": [""monad"", ""bind"", ""flatmap"", ""fp"", ""effect"", ""computation""], ""extracted_at"": ""2026-08-03T12:28:05.452367""}"	2026-08-03T12:28:05.452370	2026-08-03T12:28:05.452371	"[""PATTERN_RECOGNITION_CONCEPT"", ""TWO_WAY_BINDING"", ""PHYSICAL_FLUID_DYNAMICS_SIMULATION"", ""COMPUTATIONAL_GENETICS_MODELS""]"
KW_FUNCTOR	functor	Programming token: functor (related: functor, map, fp, structure)	"{""source"": ""reference_glossary"", ""related_terms"": [""functor"", ""map"", ""fp"", ""structure"", ""mappable""], ""extracted_at"": ""2026-08-03T12:28:05.452491""}"	2026-08-03T12:28:05.452494	2026-08-03T12:28:05.452495	"[""MAP_INTEGRATION"", ""HTML_STRUCTURE"", ""MAPREDUCE_CONCEPT"", ""MATERIAL_AND_TEXTURE"", ""SIMULTANEOUS_LOCALIZATION_MAPPING"", ""PUBLIC_KEY_INFRASTRUCTURE"", ""SPATIAL_COMPUTING_XR_MAPPING""]"
KW_APPLICATIVE	applicative	Programming token: applicative (related: applicative, pure, apply, fp)	"{""source"": ""reference_glossary"", ""related_terms"": [""applicative"", ""pure"", ""apply"", ""fp"", ""functor"", ""monad""], ""extracted_at"": ""2026-08-03T12:28:05.452612""}"	2026-08-03T12:28:05.452614	2026-08-03T12:28:05.452615	"[""IMMUTABILITY_CONCEPT""]"
KW_NEUMANN	neumann	Token from concept 'CPU Architecture': neumann	"{""source"": ""concept_extraction"", ""source_concept"": ""CPU_ARCHITECTURE"", ""extracted_at"": ""2026-08-03T12:28:05.452690""}"	2026-08-03T12:28:05.452695	2026-08-03T12:28:05.452695	"[""CPU_ARCHITECTURE""]"
KW_CONTROL	control	Token from concept 'CPU Architecture': control	"{""source"": ""concept_extraction"", ""source_concept"": ""CPU_ARCHITECTURE"", ""extracted_at"": ""2026-08-03T12:28:05.452699""}"	2026-08-03T12:28:05.452701	2026-08-03T12:28:05.452702	"[""CPU_ARCHITECTURE""]"
KW_ARCHITECTURE	architecture	Token from concept 'CPU Architecture': architecture	"{""source"": ""concept_extraction"", ""source_concept"": ""CPU_ARCHITECTURE"", ""extracted_at"": ""2026-08-03T12:28:05.452705""}"	2026-08-03T12:28:05.452707	2026-08-03T12:28:05.452708	"[""CPU_ARCHITECTURE""]"
KW_HARVARD	harvard	Token from concept 'CPU Architecture': harvard	"{""source"": ""concept_extraction"", ""source_concept"": ""CPU_ARCHITECTURE"", ""extracted_at"": ""2026-08-03T12:28:05.452710""}"	2026-08-03T12:28:05.452712	2026-08-03T12:28:05.452713	"[""CPU_ARCHITECTURE""]"
KW_UNIT	unit	Token from concept 'CPU Architecture': unit	"{""source"": ""concept_extraction"", ""source_concept"": ""CPU_ARCHITECTURE"", ""extracted_at"": ""2026-08-03T12:28:05.452715""}"	2026-08-03T12:28:05.452718	2026-08-03T12:28:05.452718	"[""CPU_ARCHITECTURE""]"
KW_VON	von	Token from concept 'CPU Architecture': von	"{""source"": ""concept_extraction"", ""source_concept"": ""CPU_ARCHITECTURE"", ""extracted_at"": ""2026-08-03T12:28:05.452720""}"	2026-08-03T12:28:05.452723	2026-08-03T12:28:05.452723	"[""CPU_ARCHITECTURE""]"
KW_DECODE	decode	Token from concept 'Fetch-Decode-Execute Cycle': decode	"{""source"": ""concept_extraction"", ""source_concept"": ""FETCH_DECODE_EXECUTE"", ""extracted_at"": ""2026-08-03T12:28:05.452732""}"	2026-08-03T12:28:05.452734	2026-08-03T12:28:05.452735	"[""FETCH_DECODE_EXECUTE""]"
KW_CYCLE	cycle	Token from concept 'Fetch-Decode-Execute Cycle': cycle	"{""source"": ""concept_extraction"", ""source_concept"": ""FETCH_DECODE_EXECUTE"", ""extracted_at"": ""2026-08-03T12:28:05.452737""}"	2026-08-03T12:28:05.452744	2026-08-03T12:28:05.452745	"[""FETCH_DECODE_EXECUTE""]"
KW_EXECUTE	execute	Token from concept 'Fetch-Decode-Execute Cycle': execute	"{""source"": ""concept_extraction"", ""source_concept"": ""FETCH_DECODE_EXECUTE"", ""extracted_at"": ""2026-08-03T12:28:05.452749""}"	2026-08-03T12:28:05.452751	2026-08-03T12:28:05.452752	"[""FETCH_DECODE_EXECUTE""]"
KW_INSTRUCTION	instruction	Token from concept 'Fetch-Decode-Execute Cycle': instruction	"{""source"": ""concept_extraction"", ""source_concept"": ""FETCH_DECODE_EXECUTE"", ""extracted_at"": ""2026-08-03T12:28:05.452754""}"	2026-08-03T12:28:05.452756	2026-08-03T12:28:05.452757	"[""FETCH_DECODE_EXECUTE""]"
KW_TYPES	types	Token from concept 'Memory Types': types	"{""source"": ""concept_extraction"", ""source_concept"": ""MEMORY_TYPES"", ""extracted_at"": ""2026-08-03T12:28:05.452763""}"	2026-08-03T12:28:05.452765	2026-08-03T12:28:05.452766	"[""MEMORY_TYPES""]"
KW_MEMORY	memory	Token from concept 'Memory Types': memory	"{""source"": ""concept_extraction"", ""source_concept"": ""MEMORY_TYPES"", ""extracted_at"": ""2026-08-03T12:28:05.452769""}"	2026-08-03T12:28:05.452771	2026-08-03T12:28:05.452772	"[""MEMORY_TYPES""]"
KW_VOLATILE	volatile	Token from concept 'Memory Types': volatile	"{""source"": ""concept_extraction"", ""source_concept"": ""MEMORY_TYPES"", ""extracted_at"": ""2026-08-03T12:28:05.452775""}"	2026-08-03T12:28:05.452778	2026-08-03T12:28:05.452778	"[""MEMORY_TYPES""]"
KW_NON	non	Token from concept 'Memory Types': non	"{""source"": ""concept_extraction"", ""source_concept"": ""MEMORY_TYPES"", ""extracted_at"": ""2026-08-03T12:28:05.452783""}"	2026-08-03T12:28:05.452785	2026-08-03T12:28:05.452786	"[""MEMORY_TYPES""]"
KW_HIERARCHY	hierarchy	Token from concept 'Cache Hierarchy': hierarchy	"{""source"": ""concept_extraction"", ""source_concept"": ""CACHE_HIERARCHY"", ""extracted_at"": ""2026-08-03T12:28:05.452792""}"	2026-08-03T12:28:05.452795	2026-08-03T12:28:05.452795	"[""CACHE_HIERARCHY""]"
KW_LOCALITY	locality	Token from concept 'Cache Hierarchy': locality	"{""source"": ""concept_extraction"", ""source_concept"": ""CACHE_HIERARCHY"", ""extracted_at"": ""2026-08-03T12:28:05.452797""}"	2026-08-03T12:28:05.452800	2026-08-03T12:28:05.452800	"[""CACHE_HIERARCHY""]"
KW_CACHE	cache	Token from concept 'Cache Hierarchy': cache	"{""source"": ""concept_extraction"", ""source_concept"": ""CACHE_HIERARCHY"", ""extracted_at"": ""2026-08-03T12:28:05.452806""}"	2026-08-03T12:28:05.452808	2026-08-03T12:28:05.452808	"[""CACHE_HIERARCHY""]"
KW_PERSISTENT	persistent	Token from concept 'HDD vs. SSD': persistent	"{""source"": ""concept_extraction"", ""source_concept"": ""HDD_VS_SSD"", ""extracted_at"": ""2026-08-03T12:28:05.452814""}"	2026-08-03T12:28:05.452816	2026-08-03T12:28:05.452817	"[""HDD_VS_SSD""]"
KW_STORAGE	storage	Token from concept 'HDD vs. SSD': storage	"{""source"": ""concept_extraction"", ""source_concept"": ""HDD_VS_SSD"", ""extracted_at"": ""2026-08-03T12:28:05.452819""}"	2026-08-03T12:28:05.452821	2026-08-03T12:28:05.452822	"[""HDD_VS_SSD""]"
KW_POLLING	polling	Token from concept 'I/O Methods: Polling vs. Interrupt': polling	"{""source"": ""concept_extraction"", ""source_concept"": ""IO_METHODS_POLLING_INTERRUPT"", ""extracted_at"": ""2026-08-03T12:28:05.452828""}"	2026-08-03T12:28:05.452830	2026-08-03T12:28:05.452831	"[""IO_METHODS_POLLING_INTERRUPT""]"
KW_INTERRUPT	interrupt	Token from concept 'I/O Methods: Polling vs. Interrupt': interrupt	"{""source"": ""concept_extraction"", ""source_concept"": ""IO_METHODS_POLLING_INTERRUPT"", ""extracted_at"": ""2026-08-03T12:28:05.452833""}"	2026-08-03T12:28:05.452835	2026-08-03T12:28:05.452836	"[""IO_METHODS_POLLING_INTERRUPT""]"
KW_METHODS	methods	Token from concept 'I/O Methods: Polling vs. Interrupt': methods	"{""source"": ""concept_extraction"", ""source_concept"": ""IO_METHODS_POLLING_INTERRUPT"", ""extracted_at"": ""2026-08-03T12:28:05.452838""}"	2026-08-03T12:28:05.452840	2026-08-03T12:28:05.452841	"[""IO_METHODS_POLLING_INTERRUPT""]"
KW_MANAGEMENT	management	Token from concept 'I/O Methods: Polling vs. Interrupt': management	"{""source"": ""concept_extraction"", ""source_concept"": ""IO_METHODS_POLLING_INTERRUPT"", ""extracted_at"": ""2026-08-03T12:28:05.452843""}"	2026-08-03T12:28:05.452845	2026-08-03T12:28:05.452846	"[""IO_METHODS_POLLING_INTERRUPT""]"
KW_HARDWARE	hardware	Token from concept 'Direct Memory Access (DMA)': hardware	"{""source"": ""concept_extraction"", ""source_concept"": ""DMA_CONCEPT"", ""extracted_at"": ""2026-08-03T12:28:05.452852""}"	2026-08-03T12:28:05.452854	2026-08-03T12:28:05.452855	"[""DMA_CONCEPT""]"
KW_ACCESS	access	Token from concept 'Direct Memory Access (DMA)': access	"{""source"": ""concept_extraction"", ""source_concept"": ""DMA_CONCEPT"", ""extracted_at"": ""2026-08-03T12:28:05.452858""}"	2026-08-03T12:28:05.452860	2026-08-03T12:28:05.452861	"[""DMA_CONCEPT""]"
KW_DIRECT	direct	Token from concept 'Direct Memory Access (DMA)': direct	"{""source"": ""concept_extraction"", ""source_concept"": ""DMA_CONCEPT"", ""extracted_at"": ""2026-08-03T12:28:05.452863""}"	2026-08-03T12:28:05.452865	2026-08-03T12:28:05.452866	"[""DMA_CONCEPT""]"
KW_MULTITASKING	multitasking	Token from concept 'Process vs. Thread': multitasking	"{""source"": ""concept_extraction"", ""source_concept"": ""PROCESS_VS_THREAD"", ""extracted_at"": ""2026-08-03T12:28:05.452872""}"	2026-08-03T12:28:05.452874	2026-08-03T12:28:05.452875	"[""PROCESS_VS_THREAD""]"
KW_MULTITHREADING	multithreading	Token from concept 'Process vs. Thread': multithreading	"{""source"": ""concept_extraction"", ""source_concept"": ""PROCESS_VS_THREAD"", ""extracted_at"": ""2026-08-03T12:28:05.452877""}"	2026-08-03T12:28:05.452880	2026-08-03T12:28:05.452880	"[""PROCESS_VS_THREAD""]"
KW_SCHEDULING	scheduling	Token from concept 'CPU Scheduling Algorithms': scheduling	"{""source"": ""concept_extraction"", ""source_concept"": ""SCHEDULING_ALGORITHMS"", ""extracted_at"": ""2026-08-03T12:28:05.452888""}"	2026-08-03T12:28:05.452890	2026-08-03T12:28:05.452891	"[""SCHEDULING_ALGORITHMS""]"
KW_ROBIN	robin	Token from concept 'CPU Scheduling Algorithms': robin	"{""source"": ""concept_extraction"", ""source_concept"": ""SCHEDULING_ALGORITHMS"", ""extracted_at"": ""2026-08-03T12:28:05.452893""}"	2026-08-03T12:28:05.452895	2026-08-03T12:28:05.452896	"[""SCHEDULING_ALGORITHMS""]"
KW_ROUND	round	Token from concept 'CPU Scheduling Algorithms': round	"{""source"": ""concept_extraction"", ""source_concept"": ""SCHEDULING_ALGORITHMS"", ""extracted_at"": ""2026-08-03T12:28:05.452898""}"	2026-08-03T12:28:05.452900	2026-08-03T12:28:05.452901	"[""SCHEDULING_ALGORITHMS""]"
KW_ALGORITHMS	algorithms	Token from concept 'CPU Scheduling Algorithms': algorithms	"{""source"": ""concept_extraction"", ""source_concept"": ""SCHEDULING_ALGORITHMS"", ""extracted_at"": ""2026-08-03T12:28:05.452903""}"	2026-08-03T12:28:05.452905	2026-08-03T12:28:05.452906	"[""SCHEDULING_ALGORITHMS""]"
KW_PAGING	paging	Token from concept 'Virtual Memory Concept': paging	"{""source"": ""concept_extraction"", ""source_concept"": ""VIRTUAL_MEMORY"", ""extracted_at"": ""2026-08-03T12:28:05.452912""}"	2026-08-03T12:28:05.452914	2026-08-03T12:28:05.452915	"[""VIRTUAL_MEMORY""]"
KW_SPACE	space	Token from concept 'Virtual Memory Concept': space	"{""source"": ""concept_extraction"", ""source_concept"": ""VIRTUAL_MEMORY"", ""extracted_at"": ""2026-08-03T12:28:05.452917""}"	2026-08-03T12:28:05.452919	2026-08-03T12:28:05.452920	"[""VIRTUAL_MEMORY""]"
KW_CONCEPT	concept	Token from concept 'Virtual Memory Concept': concept	"{""source"": ""concept_extraction"", ""source_concept"": ""VIRTUAL_MEMORY"", ""extracted_at"": ""2026-08-03T12:28:05.452923""}"	2026-08-03T12:28:05.452925	2026-08-03T12:28:05.452926	"[""VIRTUAL_MEMORY""]"
KW_ADDRESS	address	Token from concept 'Virtual Memory Concept': address	"{""source"": ""concept_extraction"", ""source_concept"": ""VIRTUAL_MEMORY"", ""extracted_at"": ""2026-08-03T12:28:05.452928""}"	2026-08-03T12:28:05.452930	2026-08-03T12:28:05.452931	"[""VIRTUAL_MEMORY""]"
KW_CONTIGUOUS	contiguous	Token from concept 'File Allocation Methods': contiguous	"{""source"": ""concept_extraction"", ""source_concept"": ""FILE_ALLOCATION"", ""extracted_at"": ""2026-08-03T12:28:05.452940""}"	2026-08-03T12:28:05.452942	2026-08-03T12:28:05.452943	"[""FILE_ALLOCATION""]"
KW_INDEXED	indexed	Token from concept 'File Allocation Methods': indexed	"{""source"": ""concept_extraction"", ""source_concept"": ""FILE_ALLOCATION"", ""extracted_at"": ""2026-08-03T12:28:05.452945""}"	2026-08-03T12:28:05.452947	2026-08-03T12:28:05.452948	"[""FILE_ALLOCATION""]"
KW_FILE	file	Token from concept 'File Allocation Methods': file	"{""source"": ""concept_extraction"", ""source_concept"": ""FILE_ALLOCATION"", ""extracted_at"": ""2026-08-03T12:28:05.452951""}"	2026-08-03T12:28:05.452955	2026-08-03T12:28:05.452956	"[""FILE_ALLOCATION""]"
KW_LINKED	linked	Token from concept 'File Allocation Methods': linked	"{""source"": ""concept_extraction"", ""source_concept"": ""FILE_ALLOCATION"", ""extracted_at"": ""2026-08-03T12:28:05.452958""}"	2026-08-03T12:28:05.452960	2026-08-03T12:28:05.452961	"[""FILE_ALLOCATION""]"
KW_ALLOCATION	allocation	Token from concept 'File Allocation Methods': allocation	"{""source"": ""concept_extraction"", ""source_concept"": ""FILE_ALLOCATION"", ""extracted_at"": ""2026-08-03T12:28:05.452963""}"	2026-08-03T12:28:05.452965	2026-08-03T12:28:05.452966	"[""FILE_ALLOCATION""]"
KW_SOLVING	solving	Token from concept 'Systematic Troubleshooting': solving	"{""source"": ""concept_extraction"", ""source_concept"": ""TROUBLESHOOTING_METHODOLOGY_CONCEPT"", ""extracted_at"": ""2026-08-03T12:28:05.452974""}"	2026-08-03T12:28:05.452980	2026-08-03T12:28:05.452981	"[""TROUBLESHOOTING_METHODOLOGY_CONCEPT""]"
KW_DIAGNOSTICS	diagnostics	Token from concept 'Systematic Troubleshooting': diagnostics	"{""source"": ""concept_extraction"", ""source_concept"": ""TROUBLESHOOTING_METHODOLOGY_CONCEPT"", ""extracted_at"": ""2026-08-03T12:28:05.452983""}"	2026-08-03T12:28:05.452985	2026-08-03T12:28:05.452986	"[""TROUBLESHOOTING_METHODOLOGY_CONCEPT""]"
KW_TROUBLESHOOTING	troubleshooting	Token from concept 'Systematic Troubleshooting': troubleshooting	"{""source"": ""concept_extraction"", ""source_concept"": ""TROUBLESHOOTING_METHODOLOGY_CONCEPT"", ""extracted_at"": ""2026-08-03T12:28:05.452988""}"	2026-08-03T12:28:05.452991	2026-08-03T12:28:05.452991	"[""TROUBLESHOOTING_METHODOLOGY_CONCEPT""]"
KW_PROBLEM	problem	Token from concept 'Systematic Troubleshooting': problem	"{""source"": ""concept_extraction"", ""source_concept"": ""TROUBLESHOOTING_METHODOLOGY_CONCEPT"", ""extracted_at"": ""2026-08-03T12:28:05.452994""}"	2026-08-03T12:28:05.452996	2026-08-03T12:28:05.452996	"[""TROUBLESHOOTING_METHODOLOGY_CONCEPT""]"
KW_SYSTEMATIC	systematic	Token from concept 'Systematic Troubleshooting': systematic	"{""source"": ""concept_extraction"", ""source_concept"": ""TROUBLESHOOTING_METHODOLOGY_CONCEPT"", ""extracted_at"": ""2026-08-03T12:28:05.452999""}"	2026-08-03T12:28:05.453001	2026-08-03T12:28:05.453002	"[""TROUBLESHOOTING_METHODOLOGY_CONCEPT""]"
KW_ANALYSIS	analysis	Token from concept 'Interpreting Error Messages': analysis	"{""source"": ""concept_extraction"", ""source_concept"": ""ERROR_MESSAGES_CONCEPT"", ""extracted_at"": ""2026-08-03T12:28:05.453008""}"	2026-08-03T12:28:05.453010	2026-08-03T12:28:05.453011	"[""ERROR_MESSAGES_CONCEPT""]"
KW_LOG	log	Token from concept 'Interpreting Error Messages': log	"{""source"": ""concept_extraction"", ""source_concept"": ""ERROR_MESSAGES_CONCEPT"", ""extracted_at"": ""2026-08-03T12:28:05.453013""}"	2026-08-03T12:28:05.453015	2026-08-03T12:28:05.453016	"[""ERROR_MESSAGES_CONCEPT""]"
KW_DEBUGGING	debugging	Token from concept 'Interpreting Error Messages': debugging	"{""source"": ""concept_extraction"", ""source_concept"": ""ERROR_MESSAGES_CONCEPT"", ""extracted_at"": ""2026-08-03T12:28:05.453018""}"	2026-08-03T12:28:05.453020	2026-08-03T12:28:05.453021	"[""ERROR_MESSAGES_CONCEPT""]"
KW_ERROR	error	Token from concept 'Interpreting Error Messages': error	"{""source"": ""concept_extraction"", ""source_concept"": ""ERROR_MESSAGES_CONCEPT"", ""extracted_at"": ""2026-08-03T12:28:05.453023""}"	2026-08-03T12:28:05.453025	2026-08-03T12:28:05.453026	"[""ERROR_MESSAGES_CONCEPT""]"
KW_MESSAGES	messages	Token from concept 'Interpreting Error Messages': messages	"{""source"": ""concept_extraction"", ""source_concept"": ""ERROR_MESSAGES_CONCEPT"", ""extracted_at"": ""2026-08-03T12:28:05.453028""}"	2026-08-03T12:28:05.453030	2026-08-03T12:28:05.453031	"[""ERROR_MESSAGES_CONCEPT""]"
KW_EXCEPTIONS	exceptions	Token from concept 'Interpreting Error Messages': exceptions	"{""source"": ""concept_extraction"", ""source_concept"": ""ERROR_MESSAGES_CONCEPT"", ""extracted_at"": ""2026-08-03T12:28:05.453033""}"	2026-08-03T12:28:05.453035	2026-08-03T12:28:05.453036	"[""ERROR_MESSAGES_CONCEPT""]"
KW_HANDLING	handling	Token from concept 'Interpreting Error Messages': handling	"{""source"": ""concept_extraction"", ""source_concept"": ""ERROR_MESSAGES_CONCEPT"", ""extracted_at"": ""2026-08-03T12:28:05.453038""}"	2026-08-03T12:28:05.453040	2026-08-03T12:28:05.453041	"[""ERROR_MESSAGES_CONCEPT""]"
KW_INTERPRETING	interpreting	Token from concept 'Interpreting Error Messages': interpreting	"{""source"": ""concept_extraction"", ""source_concept"": ""ERROR_MESSAGES_CONCEPT"", ""extracted_at"": ""2026-08-03T12:28:05.453043""}"	2026-08-03T12:28:05.453045	2026-08-03T12:28:05.453046	"[""ERROR_MESSAGES_CONCEPT""]"
KW_LOOP	loop	Token from concept 'microcontroller Basics': loop	"{""source"": ""concept_extraction"", ""source_concept"": ""ARDUINO_BASICS"", ""extracted_at"": ""2026-08-03T12:28:05.453051""}"	2026-08-03T12:28:05.453054	2026-08-03T12:28:05.453055	"[""ARDUINO_BASICS""]"
KW_MICROCONTROLLER	microcontroller	Token from concept 'microcontroller Basics': microcontroller	"{""source"": ""concept_extraction"", ""source_concept"": ""ARDUINO_BASICS"", ""extracted_at"": ""2026-08-03T12:28:05.453057""}"	2026-08-03T12:28:05.453059	2026-08-03T12:28:05.453060	"[""ARDUINO_BASICS""]"
KW_BASICS	basics	Token from concept 'microcontroller Basics': basics	"{""source"": ""concept_extraction"", ""source_concept"": ""ARDUINO_BASICS"", ""extracted_at"": ""2026-08-03T12:28:05.453063""}"	2026-08-03T12:28:05.453065	2026-08-03T12:28:05.453066	"[""ARDUINO_BASICS""]"
KW_SKETCH	sketch	Token from concept 'microcontroller Basics': sketch	"{""source"": ""concept_extraction"", ""source_concept"": ""ARDUINO_BASICS"", ""extracted_at"": ""2026-08-03T12:28:05.453068""}"	2026-08-03T12:28:05.453070	2026-08-03T12:28:05.453071	"[""ARDUINO_BASICS""]"
KW_LINUX	linux	Token from concept 'Single Board Computer Basics': linux	"{""source"": ""concept_extraction"", ""source_concept"": ""SBC_BASICS"", ""extracted_at"": ""2026-08-03T12:28:05.453077""}"	2026-08-03T12:28:05.453079	2026-08-03T12:28:05.453080	"[""SBC_BASICS""]"
KW_COMPUTER	computer	Token from concept 'Single Board Computer Basics': computer	"{""source"": ""concept_extraction"", ""source_concept"": ""SBC_BASICS"", ""extracted_at"": ""2026-08-03T12:28:05.453082""}"	2026-08-03T12:28:05.453084	2026-08-03T12:28:05.453085	"[""SBC_BASICS""]"
KW_BOARD	board	Token from concept 'Single Board Computer Basics': board	"{""source"": ""concept_extraction"", ""source_concept"": ""SBC_BASICS"", ""extracted_at"": ""2026-08-03T12:28:05.453087""}"	2026-08-03T12:28:05.453090	2026-08-03T12:28:05.453090	"[""SBC_BASICS""]"
KW_SBC	sbc	Token from concept 'Single Board Computer Basics': sbc	"{""source"": ""concept_extraction"", ""source_concept"": ""SBC_BASICS"", ""extracted_at"": ""2026-08-03T12:28:05.453093""}"	2026-08-03T12:28:05.453096	2026-08-03T12:28:05.453096	"[""SBC_BASICS""]"
KW_SINGLE	single	Token from concept 'Single Board Computer Basics': single	"{""source"": ""concept_extraction"", ""source_concept"": ""SBC_BASICS"", ""extracted_at"": ""2026-08-03T12:28:05.453098""}"	2026-08-03T12:28:05.453101	2026-08-03T12:28:05.453101	"[""SBC_BASICS""]"
KW_BASED	based	Token from concept 'Single Board Computer Basics': based	"{""source"": ""concept_extraction"", ""source_concept"": ""SBC_BASICS"", ""extracted_at"": ""2026-08-03T12:28:05.453103""}"	2026-08-03T12:28:05.453105	2026-08-03T12:28:05.453106	"[""SBC_BASICS""]"
KW_EMBEDDED	embedded	Token from concept 'Single Board Computer Basics': embedded	"{""source"": ""concept_extraction"", ""source_concept"": ""SBC_BASICS"", ""extracted_at"": ""2026-08-03T12:28:05.453108""}"	2026-08-03T12:28:05.453110	2026-08-03T12:28:05.453111	"[""SBC_BASICS""]"
KW_ANALOG	analog	Token from concept 'Digital vs. Analog I/O Pins': analog	"{""source"": ""concept_extraction"", ""source_concept"": ""DIGITAL_ANALOG_IO"", ""extracted_at"": ""2026-08-03T12:28:05.453117""}"	2026-08-03T12:28:05.453120	2026-08-03T12:28:05.453121	"[""DIGITAL_ANALOG_IO""]"
KW_DIGITAL	digital	Token from concept 'Digital vs. Analog I/O Pins': digital	"{""source"": ""concept_extraction"", ""source_concept"": ""DIGITAL_ANALOG_IO"", ""extracted_at"": ""2026-08-03T12:28:05.453123""}"	2026-08-03T12:28:05.453125	2026-08-03T12:28:05.453126	"[""DIGITAL_ANALOG_IO""]"
KW_PINS	pins	Token from concept 'Digital vs. Analog I/O Pins': pins	"{""source"": ""concept_extraction"", ""source_concept"": ""DIGITAL_ANALOG_IO"", ""extracted_at"": ""2026-08-03T12:28:05.453128""}"	2026-08-03T12:28:05.453130	2026-08-03T12:28:05.453131	"[""DIGITAL_ANALOG_IO""]"
KW_DUTY	duty	Token from concept 'Pulse Width Modulation (PWM)': duty	"{""source"": ""concept_extraction"", ""source_concept"": ""PWM"", ""extracted_at"": ""2026-08-03T12:28:05.453136""}"	2026-08-03T12:28:05.453138	2026-08-03T12:28:05.453139	"[""PWM""]"
KW_MODULATION	modulation	Token from concept 'Pulse Width Modulation (PWM)': modulation	"{""source"": ""concept_extraction"", ""source_concept"": ""PWM"", ""extracted_at"": ""2026-08-03T12:28:05.453142""}"	2026-08-03T12:28:05.453145	2026-08-03T12:28:05.453145	"[""PWM""]"
KW_WIDTH	width	Token from concept 'Pulse Width Modulation (PWM)': width	"{""source"": ""concept_extraction"", ""source_concept"": ""PWM"", ""extracted_at"": ""2026-08-03T12:28:05.453147""}"	2026-08-03T12:28:05.453149	2026-08-03T12:28:05.453150	"[""PWM""]"
KW_PULSE	pulse	Token from concept 'Pulse Width Modulation (PWM)': pulse	"{""source"": ""concept_extraction"", ""source_concept"": ""PWM"", ""extracted_at"": ""2026-08-03T12:28:05.453152""}"	2026-08-03T12:28:05.453154	2026-08-03T12:28:05.453155	"[""PWM""]"
KW_TEMP	temp	Token from concept 'Reading Temp/Humidity Sensors': temp	"{""source"": ""concept_extraction"", ""source_concept"": ""TEMP_HUMIDITY_SENSORS"", ""extracted_at"": ""2026-08-03T12:28:05.453161""}"	2026-08-03T12:28:05.453163	2026-08-03T12:28:05.453164	"[""TEMP_HUMIDITY_SENSORS""]"
KW_SENSOR	sensor	Token from concept 'Reading Temp/Humidity Sensors': sensor	"{""source"": ""concept_extraction"", ""source_concept"": ""TEMP_HUMIDITY_SENSORS"", ""extracted_at"": ""2026-08-03T12:28:05.453166""}"	2026-08-03T12:28:05.453168	2026-08-03T12:28:05.453169	"[""TEMP_HUMIDITY_SENSORS""]"
KW_HUMIDITY	humidity	Token from concept 'Reading Temp/Humidity Sensors': humidity	"{""source"": ""concept_extraction"", ""source_concept"": ""TEMP_HUMIDITY_SENSORS"", ""extracted_at"": ""2026-08-03T12:28:05.453171""}"	2026-08-03T12:28:05.453173	2026-08-03T12:28:05.453174	"[""TEMP_HUMIDITY_SENSORS""]"
KW_TEMPERATURE	temperature	Token from concept 'Reading Temp/Humidity Sensors': temperature	"{""source"": ""concept_extraction"", ""source_concept"": ""TEMP_HUMIDITY_SENSORS"", ""extracted_at"": ""2026-08-03T12:28:05.453176""}"	2026-08-03T12:28:05.453178	2026-08-03T12:28:05.453179	"[""TEMP_HUMIDITY_SENSORS""]"
KW_READING	reading	Token from concept 'Reading Temp/Humidity Sensors': reading	"{""source"": ""concept_extraction"", ""source_concept"": ""TEMP_HUMIDITY_SENSORS"", ""extracted_at"": ""2026-08-03T12:28:05.453181""}"	2026-08-03T12:28:05.453184	2026-08-03T12:28:05.453185	"[""TEMP_HUMIDITY_SENSORS""]"
KW_SENSORS	sensors	Token from concept 'Reading Temp/Humidity Sensors': sensors	"{""source"": ""concept_extraction"", ""source_concept"": ""TEMP_HUMIDITY_SENSORS"", ""extracted_at"": ""2026-08-03T12:28:05.453187""}"	2026-08-03T12:28:05.453191	2026-08-03T12:28:05.453191	"[""TEMP_HUMIDITY_SENSORS""]"
KW_DETECTION	detection	Token from concept 'Reading Light/Motion Sensors': detection	"{""source"": ""concept_extraction"", ""source_concept"": ""LIGHT_MOTION_SENSORS"", ""extracted_at"": ""2026-08-03T12:28:05.453200""}"	2026-08-03T12:28:05.453202	2026-08-03T12:28:05.453203	"[""LIGHT_MOTION_SENSORS""]"
KW_PHOTORESISTOR	photoresistor	Token from concept 'Reading Light/Motion Sensors': photoresistor	"{""source"": ""concept_extraction"", ""source_concept"": ""LIGHT_MOTION_SENSORS"", ""extracted_at"": ""2026-08-03T12:28:05.453205""}"	2026-08-03T12:28:05.453207	2026-08-03T12:28:05.453208	"[""LIGHT_MOTION_SENSORS""]"
KW_MOTION	motion	Token from concept 'Reading Light/Motion Sensors': motion	"{""source"": ""concept_extraction"", ""source_concept"": ""LIGHT_MOTION_SENSORS"", ""extracted_at"": ""2026-08-03T12:28:05.453210""}"	2026-08-03T12:28:05.453212	2026-08-03T12:28:05.453213	"[""LIGHT_MOTION_SENSORS""]"
KW_LIGHT	light	Token from concept 'Reading Light/Motion Sensors': light	"{""source"": ""concept_extraction"", ""source_concept"": ""LIGHT_MOTION_SENSORS"", ""extracted_at"": ""2026-08-03T12:28:05.453215""}"	2026-08-03T12:28:05.453217	2026-08-03T12:28:05.453218	"[""LIGHT_MOTION_SENSORS""]"
KW_SERVO	servo	Token from concept 'DC Motor and Servo Control': servo	"{""source"": ""concept_extraction"", ""source_concept"": ""MOTOR_CONTROL"", ""extracted_at"": ""2026-08-03T12:28:05.453226""}"	2026-08-03T12:28:05.453229	2026-08-03T12:28:05.453229	"[""MOTOR_CONTROL""]"
KW_MOTOR	motor	Token from concept 'DC Motor and Servo Control': motor	"{""source"": ""concept_extraction"", ""source_concept"": ""MOTOR_CONTROL"", ""extracted_at"": ""2026-08-03T12:28:05.453232""}"	2026-08-03T12:28:05.453234	2026-08-03T12:28:05.453235	"[""MOTOR_CONTROL""]"
KW_ACTUATOR	actuator	Token from concept 'DC Motor and Servo Control': actuator	"{""source"": ""concept_extraction"", ""source_concept"": ""MOTOR_CONTROL"", ""extracted_at"": ""2026-08-03T12:28:05.453237""}"	2026-08-03T12:28:05.453239	2026-08-03T12:28:05.453240	"[""MOTOR_CONTROL""]"
KW_ROUTERS	routers	Token from concept 'Routers and Switches': routers	"{""source"": ""concept_extraction"", ""source_concept"": ""ROUTERS_SWITCHES_CONCEPT"", ""extracted_at"": ""2026-08-03T12:28:05.453247""}"	2026-08-03T12:28:05.453249	2026-08-03T12:28:05.453250	"[""ROUTERS_SWITCHES_CONCEPT""]"
KW_ROUTER	router	Token from concept 'Routers and Switches': router	"{""source"": ""concept_extraction"", ""source_concept"": ""ROUTERS_SWITCHES_CONCEPT"", ""extracted_at"": ""2026-08-03T12:28:05.453252""}"	2026-08-03T12:28:05.453254	2026-08-03T12:28:05.453255	"[""ROUTERS_SWITCHES_CONCEPT""]"
KW_SWITCHES	switches	Token from concept 'Routers and Switches': switches	"{""source"": ""concept_extraction"", ""source_concept"": ""ROUTERS_SWITCHES_CONCEPT"", ""extracted_at"": ""2026-08-03T12:28:05.453260""}"	2026-08-03T12:28:05.453263	2026-08-03T12:28:05.453263	"[""ROUTERS_SWITCHES_CONCEPT""]"
KW_NETWORKING	networking	Token from concept 'Routers and Switches': networking	"{""source"": ""concept_extraction"", ""source_concept"": ""ROUTERS_SWITCHES_CONCEPT"", ""extracted_at"": ""2026-08-03T12:28:05.453265""}"	2026-08-03T12:28:05.453268	2026-08-03T12:28:05.453268	"[""ROUTERS_SWITCHES_CONCEPT""]"
KW_WIRELESS	wireless	Token from concept 'Physical Media & Wireless': wireless	"{""source"": ""concept_extraction"", ""source_concept"": ""PHYSICAL_MEDIA_CONCEPT"", ""extracted_at"": ""2026-08-03T12:28:05.453278""}"	2026-08-03T12:28:05.453280	2026-08-03T12:28:05.453281	"[""PHYSICAL_MEDIA_CONCEPT""]"
KW_PHYSICAL	physical	Token from concept 'Physical Media & Wireless': physical	"{""source"": ""concept_extraction"", ""source_concept"": ""PHYSICAL_MEDIA_CONCEPT"", ""extracted_at"": ""2026-08-03T12:28:05.453283""}"	2026-08-03T12:28:05.453285	2026-08-03T12:28:05.453286	"[""PHYSICAL_MEDIA_CONCEPT""]"
KW_CABLE	cable	Token from concept 'Physical Media & Wireless': cable	"{""source"": ""concept_extraction"", ""source_concept"": ""PHYSICAL_MEDIA_CONCEPT"", ""extracted_at"": ""2026-08-03T12:28:05.453288""}"	2026-08-03T12:28:05.453290	2026-08-03T12:28:05.453291	"[""PHYSICAL_MEDIA_CONCEPT""]"
KW_OPTIC	optic	Token from concept 'Physical Media & Wireless': optic	"{""source"": ""concept_extraction"", ""source_concept"": ""PHYSICAL_MEDIA_CONCEPT"", ""extracted_at"": ""2026-08-03T12:28:05.453293""}"	2026-08-03T12:28:05.453295	2026-08-03T12:28:05.453296	"[""PHYSICAL_MEDIA_CONCEPT""]"
KW_MEDIA	media	Token from concept 'Physical Media & Wireless': media	"{""source"": ""concept_extraction"", ""source_concept"": ""PHYSICAL_MEDIA_CONCEPT"", ""extracted_at"": ""2026-08-03T12:28:05.453298""}"	2026-08-03T12:28:05.453300	2026-08-03T12:28:05.453300	"[""PHYSICAL_MEDIA_CONCEPT""]"
KW_ETHERNET	ethernet	Token from concept 'Physical Media & Wireless': ethernet	"{""source"": ""concept_extraction"", ""source_concept"": ""PHYSICAL_MEDIA_CONCEPT"", ""extracted_at"": ""2026-08-03T12:28:05.453303""}"	2026-08-03T12:28:05.453305	2026-08-03T12:28:05.453305	"[""PHYSICAL_MEDIA_CONCEPT""]"
KW_BLUETOOTH	bluetooth	Token from concept 'Physical Media & Wireless': bluetooth	"{""source"": ""concept_extraction"", ""source_concept"": ""PHYSICAL_MEDIA_CONCEPT"", ""extracted_at"": ""2026-08-03T12:28:05.453307""}"	2026-08-03T12:28:05.453310	2026-08-03T12:28:05.453310	"[""PHYSICAL_MEDIA_CONCEPT""]"
KW_FIBER	fiber	Token from concept 'Physical Media & Wireless': fiber	"{""source"": ""concept_extraction"", ""source_concept"": ""PHYSICAL_MEDIA_CONCEPT"", ""extracted_at"": ""2026-08-03T12:28:05.453312""}"	2026-08-03T12:28:05.453314	2026-08-03T12:28:05.453315	"[""PHYSICAL_MEDIA_CONCEPT""]"
KW_NETWORK	network	Token from concept 'Network Topologies': network	"{""source"": ""concept_extraction"", ""source_concept"": ""NETWORK_TOPOLOGIES_CONCEPT"", ""extracted_at"": ""2026-08-03T12:28:05.453321""}"	2026-08-03T12:28:05.453323	2026-08-03T12:28:05.453324	"[""NETWORK_TOPOLOGIES_CONCEPT""]"
KW_TOPOLOGY	topology	Token from concept 'Network Topologies': topology	"{""source"": ""concept_extraction"", ""source_concept"": ""NETWORK_TOPOLOGIES_CONCEPT"", ""extracted_at"": ""2026-08-03T12:28:05.453326""}"	2026-08-03T12:28:05.453328	2026-08-03T12:28:05.453329	"[""NETWORK_TOPOLOGIES_CONCEPT""]"
KW_BUS	bus	Token from concept 'Network Topologies': bus	"{""source"": ""concept_extraction"", ""source_concept"": ""NETWORK_TOPOLOGIES_CONCEPT"", ""extracted_at"": ""2026-08-03T12:28:05.453331""}"	2026-08-03T12:28:05.453333	2026-08-03T12:28:05.453334	"[""NETWORK_TOPOLOGIES_CONCEPT""]"
KW_TOPOLOGIES	topologies	Token from concept 'Network Topologies': topologies	"{""source"": ""concept_extraction"", ""source_concept"": ""NETWORK_TOPOLOGIES_CONCEPT"", ""extracted_at"": ""2026-08-03T12:28:05.453336""}"	2026-08-03T12:28:05.453338	2026-08-03T12:28:05.453339	"[""NETWORK_TOPOLOGIES_CONCEPT""]"
KW_STAR	star	Token from concept 'Network Topologies': star	"{""source"": ""concept_extraction"", ""source_concept"": ""NETWORK_TOPOLOGIES_CONCEPT"", ""extracted_at"": ""2026-08-03T12:28:05.453341""}"	2026-08-03T12:28:05.453343	2026-08-03T12:28:05.453344	"[""NETWORK_TOPOLOGIES_CONCEPT""]"
KW_RING	ring	Token from concept 'Network Topologies': ring	"{""source"": ""concept_extraction"", ""source_concept"": ""NETWORK_TOPOLOGIES_CONCEPT"", ""extracted_at"": ""2026-08-03T12:28:05.453346""}"	2026-08-03T12:28:05.453348	2026-08-03T12:28:05.453349	"[""NETWORK_TOPOLOGIES_CONCEPT""]"
KW_MESH	mesh	Token from concept 'Network Topologies': mesh	"{""source"": ""concept_extraction"", ""source_concept"": ""NETWORK_TOPOLOGIES_CONCEPT"", ""extracted_at"": ""2026-08-03T12:28:05.453351""}"	2026-08-03T12:28:05.453353	2026-08-03T12:28:05.453354	"[""NETWORK_TOPOLOGIES_CONCEPT""]"
KW_HIDING	hiding	Token from concept 'Layers of Abstraction': hiding	"{""source"": ""concept_extraction"", ""source_concept"": ""ABSTRACTION_LAYERS"", ""extracted_at"": ""2026-08-03T12:28:05.453359""}"	2026-08-03T12:28:05.453361	2026-08-03T12:28:05.453362	"[""ABSTRACTION_LAYERS""]"
KW_LAYERS	layers	Token from concept 'Layers of Abstraction': layers	"{""source"": ""concept_extraction"", ""source_concept"": ""ABSTRACTION_LAYERS"", ""extracted_at"": ""2026-08-03T12:28:05.453364""}"	2026-08-03T12:28:05.453366	2026-08-03T12:28:05.453367	"[""ABSTRACTION_LAYERS""]"
KW_ABSTRACTION	abstraction	Token from concept 'Layers of Abstraction': abstraction	"{""source"": ""concept_extraction"", ""source_concept"": ""ABSTRACTION_LAYERS"", ""extracted_at"": ""2026-08-03T12:28:05.453369""}"	2026-08-03T12:28:05.453372	2026-08-03T12:28:05.453372	"[""ABSTRACTION_LAYERS""]"
KW_INFORMATION	information	Token from concept 'Layers of Abstraction': information	"{""source"": ""concept_extraction"", ""source_concept"": ""ABSTRACTION_LAYERS"", ""extracted_at"": ""2026-08-03T12:28:05.453374""}"	2026-08-03T12:28:05.453377	2026-08-03T12:28:05.453377	"[""ABSTRACTION_LAYERS""]"
KW_DECOMPOSITION	decomposition	Token from concept 'Problem Decomposition': decomposition	"{""source"": ""concept_extraction"", ""source_concept"": ""PROBLEM_DECOMPOSITION"", ""extracted_at"": ""2026-08-03T12:28:05.453386""}"	2026-08-03T12:28:05.453389	2026-08-03T12:28:05.453389	"[""PROBLEM_DECOMPOSITION""]"
KW_SUB	sub	Token from concept 'Problem Decomposition': sub	"{""source"": ""concept_extraction"", ""source_concept"": ""PROBLEM_DECOMPOSITION"", ""extracted_at"": ""2026-08-03T12:28:05.453391""}"	2026-08-03T12:28:05.453394	2026-08-03T12:28:05.453394	"[""PROBLEM_DECOMPOSITION""]"
KW_SYSTEM	system	Token from concept 'Problem Decomposition': system	"{""source"": ""concept_extraction"", ""source_concept"": ""PROBLEM_DECOMPOSITION"", ""extracted_at"": ""2026-08-03T12:28:05.453398""}"	2026-08-03T12:28:05.453400	2026-08-03T12:28:05.453401	"[""PROBLEM_DECOMPOSITION""]"
KW_BREAKDOWN	breakdown	Token from concept 'Problem Decomposition': breakdown	"{""source"": ""concept_extraction"", ""source_concept"": ""PROBLEM_DECOMPOSITION"", ""extracted_at"": ""2026-08-03T12:28:05.453405""}"	2026-08-03T12:28:05.453407	2026-08-03T12:28:05.453408	"[""PROBLEM_DECOMPOSITION""]"
KW_PROBLEMS	problems	Token from concept 'Problem Decomposition': problems	"{""source"": ""concept_extraction"", ""source_concept"": ""PROBLEM_DECOMPOSITION"", ""extracted_at"": ""2026-08-03T12:28:05.453410""}"	2026-08-03T12:28:05.453412	2026-08-03T12:28:05.453413	"[""PROBLEM_DECOMPOSITION""]"
KW_CREATIONAL	creational	Token from concept 'Creational Design Patterns': creational	"{""source"": ""concept_extraction"", ""source_concept"": ""CREATIONAL_PATTERNS"", ""extracted_at"": ""2026-08-03T12:28:05.453420""}"	2026-08-03T12:28:05.453422	2026-08-03T12:28:05.453423	"[""CREATIONAL_PATTERNS""]"
KW_DESIGN	design	Token from concept 'Creational Design Patterns': design	"{""source"": ""concept_extraction"", ""source_concept"": ""CREATIONAL_PATTERNS"", ""extracted_at"": ""2026-08-03T12:28:05.453426""}"	2026-08-03T12:28:05.453428	2026-08-03T12:28:05.453429	"[""CREATIONAL_PATTERNS""]"
KW_PATTERNS	patterns	Token from concept 'Creational Design Patterns': patterns	"{""source"": ""concept_extraction"", ""source_concept"": ""CREATIONAL_PATTERNS"", ""extracted_at"": ""2026-08-03T12:28:05.453433""}"	2026-08-03T12:28:05.453435	2026-08-03T12:28:05.453436	"[""CREATIONAL_PATTERNS""]"
KW_STRUCTURAL	structural	Token from concept 'Structural Design Patterns': structural	"{""source"": ""concept_extraction"", ""source_concept"": ""STRUCTURAL_PATTERNS"", ""extracted_at"": ""2026-08-03T12:28:05.453444""}"	2026-08-03T12:28:05.453446	2026-08-03T12:28:05.453447	"[""STRUCTURAL_PATTERNS""]"
KW_BEHAVIORAL	behavioral	Token from concept 'Behavioral Design Patterns': behavioral	"{""source"": ""concept_extraction"", ""source_concept"": ""BEHAVIORAL_PATTERNS"", ""extracted_at"": ""2026-08-03T12:28:05.453455""}"	2026-08-03T12:28:05.453457	2026-08-03T12:28:05.453458	"[""BEHAVIORAL_PATTERNS""]"
KW_AGILE	agile	Token from concept 'Agile Principles': agile	"{""source"": ""concept_extraction"", ""source_concept"": ""AGILE_PRINCIPLES"", ""extracted_at"": ""2026-08-03T12:28:05.453466""}"	2026-08-03T12:28:05.453468	2026-08-03T12:28:05.453469	"[""AGILE_PRINCIPLES""]"
KW_MANIFESTO	manifesto	Token from concept 'Agile Principles': manifesto	"{""source"": ""concept_extraction"", ""source_concept"": ""AGILE_PRINCIPLES"", ""extracted_at"": ""2026-08-03T12:28:05.453471""}"	2026-08-03T12:28:05.453473	2026-08-03T12:28:05.453474	"[""AGILE_PRINCIPLES""]"
KW_PRINCIPLES	principles	Token from concept 'Agile Principles': principles	"{""source"": ""concept_extraction"", ""source_concept"": ""AGILE_PRINCIPLES"", ""extracted_at"": ""2026-08-03T12:28:05.453476""}"	2026-08-03T12:28:05.453478	2026-08-03T12:28:05.453479	"[""AGILE_PRINCIPLES""]"
KW_DEVELOPMENT	development	Token from concept 'Agile Principles': development	"{""source"": ""concept_extraction"", ""source_concept"": ""AGILE_PRINCIPLES"", ""extracted_at"": ""2026-08-03T12:28:05.453481""}"	2026-08-03T12:28:05.453484	2026-08-03T12:28:05.453484	"[""AGILE_PRINCIPLES""]"
KW_ITERATIVE	iterative	Token from concept 'Agile Principles': iterative	"{""source"": ""concept_extraction"", ""source_concept"": ""AGILE_PRINCIPLES"", ""extracted_at"": ""2026-08-03T12:28:05.453486""}"	2026-08-03T12:28:05.453489	2026-08-03T12:28:05.453489	"[""AGILE_PRINCIPLES""]"
KW_SPRINT	sprint	Token from concept 'Scrum Roles and Events': sprint	"{""source"": ""concept_extraction"", ""source_concept"": ""SCRUM_ROLES_EVENTS"", ""extracted_at"": ""2026-08-03T12:28:05.453495""}"	2026-08-03T12:28:05.453498	2026-08-03T12:28:05.453498	"[""SCRUM_ROLES_EVENTS""]"
KW_EVENTS	events	Token from concept 'Scrum Roles and Events': events	"{""source"": ""concept_extraction"", ""source_concept"": ""SCRUM_ROLES_EVENTS"", ""extracted_at"": ""2026-08-03T12:28:05.453501""}"	2026-08-03T12:28:05.453503	2026-08-03T12:28:05.453504	"[""SCRUM_ROLES_EVENTS""]"
KW_BACKLOG	backlog	Token from concept 'Scrum Roles and Events': backlog	"{""source"": ""concept_extraction"", ""source_concept"": ""SCRUM_ROLES_EVENTS"", ""extracted_at"": ""2026-08-03T12:28:05.453506""}"	2026-08-03T12:28:05.453508	2026-08-03T12:28:05.453509	"[""SCRUM_ROLES_EVENTS""]"
KW_ROLES	roles	Token from concept 'Scrum Roles and Events': roles	"{""source"": ""concept_extraction"", ""source_concept"": ""SCRUM_ROLES_EVENTS"", ""extracted_at"": ""2026-08-03T12:28:05.453511""}"	2026-08-03T12:28:05.453513	2026-08-03T12:28:05.453514	"[""SCRUM_ROLES_EVENTS""]"
KW_SCRUM	scrum	Token from concept 'Scrum Roles and Events': scrum	"{""source"": ""concept_extraction"", ""source_concept"": ""SCRUM_ROLES_EVENTS"", ""extracted_at"": ""2026-08-03T12:28:05.453517""}"	2026-08-03T12:28:05.453519	2026-08-03T12:28:05.453519	"[""SCRUM_ROLES_EVENTS""]"
KW_STANDUP	standup	Token from concept 'Scrum Roles and Events': standup	"{""source"": ""concept_extraction"", ""source_concept"": ""SCRUM_ROLES_EVENTS"", ""extracted_at"": ""2026-08-03T12:28:05.453522""}"	2026-08-03T12:28:05.453524	2026-08-03T12:28:05.453524	"[""SCRUM_ROLES_EVENTS""]"
KW_FLOW	flow	Token from concept 'Version Control Workflow': flow	"{""source"": ""concept_extraction"", ""source_concept"": ""VERSION_CONTROL_WORKFLOW"", ""extracted_at"": ""2026-08-03T12:28:05.453530""}"	2026-08-03T12:28:05.453532	2026-08-03T12:28:05.453533	"[""VERSION_CONTROL_WORKFLOW""]"
KW_BRANCHING	branching	Token from concept 'Version Control Workflow': branching	"{""source"": ""concept_extraction"", ""source_concept"": ""VERSION_CONTROL_WORKFLOW"", ""extracted_at"": ""2026-08-03T12:28:05.453535""}"	2026-08-03T12:28:05.453537	2026-08-03T12:28:05.453538	"[""VERSION_CONTROL_WORKFLOW""]"
KW_VERSION	version	Token from concept 'Version Control Workflow': version	"{""source"": ""concept_extraction"", ""source_concept"": ""VERSION_CONTROL_WORKFLOW"", ""extracted_at"": ""2026-08-03T12:28:05.453542""}"	2026-08-03T12:28:05.453545	2026-08-03T12:28:05.453545	"[""VERSION_CONTROL_WORKFLOW""]"
KW_WORKFLOW	workflow	Token from concept 'Version Control Workflow': workflow	"{""source"": ""concept_extraction"", ""source_concept"": ""VERSION_CONTROL_WORKFLOW"", ""extracted_at"": ""2026-08-03T12:28:05.453549""}"	2026-08-03T12:28:05.453551	2026-08-03T12:28:05.453552	"[""VERSION_CONTROL_WORKFLOW""]"
KW_FULL	full	Token from concept 'Frontend Frameworks/Libraries': full	"{""source"": ""concept_extraction"", ""source_concept"": ""FRONTEND_FRAMEWORKS"", ""extracted_at"": ""2026-08-03T12:28:05.453560""}"	2026-08-03T12:28:05.453562	2026-08-03T12:28:05.453563	"[""FRONTEND_FRAMEWORKS""]"
KW_LIBRARIES	libraries	Token from concept 'Frontend Frameworks/Libraries': libraries	"{""source"": ""concept_extraction"", ""source_concept"": ""FRONTEND_FRAMEWORKS"", ""extracted_at"": ""2026-08-03T12:28:05.453565""}"	2026-08-03T12:28:05.453567	2026-08-03T12:28:05.453568	"[""FRONTEND_FRAMEWORKS""]"
KW_FRONTEND	frontend	Token from concept 'Frontend Frameworks/Libraries': frontend	"{""source"": ""concept_extraction"", ""source_concept"": ""FRONTEND_FRAMEWORKS"", ""extracted_at"": ""2026-08-03T12:28:05.453570""}"	2026-08-03T12:28:05.453572	2026-08-03T12:28:05.453573	"[""FRONTEND_FRAMEWORKS""]"
KW_FRAMEWORK	framework	Token from concept 'Frontend Frameworks/Libraries': framework	"{""source"": ""concept_extraction"", ""source_concept"": ""FRONTEND_FRAMEWORKS"", ""extracted_at"": ""2026-08-03T12:28:05.453575""}"	2026-08-03T12:28:05.453577	2026-08-03T12:28:05.453578	"[""FRONTEND_FRAMEWORKS""]"
KW_FEATURED	featured	Token from concept 'Frontend Frameworks/Libraries': featured	"{""source"": ""concept_extraction"", ""source_concept"": ""FRONTEND_FRAMEWORKS"", ""extracted_at"": ""2026-08-03T12:28:05.453580""}"	2026-08-03T12:28:05.453582	2026-08-03T12:28:05.453583	"[""FRONTEND_FRAMEWORKS""]"
KW_PROGRESSIVE	progressive	Token from concept 'Frontend Frameworks/Libraries': progressive	"{""source"": ""concept_extraction"", ""source_concept"": ""FRONTEND_FRAMEWORKS"", ""extracted_at"": ""2026-08-03T12:28:05.453585""}"	2026-08-03T12:28:05.453587	2026-08-03T12:28:05.453587	"[""FRONTEND_FRAMEWORKS""]"
KW_COMPONENT	component	Token from concept 'Frontend Frameworks/Libraries': component	"{""source"": ""concept_extraction"", ""source_concept"": ""FRONTEND_FRAMEWORKS"", ""extracted_at"": ""2026-08-03T12:28:05.453590""}"	2026-08-03T12:28:05.453595	2026-08-03T12:28:05.453596	"[""FRONTEND_FRAMEWORKS""]"
KW_FRAMEWORKS	frameworks	Token from concept 'Frontend Frameworks/Libraries': frameworks	"{""source"": ""concept_extraction"", ""source_concept"": ""FRONTEND_FRAMEWORKS"", ""extracted_at"": ""2026-08-03T12:28:05.453599""}"	2026-08-03T12:28:05.453602	2026-08-03T12:28:05.453603	"[""FRONTEND_FRAMEWORKS""]"
KW_BACKEND	backend	Token from concept 'Backend Frameworks': backend	"{""source"": ""concept_extraction"", ""source_concept"": ""BACKEND_FRAMEWORKS"", ""extracted_at"": ""2026-08-03T12:28:05.453611""}"	2026-08-03T12:28:05.453613	2026-08-03T12:28:05.453614	"[""BACKEND_FRAMEWORKS""]"
KW_APPLICATION	application	Token from concept 'Backend Frameworks': application	"{""source"": ""concept_extraction"", ""source_concept"": ""BACKEND_FRAMEWORKS"", ""extracted_at"": ""2026-08-03T12:28:05.453616""}"	2026-08-03T12:28:05.453619	2026-08-03T12:28:05.453619	"[""BACKEND_FRAMEWORKS""]"
KW_WEB	web	Token from concept 'Backend Frameworks': web	"{""source"": ""concept_extraction"", ""source_concept"": ""BACKEND_FRAMEWORKS"", ""extracted_at"": ""2026-08-03T12:28:05.453623""}"	2026-08-03T12:28:05.453625	2026-08-03T12:28:05.453626	"[""BACKEND_FRAMEWORKS""]"
KW_ENTERPRISE	enterprise	Token from concept 'Backend Frameworks': enterprise	"{""source"": ""concept_extraction"", ""source_concept"": ""BACKEND_FRAMEWORKS"", ""extracted_at"": ""2026-08-03T12:28:05.453631""}"	2026-08-03T12:28:05.453633	2026-08-03T12:28:05.453634	"[""BACKEND_FRAMEWORKS""]"
KW_DATABASES	databases	Token from concept 'Relational vs. NoSQL Databases': databases	"{""source"": ""concept_extraction"", ""source_concept"": ""RELATIONAL_VS_NONRELATIONAL"", ""extracted_at"": ""2026-08-03T12:28:05.453640""}"	2026-08-03T12:28:05.453642	2026-08-03T12:28:05.453643	"[""RELATIONAL_VS_NONRELATIONAL""]"
KW_RELATIONAL	relational	Token from concept 'Relational vs. NoSQL Databases': relational	"{""source"": ""concept_extraction"", ""source_concept"": ""RELATIONAL_VS_NONRELATIONAL"", ""extracted_at"": ""2026-08-03T12:28:05.453645""}"	2026-08-03T12:28:05.453647	2026-08-03T12:28:05.453648	"[""RELATIONAL_VS_NONRELATIONAL""]"
KW_EXPLORATORY	exploratory	Token from concept 'Exploratory Data Analysis (EDA)': exploratory	"{""source"": ""concept_extraction"", ""source_concept"": ""DATA_EXPLORATION_EDA"", ""extracted_at"": ""2026-08-03T12:28:05.453655""}"	2026-08-03T12:28:05.453657	2026-08-03T12:28:05.453658	"[""DATA_EXPLORATION_EDA""]"
KW_EXPLORATION	exploration	Token from concept 'Exploratory Data Analysis (EDA)': exploration	"{""source"": ""concept_extraction"", ""source_concept"": ""DATA_EXPLORATION_EDA"", ""extracted_at"": ""2026-08-03T12:28:05.453660""}"	2026-08-03T12:28:05.453662	2026-08-03T12:28:05.453663	"[""DATA_EXPLORATION_EDA""]"
KW_DATA	data	Token from concept 'Exploratory Data Analysis (EDA)': data	"{""source"": ""concept_extraction"", ""source_concept"": ""DATA_EXPLORATION_EDA"", ""extracted_at"": ""2026-08-03T12:28:05.453665""}"	2026-08-03T12:28:05.453667	2026-08-03T12:28:05.453668	"[""DATA_EXPLORATION_EDA""]"
KW_CLEANING	cleaning	Token from concept 'Data Cleaning Techniques': cleaning	"{""source"": ""concept_extraction"", ""source_concept"": ""DATA_CLEANING_TECHNIQUES"", ""extracted_at"": ""2026-08-03T12:28:05.453674""}"	2026-08-03T12:28:05.453677	2026-08-03T12:28:05.453677	"[""DATA_CLEANING_TECHNIQUES""]"
KW_MISSING	missing	Token from concept 'Data Cleaning Techniques': missing	"{""source"": ""concept_extraction"", ""source_concept"": ""DATA_CLEANING_TECHNIQUES"", ""extracted_at"": ""2026-08-03T12:28:05.453679""}"	2026-08-03T12:28:05.453682	2026-08-03T12:28:05.453682	"[""DATA_CLEANING_TECHNIQUES""]"
KW_PREPROCESSING	preprocessing	Token from concept 'Data Cleaning Techniques': preprocessing	"{""source"": ""concept_extraction"", ""source_concept"": ""DATA_CLEANING_TECHNIQUES"", ""extracted_at"": ""2026-08-03T12:28:05.453686""}"	2026-08-03T12:28:05.453688	2026-08-03T12:28:05.453689	"[""DATA_CLEANING_TECHNIQUES""]"
KW_TECHNIQUES	techniques	Token from concept 'Data Cleaning Techniques': techniques	"{""source"": ""concept_extraction"", ""source_concept"": ""DATA_CLEANING_TECHNIQUES"", ""extracted_at"": ""2026-08-03T12:28:05.453691""}"	2026-08-03T12:28:05.453693	2026-08-03T12:28:05.453694	"[""DATA_CLEANING_TECHNIQUES""]"
KW_SELECTION	selection	Token from concept 'Choosing Appropriate Chart Types': selection	"{""source"": ""concept_extraction"", ""source_concept"": ""CHART_TYPES"", ""extracted_at"": ""2026-08-03T12:28:05.453700""}"	2026-08-03T12:28:05.453702	2026-08-03T12:28:05.453703	"[""CHART_TYPES""]"
KW_APPROPRIATE	appropriate	Token from concept 'Choosing Appropriate Chart Types': appropriate	"{""source"": ""concept_extraction"", ""source_concept"": ""CHART_TYPES"", ""extracted_at"": ""2026-08-03T12:28:05.453705""}"	2026-08-03T12:28:05.453707	2026-08-03T12:28:05.453708	"[""CHART_TYPES""]"
KW_VISUALIZATION	visualization	Token from concept 'Choosing Appropriate Chart Types': visualization	"{""source"": ""concept_extraction"", ""source_concept"": ""CHART_TYPES"", ""extracted_at"": ""2026-08-03T12:28:05.453710""}"	2026-08-03T12:28:05.453712	2026-08-03T12:28:05.453713	"[""CHART_TYPES""]"
KW_CHARTS	charts	Token from concept 'Choosing Appropriate Chart Types': charts	"{""source"": ""concept_extraction"", ""source_concept"": ""CHART_TYPES"", ""extracted_at"": ""2026-08-03T12:28:05.453716""}"	2026-08-03T12:28:05.453718	2026-08-03T12:28:05.453719	"[""CHART_TYPES""]"
KW_CHOOSING	choosing	Token from concept 'Choosing Appropriate Chart Types': choosing	"{""source"": ""concept_extraction"", ""source_concept"": ""CHART_TYPES"", ""extracted_at"": ""2026-08-03T12:28:05.453721""}"	2026-08-03T12:28:05.453723	2026-08-03T12:28:05.453724	"[""CHART_TYPES""]"
KW_GRAPHS	graphs	Token from concept 'Choosing Appropriate Chart Types': graphs	"{""source"": ""concept_extraction"", ""source_concept"": ""CHART_TYPES"", ""extracted_at"": ""2026-08-03T12:28:05.453726""}"	2026-08-03T12:28:05.453728	2026-08-03T12:28:05.453729	"[""CHART_TYPES""]"
KW_CHART	chart	Token from concept 'Choosing Appropriate Chart Types': chart	"{""source"": ""concept_extraction"", ""source_concept"": ""CHART_TYPES"", ""extracted_at"": ""2026-08-03T12:28:05.453731""}"	2026-08-03T12:28:05.453733	2026-08-03T12:28:05.453734	"[""CHART_TYPES""]"
KW_MODELS	models	Token from concept 'Cloud Service Models': models	"{""source"": ""concept_extraction"", ""source_concept"": ""CLOUD_MODELS_IAAS_PAAS_SAAS"", ""extracted_at"": ""2026-08-03T12:28:05.453739""}"	2026-08-03T12:28:05.453741	2026-08-03T12:28:05.453742	"[""CLOUD_MODELS_IAAS_PAAS_SAAS""]"
KW_SERVICE	service	Token from concept 'Cloud Service Models': service	"{""source"": ""concept_extraction"", ""source_concept"": ""CLOUD_MODELS_IAAS_PAAS_SAAS"", ""extracted_at"": ""2026-08-03T12:28:05.453744""}"	2026-08-03T12:28:05.453746	2026-08-03T12:28:05.453747	"[""CLOUD_MODELS_IAAS_PAAS_SAAS""]"
KW_SERVICES	services	Token from concept 'Cloud Service Models': services	"{""source"": ""concept_extraction"", ""source_concept"": ""CLOUD_MODELS_IAAS_PAAS_SAAS"", ""extracted_at"": ""2026-08-03T12:28:05.453749""}"	2026-08-03T12:28:05.453752	2026-08-03T12:28:05.453752	"[""CLOUD_MODELS_IAAS_PAAS_SAAS""]"
KW_CLOUD	cloud	Token from concept 'Cloud Service Models': cloud	"{""source"": ""concept_extraction"", ""source_concept"": ""CLOUD_MODELS_IAAS_PAAS_SAAS"", ""extracted_at"": ""2026-08-03T12:28:05.453755""}"	2026-08-03T12:28:05.453757	2026-08-03T12:28:05.453758	"[""CLOUD_MODELS_IAAS_PAAS_SAAS""]"
KW_DEPLOYMENT	deployment	Token from concept 'Cloud Deployment Models': deployment	"{""source"": ""concept_extraction"", ""source_concept"": ""CLOUD_DEPLOYMENT_MODELS"", ""extracted_at"": ""2026-08-03T12:28:05.453764""}"	2026-08-03T12:28:05.453794	2026-08-03T12:28:05.453795	"[""CLOUD_DEPLOYMENT_MODELS""]"
KW_HYBRID	hybrid	Token from concept 'Cloud Deployment Models': hybrid	"{""source"": ""concept_extraction"", ""source_concept"": ""CLOUD_DEPLOYMENT_MODELS"", ""extracted_at"": ""2026-08-03T12:28:05.453799""}"	2026-08-03T12:28:05.453801	2026-08-03T12:28:05.453802	"[""CLOUD_DEPLOYMENT_MODELS""]"
KW_HYPERVISOR	hypervisor	Token from concept 'Virtualization Concept': hypervisor	"{""source"": ""concept_extraction"", ""source_concept"": ""VIRTUALIZATION"", ""extracted_at"": ""2026-08-03T12:28:05.453810""}"	2026-08-03T12:28:05.453813	2026-08-03T12:28:05.453813	"[""VIRTUALIZATION""]"
KW_VIRTUALIZATION	virtualization	Token from concept 'Virtualization Concept': virtualization	"{""source"": ""concept_extraction"", ""source_concept"": ""VIRTUALIZATION"", ""extracted_at"": ""2026-08-03T12:28:05.453816""}"	2026-08-03T12:28:05.453818	2026-08-03T12:28:05.453819	"[""VIRTUALIZATION""]"
KW_DISTRIBUTED	distributed	Token from concept 'MapReduce Concept': distributed	"{""source"": ""concept_extraction"", ""source_concept"": ""MAPREDUCE_CONCEPT"", ""extracted_at"": ""2026-08-03T12:28:05.453825""}"	2026-08-03T12:28:05.453827	2026-08-03T12:28:05.453828	"[""MAPREDUCE_CONCEPT""]"
KW_PROCESSING	processing	Token from concept 'MapReduce Concept': processing	"{""source"": ""concept_extraction"", ""source_concept"": ""MAPREDUCE_CONCEPT"", ""extracted_at"": ""2026-08-03T12:28:05.453830""}"	2026-08-03T12:28:05.453832	2026-08-03T12:28:05.453833	"[""MAPREDUCE_CONCEPT""]"
KW_BIG	big	Token from concept 'MapReduce Concept': big	"{""source"": ""concept_extraction"", ""source_concept"": ""MAPREDUCE_CONCEPT"", ""extracted_at"": ""2026-08-03T12:28:05.453836""}"	2026-08-03T12:28:05.453838	2026-08-03T12:28:05.453839	"[""MAPREDUCE_CONCEPT""]"
KW_SYSTEMS	systems	Token from concept 'CAP Theorem': systems	"{""source"": ""concept_extraction"", ""source_concept"": ""CAP_THEOREM"", ""extracted_at"": ""2026-08-03T12:28:05.453844""}"	2026-08-03T12:28:05.453846	2026-08-03T12:28:05.453847	"[""CAP_THEOREM""]"
KW_THEOREM	theorem	Token from concept 'CAP Theorem': theorem	"{""source"": ""concept_extraction"", ""source_concept"": ""CAP_THEOREM"", ""extracted_at"": ""2026-08-03T12:28:05.453850""}"	2026-08-03T12:28:05.453852	2026-08-03T12:28:05.453853	"[""CAP_THEOREM""]"
KW_CONSISTENCY	consistency	Token from concept 'CAP Theorem': consistency	"{""source"": ""concept_extraction"", ""source_concept"": ""CAP_THEOREM"", ""extracted_at"": ""2026-08-03T12:28:05.453855""}"	2026-08-03T12:28:05.453857	2026-08-03T12:28:05.453858	"[""CAP_THEOREM""]"
KW_REGRESSION	regression	Token from concept 'Regression vs. Classification': regression	"{""source"": ""concept_extraction"", ""source_concept"": ""REGRESSION_CLASSIFICATION"", ""extracted_at"": ""2026-08-03T12:28:05.453864""}"	2026-08-03T12:28:05.453866	2026-08-03T12:28:05.453867	"[""REGRESSION_CLASSIFICATION""]"
KW_LEARNING	learning	Token from concept 'Regression vs. Classification': learning	"{""source"": ""concept_extraction"", ""source_concept"": ""REGRESSION_CLASSIFICATION"", ""extracted_at"": ""2026-08-03T12:28:05.453869""}"	2026-08-03T12:28:05.453871	2026-08-03T12:28:05.453872	"[""REGRESSION_CLASSIFICATION""]"
KW_SUPERVISED	supervised	Token from concept 'Regression vs. Classification': supervised	"{""source"": ""concept_extraction"", ""source_concept"": ""REGRESSION_CLASSIFICATION"", ""extracted_at"": ""2026-08-03T12:28:05.453874""}"	2026-08-03T12:28:05.453876	2026-08-03T12:28:05.453877	"[""REGRESSION_CLASSIFICATION""]"
KW_CLASSIFICATION	classification	Token from concept 'Regression vs. Classification': classification	"{""source"": ""concept_extraction"", ""source_concept"": ""REGRESSION_CLASSIFICATION"", ""extracted_at"": ""2026-08-03T12:28:05.453879""}"	2026-08-03T12:28:05.453881	2026-08-03T12:28:05.453882	"[""REGRESSION_CLASSIFICATION""]"
KW_UNSUPERVISED	unsupervised	Token from concept 'Clustering Algorithms': unsupervised	"{""source"": ""concept_extraction"", ""source_concept"": ""CLUSTERING_ALGORITHMS"", ""extracted_at"": ""2026-08-03T12:28:05.453890""}"	2026-08-03T12:28:05.453892	2026-08-03T12:28:05.453893	"[""CLUSTERING_ALGORITHMS""]"
KW_MEANS	means	Token from concept 'Clustering Algorithms': means	"{""source"": ""concept_extraction"", ""source_concept"": ""CLUSTERING_ALGORITHMS"", ""extracted_at"": ""2026-08-03T12:28:05.453895""}"	2026-08-03T12:28:05.453897	2026-08-03T12:28:05.453898	"[""CLUSTERING_ALGORITHMS""]"
KW_CLUSTERING	clustering	Token from concept 'Clustering Algorithms': clustering	"{""source"": ""concept_extraction"", ""source_concept"": ""CLUSTERING_ALGORITHMS"", ""extracted_at"": ""2026-08-03T12:28:05.453900""}"	2026-08-03T12:28:05.453902	2026-08-03T12:28:05.453903	"[""CLUSTERING_ALGORITHMS""]"
KW_NEURAL	neural	Token from concept 'Neural Networks Basics': neural	"{""source"": ""concept_extraction"", ""source_concept"": ""NEURAL_NETWORKS_BASICS"", ""extracted_at"": ""2026-08-03T12:28:05.453911""}"	2026-08-03T12:28:05.453913	2026-08-03T12:28:05.453914	"[""NEURAL_NETWORKS_BASICS""]"
KW_NEURON	neuron	Token from concept 'Neural Networks Basics': neuron	"{""source"": ""concept_extraction"", ""source_concept"": ""NEURAL_NETWORKS_BASICS"", ""extracted_at"": ""2026-08-03T12:28:05.453917""}"	2026-08-03T12:28:05.453919	2026-08-03T12:28:05.453920	"[""NEURAL_NETWORKS_BASICS""]"
KW_NETWORKS	networks	Token from concept 'Neural Networks Basics': networks	"{""source"": ""concept_extraction"", ""source_concept"": ""NEURAL_NETWORKS_BASICS"", ""extracted_at"": ""2026-08-03T12:28:05.453922""}"	2026-08-03T12:28:05.453926	2026-08-03T12:28:05.453927	"[""NEURAL_NETWORKS_BASICS""]"
KW_ACTIVATION	activation	Token from concept 'Neural Networks Basics': activation	"{""source"": ""concept_extraction"", ""source_concept"": ""NEURAL_NETWORKS_BASICS"", ""extracted_at"": ""2026-08-03T12:28:05.453929""}"	2026-08-03T12:28:05.453931	2026-08-03T12:28:05.453932	"[""NEURAL_NETWORKS_BASICS""]"
KW_LAYER	layer	Token from concept 'Neural Networks Basics': layer	"{""source"": ""concept_extraction"", ""source_concept"": ""NEURAL_NETWORKS_BASICS"", ""extracted_at"": ""2026-08-03T12:28:05.453934""}"	2026-08-03T12:28:05.453936	2026-08-03T12:28:05.453937	"[""NEURAL_NETWORKS_BASICS""]"
KW_MILESTONES	milestones	Token from concept 'History and Milestones of AI': milestones	"{""source"": ""concept_extraction"", ""source_concept"": ""AI_HISTORY_MILESTONES"", ""extracted_at"": ""2026-08-03T12:28:05.453943""}"	2026-08-03T12:28:05.453945	2026-08-03T12:28:05.453946	"[""AI_HISTORY_MILESTONES""]"
KW_TURING	turing	Token from concept 'History and Milestones of AI': turing	"{""source"": ""concept_extraction"", ""source_concept"": ""AI_HISTORY_MILESTONES"", ""extracted_at"": ""2026-08-03T12:28:05.453951""}"	2026-08-03T12:28:05.453953	2026-08-03T12:28:05.453954	"[""AI_HISTORY_MILESTONES""]"
KW_DEEP	deep	Token from concept 'History and Milestones of AI': deep	"{""source"": ""concept_extraction"", ""source_concept"": ""AI_HISTORY_MILESTONES"", ""extracted_at"": ""2026-08-03T12:28:05.453957""}"	2026-08-03T12:28:05.453959	2026-08-03T12:28:05.453960	"[""AI_HISTORY_MILESTONES""]"
KW_HISTORY	history	Token from concept 'History and Milestones of AI': history	"{""source"": ""concept_extraction"", ""source_concept"": ""AI_HISTORY_MILESTONES"", ""extracted_at"": ""2026-08-03T12:28:05.453962""}"	2026-08-03T12:28:05.453965	2026-08-03T12:28:05.453966	"[""AI_HISTORY_MILESTONES""]"
KW_STRONG	strong	Token from concept 'Types of AI: Narrow vs. General': strong	"{""source"": ""concept_extraction"", ""source_concept"": ""TYPES_OF_AI"", ""extracted_at"": ""2026-08-03T12:28:05.453972""}"	2026-08-03T12:28:05.453974	2026-08-03T12:28:05.453975	"[""TYPES_OF_AI""]"
KW_NARROW	narrow	Token from concept 'Types of AI: Narrow vs. General': narrow	"{""source"": ""concept_extraction"", ""source_concept"": ""TYPES_OF_AI"", ""extracted_at"": ""2026-08-03T12:28:05.453978""}"	2026-08-03T12:28:05.453981	2026-08-03T12:28:05.453981	"[""TYPES_OF_AI""]"
KW_GENERAL	general	Token from concept 'Types of AI: Narrow vs. General': general	"{""source"": ""concept_extraction"", ""source_concept"": ""TYPES_OF_AI"", ""extracted_at"": ""2026-08-03T12:28:05.453984""}"	2026-08-03T12:28:05.453987	2026-08-03T12:28:05.453987	"[""TYPES_OF_AI""]"
KW_AGENT	agent	Token from concept 'Reinforcement Learning Basics': agent	"{""source"": ""concept_extraction"", ""source_concept"": ""REINFORCEMENT_LEARNING_BASICS"", ""extracted_at"": ""2026-08-03T12:28:05.453994""}"	2026-08-03T12:28:05.453996	2026-08-03T12:28:05.453997	"[""REINFORCEMENT_LEARNING_BASICS""]"
KW_REWARD	reward	Token from concept 'Reinforcement Learning Basics': reward	"{""source"": ""concept_extraction"", ""source_concept"": ""REINFORCEMENT_LEARNING_BASICS"", ""extracted_at"": ""2026-08-03T12:28:05.454000""}"	2026-08-03T12:28:05.454002	2026-08-03T12:28:05.454003	"[""REINFORCEMENT_LEARNING_BASICS""]"
KW_REINFORCEMENT	reinforcement	Token from concept 'Reinforcement Learning Basics': reinforcement	"{""source"": ""concept_extraction"", ""source_concept"": ""REINFORCEMENT_LEARNING_BASICS"", ""extracted_at"": ""2026-08-03T12:28:05.454005""}"	2026-08-03T12:28:05.454007	2026-08-03T12:28:05.454008	"[""REINFORCEMENT_LEARNING_BASICS""]"
KW_FAIRNESS	fairness	Token from concept 'Bias in AI': fairness	"{""source"": ""concept_extraction"", ""source_concept"": ""AI_BIAS"", ""extracted_at"": ""2026-08-03T12:28:05.454015""}"	2026-08-03T12:28:05.454017	2026-08-03T12:28:05.454018	"[""AI_BIAS""]"
KW_BIAS	bias	Token from concept 'Bias in AI': bias	"{""source"": ""concept_extraction"", ""source_concept"": ""AI_BIAS"", ""extracted_at"": ""2026-08-03T12:28:05.454021""}"	2026-08-03T12:28:05.454084	2026-08-03T12:28:05.454085	"[""AI_BIAS""]"
KW_ETHICS	ethics	Token from concept 'Bias in AI': ethics	"{""source"": ""concept_extraction"", ""source_concept"": ""AI_BIAS"", ""extracted_at"": ""2026-08-03T12:28:05.454087""}"	2026-08-03T12:28:05.454089	2026-08-03T12:28:05.454090	"[""AI_BIAS""]"
KW_TRAINING	training	Token from concept 'Bias in AI': training	"{""source"": ""concept_extraction"", ""source_concept"": ""AI_BIAS"", ""extracted_at"": ""2026-08-03T12:28:05.454092""}"	2026-08-03T12:28:05.454094	2026-08-03T12:28:05.454095	"[""AI_BIAS""]"
KW_IMPACT	impact	Token from concept 'Algorithmic Bias in Society': impact	"{""source"": ""concept_extraction"", ""source_concept"": ""ALGORITHMIC_BIAS_SOCIETY"", ""extracted_at"": ""2026-08-03T12:28:05.454101""}"	2026-08-03T12:28:05.454104	2026-08-03T12:28:05.454104	"[""ALGORITHMIC_BIAS_SOCIETY""]"
KW_SOCIETY	society	Token from concept 'Algorithmic Bias in Society': society	"{""source"": ""concept_extraction"", ""source_concept"": ""ALGORITHMIC_BIAS_SOCIETY"", ""extracted_at"": ""2026-08-03T12:28:05.454106""}"	2026-08-03T12:28:05.454109	2026-08-03T12:28:05.454109	"[""ALGORITHMIC_BIAS_SOCIETY""]"
KW_ALGORITHMIC	algorithmic	Token from concept 'Algorithmic Bias in Society': algorithmic	"{""source"": ""concept_extraction"", ""source_concept"": ""ALGORITHMIC_BIAS_SOCIETY"", ""extracted_at"": ""2026-08-03T12:28:05.454112""}"	2026-08-03T12:28:05.454114	2026-08-03T12:28:05.454114	"[""ALGORITHMIC_BIAS_SOCIETY""]"
KW_SOCIETAL	societal	Token from concept 'Algorithmic Bias in Society': societal	"{""source"": ""concept_extraction"", ""source_concept"": ""ALGORITHMIC_BIAS_SOCIETY"", ""extracted_at"": ""2026-08-03T12:28:05.454117""}"	2026-08-03T12:28:05.454119	2026-08-03T12:28:05.454119	"[""ALGORITHMIC_BIAS_SOCIETY""]"
KW_PROTOCOLS	protocols	Token from concept 'IoT Messaging Protocols': protocols	"{""source"": ""concept_extraction"", ""source_concept"": ""IOT_MESSAGING_PROTOCOLS"", ""extracted_at"": ""2026-08-03T12:28:05.454128""}"	2026-08-03T12:28:05.454131	2026-08-03T12:28:05.454131	"[""IOT_MESSAGING_PROTOCOLS""]"
KW_MESSAGING	messaging	Token from concept 'IoT Messaging Protocols': messaging	"{""source"": ""concept_extraction"", ""source_concept"": ""IOT_MESSAGING_PROTOCOLS"", ""extracted_at"": ""2026-08-03T12:28:05.454134""}"	2026-08-03T12:28:05.454136	2026-08-03T12:28:05.454137	"[""IOT_MESSAGING_PROTOCOLS""]"
KW_PUBLISH	publish	Token from concept 'IoT Messaging Protocols': publish	"{""source"": ""concept_extraction"", ""source_concept"": ""IOT_MESSAGING_PROTOCOLS"", ""extracted_at"": ""2026-08-03T12:28:05.454139""}"	2026-08-03T12:28:05.454141	2026-08-03T12:28:05.454141	"[""IOT_MESSAGING_PROTOCOLS""]"
KW_SUBSCRIBE	subscribe	Token from concept 'IoT Messaging Protocols': subscribe	"{""source"": ""concept_extraction"", ""source_concept"": ""IOT_MESSAGING_PROTOCOLS"", ""extracted_at"": ""2026-08-03T12:28:05.454144""}"	2026-08-03T12:28:05.454146	2026-08-03T12:28:05.454146	"[""IOT_MESSAGING_PROTOCOLS""]"
KW_BOTNET	botnet	Token from concept 'Common IoT Security Threats': botnet	"{""source"": ""concept_extraction"", ""source_concept"": ""IOT_SECURITY_THREATS"", ""extracted_at"": ""2026-08-03T12:28:05.454152""}"	2026-08-03T12:28:05.454155	2026-08-03T12:28:05.454155	"[""IOT_SECURITY_THREATS""]"
KW_SECURITY	security	Token from concept 'Common IoT Security Threats': security	"{""source"": ""concept_extraction"", ""source_concept"": ""IOT_SECURITY_THREATS"", ""extracted_at"": ""2026-08-03T12:28:05.454157""}"	2026-08-03T12:28:05.454160	2026-08-03T12:28:05.454160	"[""IOT_SECURITY_THREATS""]"
KW_COMMON	common	Token from concept 'Common IoT Security Threats': common	"{""source"": ""concept_extraction"", ""source_concept"": ""IOT_SECURITY_THREATS"", ""extracted_at"": ""2026-08-03T12:28:05.454162""}"	2026-08-03T12:28:05.454165	2026-08-03T12:28:05.454165	"[""IOT_SECURITY_THREATS""]"
KW_FIRMWARE	firmware	Token from concept 'Common IoT Security Threats': firmware	"{""source"": ""concept_extraction"", ""source_concept"": ""IOT_SECURITY_THREATS"", ""extracted_at"": ""2026-08-03T12:28:05.454167""}"	2026-08-03T12:28:05.454170	2026-08-03T12:28:05.454170	"[""IOT_SECURITY_THREATS""]"
KW_THREATS	threats	Token from concept 'Common IoT Security Threats': threats	"{""source"": ""concept_extraction"", ""source_concept"": ""IOT_SECURITY_THREATS"", ""extracted_at"": ""2026-08-03T12:28:05.454172""}"	2026-08-03T12:28:05.454175	2026-08-03T12:28:05.454175	"[""IOT_SECURITY_THREATS""]"
KW_RISK	risk	Token from concept 'IoT Safety Risks': risk	"{""source"": ""concept_extraction"", ""source_concept"": ""IOT_SAFETY_RISKS"", ""extracted_at"": ""2026-08-03T12:28:05.454183""}"	2026-08-03T12:28:05.454185	2026-08-03T12:28:05.454186	"[""IOT_SAFETY_RISKS""]"
KW_SAFETY	safety	Token from concept 'IoT Safety Risks': safety	"{""source"": ""concept_extraction"", ""source_concept"": ""IOT_SAFETY_RISKS"", ""extracted_at"": ""2026-08-03T12:28:05.454188""}"	2026-08-03T12:28:05.454190	2026-08-03T12:28:05.454191	"[""IOT_SAFETY_RISKS""]"
KW_RISKS	risks	Token from concept 'IoT Safety Risks': risks	"{""source"": ""concept_extraction"", ""source_concept"": ""IOT_SAFETY_RISKS"", ""extracted_at"": ""2026-08-03T12:28:05.454193""}"	2026-08-03T12:28:05.454195	2026-08-03T12:28:05.454196	"[""IOT_SAFETY_RISKS""]"
KW_CRITICAL	critical	Token from concept 'IoT Safety Risks': critical	"{""source"": ""concept_extraction"", ""source_concept"": ""IOT_SAFETY_RISKS"", ""extracted_at"": ""2026-08-03T12:28:05.454198""}"	2026-08-03T12:28:05.454200	2026-08-03T12:28:05.454201	"[""IOT_SAFETY_RISKS""]"
KW_GRAPHICS	graphics	Token from concept 'Graphics Rendering Pipeline': graphics	"{""source"": ""concept_extraction"", ""source_concept"": ""RENDERING_PIPELINE"", ""extracted_at"": ""2026-08-03T12:28:05.454208""}"	2026-08-03T12:28:05.454210	2026-08-03T12:28:05.454211	"[""RENDERING_PIPELINE""]"
KW_SHADER	shader	Token from concept 'Graphics Rendering Pipeline': shader	"{""source"": ""concept_extraction"", ""source_concept"": ""RENDERING_PIPELINE"", ""extracted_at"": ""2026-08-03T12:28:05.454213""}"	2026-08-03T12:28:05.454215	2026-08-03T12:28:05.454216	"[""RENDERING_PIPELINE""]"
KW_FRAGMENT	fragment	Token from concept 'Graphics Rendering Pipeline': fragment	"{""source"": ""concept_extraction"", ""source_concept"": ""RENDERING_PIPELINE"", ""extracted_at"": ""2026-08-03T12:28:05.454218""}"	2026-08-03T12:28:05.454220	2026-08-03T12:28:05.454221	"[""RENDERING_PIPELINE""]"
KW_RENDERING	rendering	Token from concept 'Graphics Rendering Pipeline': rendering	"{""source"": ""concept_extraction"", ""source_concept"": ""RENDERING_PIPELINE"", ""extracted_at"": ""2026-08-03T12:28:05.454223""}"	2026-08-03T12:28:05.454225	2026-08-03T12:28:05.454226	"[""RENDERING_PIPELINE""]"
KW_VERTEX	vertex	Token from concept 'Graphics Rendering Pipeline': vertex	"{""source"": ""concept_extraction"", ""source_concept"": ""RENDERING_PIPELINE"", ""extracted_at"": ""2026-08-03T12:28:05.454228""}"	2026-08-03T12:28:05.454230	2026-08-03T12:28:05.454231	"[""RENDERING_PIPELINE""]"
KW_ENGINE	engine	Token from concept 'Simulation Modeling': engine	"{""source"": ""concept_extraction"", ""source_concept"": ""SIMULATION_MODELING"", ""extracted_at"": ""2026-08-03T12:28:05.454236""}"	2026-08-03T12:28:05.454238	2026-08-03T12:28:05.454239	"[""SIMULATION_MODELING""]"
KW_SIMULATION	simulation	Token from concept 'Simulation Modeling': simulation	"{""source"": ""concept_extraction"", ""source_concept"": ""SIMULATION_MODELING"", ""extracted_at"": ""2026-08-03T12:28:05.454241""}"	2026-08-03T12:28:05.454244	2026-08-03T12:28:05.454244	"[""SIMULATION_MODELING""]"
KW_PHYSICS	physics	Token from concept 'Simulation Modeling': physics	"{""source"": ""concept_extraction"", ""source_concept"": ""SIMULATION_MODELING"", ""extracted_at"": ""2026-08-03T12:28:05.454246""}"	2026-08-03T12:28:05.454249	2026-08-03T12:28:05.454249	"[""SIMULATION_MODELING""]"
KW_MODELING	modeling	Token from concept 'Simulation Modeling': modeling	"{""source"": ""concept_extraction"", ""source_concept"": ""SIMULATION_MODELING"", ""extracted_at"": ""2026-08-03T12:28:05.454251""}"	2026-08-03T12:28:05.454253	2026-08-03T12:28:05.454254	"[""SIMULATION_MODELING""]"
KW_GEOMETRIC	geometric	Token from concept '2D/3D Geometric Transformations': geometric	"{""source"": ""concept_extraction"", ""source_concept"": ""2D_3D_TRANSFORMATIONS_MATH"", ""extracted_at"": ""2026-08-03T12:28:05.454260""}"	2026-08-03T12:28:05.454263	2026-08-03T12:28:05.454263	"[""2D_3D_TRANSFORMATIONS_MATH""]"
KW_TRANSLATION	translation	Token from concept '2D/3D Geometric Transformations': translation	"{""source"": ""concept_extraction"", ""source_concept"": ""2D_3D_TRANSFORMATIONS_MATH"", ""extracted_at"": ""2026-08-03T12:28:05.454266""}"	2026-08-03T12:28:05.454268	2026-08-03T12:28:05.454269	"[""2D_3D_TRANSFORMATIONS_MATH""]"
KW_SCALING	scaling	Token from concept '2D/3D Geometric Transformations': scaling	"{""source"": ""concept_extraction"", ""source_concept"": ""2D_3D_TRANSFORMATIONS_MATH"", ""extracted_at"": ""2026-08-03T12:28:05.454271""}"	2026-08-03T12:28:05.454273	2026-08-03T12:28:05.454274	"[""2D_3D_TRANSFORMATIONS_MATH""]"
KW_TRANSFORMATIONS	transformations	Token from concept '2D/3D Geometric Transformations': transformations	"{""source"": ""concept_extraction"", ""source_concept"": ""2D_3D_TRANSFORMATIONS_MATH"", ""extracted_at"": ""2026-08-03T12:28:05.454276""}"	2026-08-03T12:28:05.454278	2026-08-03T12:28:05.454279	"[""2D_3D_TRANSFORMATIONS_MATH""]"
KW_ROTATION	rotation	Token from concept '2D/3D Geometric Transformations': rotation	"{""source"": ""concept_extraction"", ""source_concept"": ""2D_3D_TRANSFORMATIONS_MATH"", ""extracted_at"": ""2026-08-03T12:28:05.454281""}"	2026-08-03T12:28:05.454283	2026-08-03T12:28:05.454284	"[""2D_3D_TRANSFORMATIONS_MATH""]"
KW_MATRIX	matrix	Token from concept '2D/3D Geometric Transformations': matrix	"{""source"": ""concept_extraction"", ""source_concept"": ""2D_3D_TRANSFORMATIONS_MATH"", ""extracted_at"": ""2026-08-03T12:28:05.454286""}"	2026-08-03T12:28:05.454288	2026-08-03T12:28:05.454289	"[""2D_3D_TRANSFORMATIONS_MATH""]"
KW_CENTERED	centered	Token from concept 'User-Centered Design Process': centered	"{""source"": ""concept_extraction"", ""source_concept"": ""USER_CENTERED_DESIGN"", ""extracted_at"": ""2026-08-03T12:28:05.454294""}"	2026-08-03T12:28:05.454297	2026-08-03T12:28:05.454297	"[""USER_CENTERED_DESIGN""]"
KW_USER	user	Token from concept 'User-Centered Design Process': user	"{""source"": ""concept_extraction"", ""source_concept"": ""USER_CENTERED_DESIGN"", ""extracted_at"": ""2026-08-03T12:28:05.454301""}"	2026-08-03T12:28:05.454303	2026-08-03T12:28:05.454303	"[""USER_CENTERED_DESIGN""]"
KW_THINKING	thinking	Token from concept 'User-Centered Design Process': thinking	"{""source"": ""concept_extraction"", ""source_concept"": ""USER_CENTERED_DESIGN"", ""extracted_at"": ""2026-08-03T12:28:05.454307""}"	2026-08-03T12:28:05.454309	2026-08-03T12:28:05.454310	"[""USER_CENTERED_DESIGN""]"
KW_STORY	story	Token from concept 'Personas and Scenarios': story	"{""source"": ""concept_extraction"", ""source_concept"": ""PERSONAS_AND_SCENARIOS"", ""extracted_at"": ""2026-08-03T12:28:05.454315""}"	2026-08-03T12:28:05.454317	2026-08-03T12:28:05.454318	"[""PERSONAS_AND_SCENARIOS""]"
KW_PERSONAS	personas	Token from concept 'Personas and Scenarios': personas	"{""source"": ""concept_extraction"", ""source_concept"": ""PERSONAS_AND_SCENARIOS"", ""extracted_at"": ""2026-08-03T12:28:05.454321""}"	2026-08-03T12:28:05.454323	2026-08-03T12:28:05.454324	"[""PERSONAS_AND_SCENARIOS""]"
KW_SCENARIO	scenario	Token from concept 'Personas and Scenarios': scenario	"{""source"": ""concept_extraction"", ""source_concept"": ""PERSONAS_AND_SCENARIOS"", ""extracted_at"": ""2026-08-03T12:28:05.454326""}"	2026-08-03T12:28:05.454328	2026-08-03T12:28:05.454329	"[""PERSONAS_AND_SCENARIOS""]"
KW_SCENARIOS	scenarios	Token from concept 'Personas and Scenarios': scenarios	"{""source"": ""concept_extraction"", ""source_concept"": ""PERSONAS_AND_SCENARIOS"", ""extracted_at"": ""2026-08-03T12:28:05.454332""}"	2026-08-03T12:28:05.454334	2026-08-03T12:28:05.454335	"[""PERSONAS_AND_SCENARIOS""]"
KW_PERSONA	persona	Token from concept 'Personas and Scenarios': persona	"{""source"": ""concept_extraction"", ""source_concept"": ""PERSONAS_AND_SCENARIOS"", ""extracted_at"": ""2026-08-03T12:28:05.454337""}"	2026-08-03T12:28:05.454339	2026-08-03T12:28:05.454340	"[""PERSONAS_AND_SCENARIOS""]"
KW_AFFORDANCE	affordance	Token from concept 'Affordances and Signifiers': affordance	"{""source"": ""concept_extraction"", ""source_concept"": ""AFFORDANCES_SIGNIFIERS"", ""extracted_at"": ""2026-08-03T12:28:05.454345""}"	2026-08-03T12:28:05.454352	2026-08-03T12:28:05.454353	"[""AFFORDANCES_SIGNIFIERS""]"
KW_DISCOVERABILITY	discoverability	Token from concept 'Affordances and Signifiers': discoverability	"{""source"": ""concept_extraction"", ""source_concept"": ""AFFORDANCES_SIGNIFIERS"", ""extracted_at"": ""2026-08-03T12:28:05.454355""}"	2026-08-03T12:28:05.454357	2026-08-03T12:28:05.454358	"[""AFFORDANCES_SIGNIFIERS""]"
KW_SIGNIFIERS	signifiers	Token from concept 'Affordances and Signifiers': signifiers	"{""source"": ""concept_extraction"", ""source_concept"": ""AFFORDANCES_SIGNIFIERS"", ""extracted_at"": ""2026-08-03T12:28:05.454360""}"	2026-08-03T12:28:05.454363	2026-08-03T12:28:05.454363	"[""AFFORDANCES_SIGNIFIERS""]"
KW_SIGNIFIER	signifier	Token from concept 'Affordances and Signifiers': signifier	"{""source"": ""concept_extraction"", ""source_concept"": ""AFFORDANCES_SIGNIFIERS"", ""extracted_at"": ""2026-08-03T12:28:05.454365""}"	2026-08-03T12:28:05.454368	2026-08-03T12:28:05.454368	"[""AFFORDANCES_SIGNIFIERS""]"
KW_AFFORDANCES	affordances	Token from concept 'Affordances and Signifiers': affordances	"{""source"": ""concept_extraction"", ""source_concept"": ""AFFORDANCES_SIGNIFIERS"", ""extracted_at"": ""2026-08-03T12:28:05.454371""}"	2026-08-03T12:28:05.454373	2026-08-03T12:28:05.454374	"[""AFFORDANCES_SIGNIFIERS""]"
KW_TIME	time	Token from concept 'Feedback and System Response': time	"{""source"": ""concept_extraction"", ""source_concept"": ""FEEDBACK_AND_RESPONSE"", ""extracted_at"": ""2026-08-03T12:28:05.454380""}"	2026-08-03T12:28:05.454383	2026-08-03T12:28:05.454383	"[""FEEDBACK_AND_RESPONSE""]"
KW_RESPONSE	response	Token from concept 'Feedback and System Response': response	"{""source"": ""concept_extraction"", ""source_concept"": ""FEEDBACK_AND_RESPONSE"", ""extracted_at"": ""2026-08-03T12:28:05.454386""}"	2026-08-03T12:28:05.454389	2026-08-03T12:28:05.454389	"[""FEEDBACK_AND_RESPONSE""]"
KW_FEEDBACK	feedback	Token from concept 'Feedback and System Response': feedback	"{""source"": ""concept_extraction"", ""source_concept"": ""FEEDBACK_AND_RESPONSE"", ""extracted_at"": ""2026-08-03T12:28:05.454393""}"	2026-08-03T12:28:05.454395	2026-08-03T12:28:05.454396	"[""FEEDBACK_AND_RESPONSE""]"
KW_PROFILE	profile	Token from concept 'Digital Identity Management': profile	"{""source"": ""concept_extraction"", ""source_concept"": ""DIGITAL_IDENTITY"", ""extracted_at"": ""2026-08-03T12:28:05.454405""}"	2026-08-03T12:28:05.454407	2026-08-03T12:28:05.454407	"[""DIGITAL_IDENTITY""]"
KW_ONLINE	online	Token from concept 'Digital Identity Management': online	"{""source"": ""concept_extraction"", ""source_concept"": ""DIGITAL_IDENTITY"", ""extracted_at"": ""2026-08-03T12:28:05.454410""}"	2026-08-03T12:28:05.454412	2026-08-03T12:28:05.454412	"[""DIGITAL_IDENTITY""]"
KW_IDENTITY	identity	Token from concept 'Digital Identity Management': identity	"{""source"": ""concept_extraction"", ""source_concept"": ""DIGITAL_IDENTITY"", ""extracted_at"": ""2026-08-03T12:28:05.454414""}"	2026-08-03T12:28:05.454417	2026-08-03T12:28:05.454417	"[""DIGITAL_IDENTITY""]"
KW_REPUTATION	reputation	Token from concept 'Digital Identity Management': reputation	"{""source"": ""concept_extraction"", ""source_concept"": ""DIGITAL_IDENTITY"", ""extracted_at"": ""2026-08-03T12:28:05.454421""}"	2026-08-03T12:28:05.454423	2026-08-03T12:28:05.454424	"[""DIGITAL_IDENTITY""]"
KW_MISINFORMATION	misinformation	Token from concept 'Assessing Information Credibility': misinformation	"{""source"": ""concept_extraction"", ""source_concept"": ""INFORMATION_CREDIBILITY"", ""extracted_at"": ""2026-08-03T12:28:05.454429""}"	2026-08-03T12:28:05.454431	2026-08-03T12:28:05.454432	"[""INFORMATION_CREDIBILITY""]"
KW_FACT	fact	Token from concept 'Assessing Information Credibility': fact	"{""source"": ""concept_extraction"", ""source_concept"": ""INFORMATION_CREDIBILITY"", ""extracted_at"": ""2026-08-03T12:28:05.454434""}"	2026-08-03T12:28:05.454436	2026-08-03T12:28:05.454437	"[""INFORMATION_CREDIBILITY""]"
KW_ASSESSING	assessing	Token from concept 'Assessing Information Credibility': assessing	"{""source"": ""concept_extraction"", ""source_concept"": ""INFORMATION_CREDIBILITY"", ""extracted_at"": ""2026-08-03T12:28:05.454439""}"	2026-08-03T12:28:05.454441	2026-08-03T12:28:05.454442	"[""INFORMATION_CREDIBILITY""]"
KW_CREDIBILITY	credibility	Token from concept 'Assessing Information Credibility': credibility	"{""source"": ""concept_extraction"", ""source_concept"": ""INFORMATION_CREDIBILITY"", ""extracted_at"": ""2026-08-03T12:28:05.454444""}"	2026-08-03T12:28:05.454446	2026-08-03T12:28:05.454447	"[""INFORMATION_CREDIBILITY""]"
KW_CHECKING	checking	Token from concept 'Assessing Information Credibility': checking	"{""source"": ""concept_extraction"", ""source_concept"": ""INFORMATION_CREDIBILITY"", ""extracted_at"": ""2026-08-03T12:28:05.454449""}"	2026-08-03T12:28:05.454451	2026-08-03T12:28:05.454452	"[""INFORMATION_CREDIBILITY""]"
KW_PRIVACY	privacy	Token from concept 'Digital Footprint': privacy	"{""source"": ""concept_extraction"", ""source_concept"": ""DIGITAL_FOOTPRINT"", ""extracted_at"": ""2026-08-03T12:28:05.454461""}"	2026-08-03T12:28:05.454463	2026-08-03T12:28:05.454464	"[""DIGITAL_FOOTPRINT""]"
KW_PRESENCE	presence	Token from concept 'Digital Footprint': presence	"{""source"": ""concept_extraction"", ""source_concept"": ""DIGITAL_FOOTPRINT"", ""extracted_at"": ""2026-08-03T12:28:05.454467""}"	2026-08-03T12:28:05.454470	2026-08-03T12:28:05.454470	"[""DIGITAL_FOOTPRINT""]"
KW_FOOTPRINT	footprint	Token from concept 'Digital Footprint': footprint	"{""source"": ""concept_extraction"", ""source_concept"": ""DIGITAL_FOOTPRINT"", ""extracted_at"": ""2026-08-03T12:28:05.454472""}"	2026-08-03T12:28:05.454475	2026-08-03T12:28:05.454475	"[""DIGITAL_FOOTPRINT""]"
KW_HARASSMENT	harassment	Token from concept 'Cyberbullying and Response': harassment	"{""source"": ""concept_extraction"", ""source_concept"": ""CYBERBULLYING"", ""extracted_at"": ""2026-08-03T12:28:05.454487""}"	2026-08-03T12:28:05.454489	2026-08-03T12:28:05.454490	"[""CYBERBULLYING""]"
KW_CYBERBULLYING	cyberbullying	Token from concept 'Cyberbullying and Response': cyberbullying	"{""source"": ""concept_extraction"", ""source_concept"": ""CYBERBULLYING"", ""extracted_at"": ""2026-08-03T12:28:05.454492""}"	2026-08-03T12:28:05.454495	2026-08-03T12:28:05.454495	"[""CYBERBULLYING""]"
KW_LICENSES	licenses	Token from concept 'Copyright & Creative Commons': licenses	"{""source"": ""concept_extraction"", ""source_concept"": ""COPYRIGHT_CREATIVE_COMMONS"", ""extracted_at"": ""2026-08-03T12:28:05.454504""}"	2026-08-03T12:28:05.454506	2026-08-03T12:28:05.454507	"[""COPYRIGHT_CREATIVE_COMMONS""]"
KW_INTELLECTUAL	intellectual	Token from concept 'Copyright & Creative Commons': intellectual	"{""source"": ""concept_extraction"", ""source_concept"": ""COPYRIGHT_CREATIVE_COMMONS"", ""extracted_at"": ""2026-08-03T12:28:05.454510""}"	2026-08-03T12:28:05.454513	2026-08-03T12:28:05.454513	"[""COPYRIGHT_CREATIVE_COMMONS""]"
KW_COMMONS	commons	Token from concept 'Copyright & Creative Commons': commons	"{""source"": ""concept_extraction"", ""source_concept"": ""COPYRIGHT_CREATIVE_COMMONS"", ""extracted_at"": ""2026-08-03T12:28:05.454515""}"	2026-08-03T12:28:05.454518	2026-08-03T12:28:05.454518	"[""COPYRIGHT_CREATIVE_COMMONS""]"
KW_CREATIVE	creative	Token from concept 'Copyright & Creative Commons': creative	"{""source"": ""concept_extraction"", ""source_concept"": ""COPYRIGHT_CREATIVE_COMMONS"", ""extracted_at"": ""2026-08-03T12:28:05.454520""}"	2026-08-03T12:28:05.454523	2026-08-03T12:28:05.454523	"[""COPYRIGHT_CREATIVE_COMMONS""]"
KW_COPYRIGHT	copyright	Token from concept 'Copyright & Creative Commons': copyright	"{""source"": ""concept_extraction"", ""source_concept"": ""COPYRIGHT_CREATIVE_COMMONS"", ""extracted_at"": ""2026-08-03T12:28:05.454525""}"	2026-08-03T12:28:05.454528	2026-08-03T12:28:05.454528	"[""COPYRIGHT_CREATIVE_COMMONS""]"
KW_THE	the	Token from concept 'The Digital Divide': the	"{""source"": ""concept_extraction"", ""source_concept"": ""DIGITAL_DIVIDE"", ""extracted_at"": ""2026-08-03T12:28:05.454537""}"	2026-08-03T12:28:05.454539	2026-08-03T12:28:05.454540	"[""DIGITAL_DIVIDE""]"
KW_INCLUSION	inclusion	Token from concept 'The Digital Divide': inclusion	"{""source"": ""concept_extraction"", ""source_concept"": ""DIGITAL_DIVIDE"", ""extracted_at"": ""2026-08-03T12:28:05.454542""}"	2026-08-03T12:28:05.454545	2026-08-03T12:28:05.454545	"[""DIGITAL_DIVIDE""]"
KW_EQUITY	equity	Token from concept 'The Digital Divide': equity	"{""source"": ""concept_extraction"", ""source_concept"": ""DIGITAL_DIVIDE"", ""extracted_at"": ""2026-08-03T12:28:05.454547""}"	2026-08-03T12:28:05.454550	2026-08-03T12:28:05.454550	"[""DIGITAL_DIVIDE""]"
KW_MODES	modes	Token from concept 'Layer Blending Modes': modes	"{""source"": ""concept_extraction"", ""source_concept"": ""LAYER_BLEND_MODES"", ""extracted_at"": ""2026-08-03T12:28:05.454556""}"	2026-08-03T12:28:05.454558	2026-08-03T12:28:05.454559	"[""LAYER_BLEND_MODES""]"
KW_BLENDING	blending	Token from concept 'Layer Blending Modes': blending	"{""source"": ""concept_extraction"", ""source_concept"": ""LAYER_BLEND_MODES"", ""extracted_at"": ""2026-08-03T12:28:05.454561""}"	2026-08-03T12:28:05.454563	2026-08-03T12:28:05.454564	"[""LAYER_BLEND_MODES""]"
KW_RASTER	raster	Token from concept 'Layer Blending Modes': raster	"{""source"": ""concept_extraction"", ""source_concept"": ""LAYER_BLEND_MODES"", ""extracted_at"": ""2026-08-03T12:28:05.454573""}"	2026-08-03T12:28:05.454575	2026-08-03T12:28:05.454575	"[""LAYER_BLEND_MODES""]"
KW_EDITOR	editor	Token from concept 'Layer Blending Modes': editor	"{""source"": ""concept_extraction"", ""source_concept"": ""LAYER_BLEND_MODES"", ""extracted_at"": ""2026-08-03T12:28:05.454579""}"	2026-08-03T12:28:05.454581	2026-08-03T12:28:05.454582	"[""LAYER_BLEND_MODES""]"
KW_ADJUSTMENT	adjustment	Token from concept 'Non-Destructive Adjustment Layers': adjustment	"{""source"": ""concept_extraction"", ""source_concept"": ""ADJUSTMENT_LAYERS"", ""extracted_at"": ""2026-08-03T12:28:05.454588""}"	2026-08-03T12:28:05.454590	2026-08-03T12:28:05.454591	"[""ADJUSTMENT_LAYERS""]"
KW_DESTRUCTIVE	destructive	Token from concept 'Non-Destructive Adjustment Layers': destructive	"{""source"": ""concept_extraction"", ""source_concept"": ""ADJUSTMENT_LAYERS"", ""extracted_at"": ""2026-08-03T12:28:05.454595""}"	2026-08-03T12:28:05.454597	2026-08-03T12:28:05.454598	"[""ADJUSTMENT_LAYERS""]"
KW_MASKING	masking	Token from concept 'Layer Masking': masking	"{""source"": ""concept_extraction"", ""source_concept"": ""LAYER_MASKING"", ""extracted_at"": ""2026-08-03T12:28:05.454608""}"	2026-08-03T12:28:05.454610	2026-08-03T12:28:05.454611	"[""LAYER_MASKING""]"
KW_MASK	mask	Token from concept 'Layer Masking': mask	"{""source"": ""concept_extraction"", ""source_concept"": ""LAYER_MASKING"", ""extracted_at"": ""2026-08-03T12:28:05.454613""}"	2026-08-03T12:28:05.454615	2026-08-03T12:28:05.454616	"[""LAYER_MASKING""]"
KW_IMAGE	image	Token from concept 'Mesh and Liquify Warping': image	"{""source"": ""concept_extraction"", ""source_concept"": ""IMAGE_WARPING"", ""extracted_at"": ""2026-08-03T12:28:05.454625""}"	2026-08-03T12:28:05.454627	2026-08-03T12:28:05.454628	"[""IMAGE_WARPING""]"
KW_WARPING	warping	Token from concept 'Mesh and Liquify Warping': warping	"{""source"": ""concept_extraction"", ""source_concept"": ""IMAGE_WARPING"", ""extracted_at"": ""2026-08-03T12:28:05.454630""}"	2026-08-03T12:28:05.454632	2026-08-03T12:28:05.454633	"[""IMAGE_WARPING""]"
KW_MANIPULATION	manipulation	Token from concept 'Mesh and Liquify Warping': manipulation	"{""source"": ""concept_extraction"", ""source_concept"": ""IMAGE_WARPING"", ""extracted_at"": ""2026-08-03T12:28:05.454637""}"	2026-08-03T12:28:05.454640	2026-08-03T12:28:05.454640	"[""IMAGE_WARPING""]"
KW_LIQUIFY	liquify	Token from concept 'Mesh and Liquify Warping': liquify	"{""source"": ""concept_extraction"", ""source_concept"": ""IMAGE_WARPING"", ""extracted_at"": ""2026-08-03T12:28:05.454642""}"	2026-08-03T12:28:05.454645	2026-08-03T12:28:05.454645	"[""IMAGE_WARPING""]"
KW_WARP	warp	Token from concept 'Mesh and Liquify Warping': warp	"{""source"": ""concept_extraction"", ""source_concept"": ""IMAGE_WARPING"", ""extracted_at"": ""2026-08-03T12:28:05.454647""}"	2026-08-03T12:28:05.454650	2026-08-03T12:28:05.454650	"[""IMAGE_WARPING""]"
KW_STAMP	stamp	Token from concept 'Image Retouching Techniques': stamp	"{""source"": ""concept_extraction"", ""source_concept"": ""IMAGE_RETOUCHING"", ""extracted_at"": ""2026-08-03T12:28:05.454656""}"	2026-08-03T12:28:05.454658	2026-08-03T12:28:05.454659	"[""IMAGE_RETOUCHING""]"
KW_RETOUCHING	retouching	Token from concept 'Image Retouching Techniques': retouching	"{""source"": ""concept_extraction"", ""source_concept"": ""IMAGE_RETOUCHING"", ""extracted_at"": ""2026-08-03T12:28:05.454663""}"	2026-08-03T12:28:05.454665	2026-08-03T12:28:05.454666	"[""IMAGE_RETOUCHING""]"
KW_BRUSH	brush	Token from concept 'Image Retouching Techniques': brush	"{""source"": ""concept_extraction"", ""source_concept"": ""IMAGE_RETOUCHING"", ""extracted_at"": ""2026-08-03T12:28:05.454668""}"	2026-08-03T12:28:05.454670	2026-08-03T12:28:05.454671	"[""IMAGE_RETOUCHING""]"
KW_HEALING	healing	Token from concept 'Image Retouching Techniques': healing	"{""source"": ""concept_extraction"", ""source_concept"": ""IMAGE_RETOUCHING"", ""extracted_at"": ""2026-08-03T12:28:05.454674""}"	2026-08-03T12:28:05.454676	2026-08-03T12:28:05.454677	"[""IMAGE_RETOUCHING""]"
KW_PHOTOMONTAGE	photomontage	Token from concept 'Image Compositing': photomontage	"{""source"": ""concept_extraction"", ""source_concept"": ""IMAGE_COMPOSITING"", ""extracted_at"": ""2026-08-03T12:28:05.454683""}"	2026-08-03T12:28:05.454685	2026-08-03T12:28:05.454686	"[""IMAGE_COMPOSITING""]"
KW_COMBINATION	combination	Token from concept 'Image Compositing': combination	"{""source"": ""concept_extraction"", ""source_concept"": ""IMAGE_COMPOSITING"", ""extracted_at"": ""2026-08-03T12:28:05.454688""}"	2026-08-03T12:28:05.454690	2026-08-03T12:28:05.454691	"[""IMAGE_COMPOSITING""]"
KW_COMPOSITING	compositing	Token from concept 'Image Compositing': compositing	"{""source"": ""concept_extraction"", ""source_concept"": ""IMAGE_COMPOSITING"", ""extracted_at"": ""2026-08-03T12:28:05.454693""}"	2026-08-03T12:28:05.454695	2026-08-03T12:28:05.454696	"[""IMAGE_COMPOSITING""]"
KW_VECTOR	vector	Token from concept 'QR Code Generation': vector	"{""source"": ""concept_extraction"", ""source_concept"": ""QR_CODE_GENERATION"", ""extracted_at"": ""2026-08-03T12:28:05.454701""}"	2026-08-03T12:28:05.454703	2026-08-03T12:28:05.454704	"[""QR_CODE_GENERATION""]"
KW_CODE	code	Token from concept 'QR Code Generation': code	"{""source"": ""concept_extraction"", ""source_concept"": ""QR_CODE_GENERATION"", ""extracted_at"": ""2026-08-03T12:28:05.454706""}"	2026-08-03T12:28:05.454708	2026-08-03T12:28:05.454709	"[""QR_CODE_GENERATION""]"
KW_BARCODE	barcode	Token from concept 'QR Code Generation': barcode	"{""source"": ""concept_extraction"", ""source_concept"": ""QR_CODE_GENERATION"", ""extracted_at"": ""2026-08-03T12:28:05.454711""}"	2026-08-03T12:28:05.454713	2026-08-03T12:28:05.454714	"[""QR_CODE_GENERATION""]"
KW_GENERATION	generation	Token from concept 'QR Code Generation': generation	"{""source"": ""concept_extraction"", ""source_concept"": ""QR_CODE_GENERATION"", ""extracted_at"": ""2026-08-03T12:28:05.454716""}"	2026-08-03T12:28:05.454718	2026-08-03T12:28:05.454719	"[""QR_CODE_GENERATION""]"
KW_PATH	path	Token from concept 'Advanced Stroke Properties': path	"{""source"": ""concept_extraction"", ""source_concept"": ""STROKE_PROPERTIES"", ""extracted_at"": ""2026-08-03T12:28:05.454726""}"	2026-08-03T12:28:05.454728	2026-08-03T12:28:05.454729	"[""STROKE_PROPERTIES""]"
KW_ADVANCED	advanced	Token from concept 'Advanced Stroke Properties': advanced	"{""source"": ""concept_extraction"", ""source_concept"": ""STROKE_PROPERTIES"", ""extracted_at"": ""2026-08-03T12:28:05.454731""}"	2026-08-03T12:28:05.454733	2026-08-03T12:28:05.454734	"[""STROKE_PROPERTIES""]"
KW_PROPERTIES	properties	Token from concept 'Advanced Stroke Properties': properties	"{""source"": ""concept_extraction"", ""source_concept"": ""STROKE_PROPERTIES"", ""extracted_at"": ""2026-08-03T12:28:05.454736""}"	2026-08-03T12:28:05.454738	2026-08-03T12:28:05.454739	"[""STROKE_PROPERTIES""]"
KW_STROKE	stroke	Token from concept 'Advanced Stroke Properties': stroke	"{""source"": ""concept_extraction"", ""source_concept"": ""STROKE_PROPERTIES"", ""extracted_at"": ""2026-08-03T12:28:05.454741""}"	2026-08-03T12:28:05.454743	2026-08-03T12:28:05.454744	"[""STROKE_PROPERTIES""]"
KW_ILLUSTRATOR	illustrator	Token from concept 'Advanced Stroke Properties': illustrator	"{""source"": ""concept_extraction"", ""source_concept"": ""STROKE_PROPERTIES"", ""extracted_at"": ""2026-08-03T12:28:05.454746""}"	2026-08-03T12:28:05.454748	2026-08-03T12:28:05.454749	"[""STROKE_PROPERTIES""]"
KW_BOOLEAN	boolean	Token from concept 'Shape Building': boolean	"{""source"": ""concept_extraction"", ""source_concept"": ""SHAPE_BUILDING"", ""extracted_at"": ""2026-08-03T12:28:05.454755""}"	2026-08-03T12:28:05.454757	2026-08-03T12:28:05.454758	"[""SHAPE_BUILDING""]"
KW_OPERATIONS	operations	Token from concept 'Shape Building': operations	"{""source"": ""concept_extraction"", ""source_concept"": ""SHAPE_BUILDING"", ""extracted_at"": ""2026-08-03T12:28:05.454760""}"	2026-08-03T12:28:05.454762	2026-08-03T12:28:05.454763	"[""SHAPE_BUILDING""]"
KW_SHAPE	shape	Token from concept 'Shape Building': shape	"{""source"": ""concept_extraction"", ""source_concept"": ""SHAPE_BUILDING"", ""extracted_at"": ""2026-08-03T12:28:05.454765""}"	2026-08-03T12:28:05.454767	2026-08-03T12:28:05.454768	"[""SHAPE_BUILDING""]"
KW_BUILDING	building	Token from concept 'Shape Building': building	"{""source"": ""concept_extraction"", ""source_concept"": ""SHAPE_BUILDING"", ""extracted_at"": ""2026-08-03T12:28:05.454770""}"	2026-08-03T12:28:05.454772	2026-08-03T12:28:05.454773	"[""SHAPE_BUILDING""]"
KW_PATHFINDER	pathfinder	Token from concept 'Shape Building': pathfinder	"{""source"": ""concept_extraction"", ""source_concept"": ""SHAPE_BUILDING"", ""extracted_at"": ""2026-08-03T12:28:05.454776""}"	2026-08-03T12:28:05.454778	2026-08-03T12:28:05.454779	"[""SHAPE_BUILDING""]"
KW_OBJECT	object	Token from concept 'Object Properties/Attributes': object	"{""source"": ""concept_extraction"", ""source_concept"": ""OBJECT_PROPERTIES"", ""extracted_at"": ""2026-08-03T12:28:05.454784""}"	2026-08-03T12:28:05.454787	2026-08-03T12:28:05.454787	"[""OBJECT_PROPERTIES""]"
KW_ATTRIBUTES	attributes	Token from concept 'Object Properties/Attributes': attributes	"{""source"": ""concept_extraction"", ""source_concept"": ""OBJECT_PROPERTIES"", ""extracted_at"": ""2026-08-03T12:28:05.454789""}"	2026-08-03T12:28:05.454792	2026-08-03T12:28:05.454792	"[""OBJECT_PROPERTIES""]"
KW_MODEL	model	Token from concept 'Event-Based Programming Model': model	"{""source"": ""concept_extraction"", ""source_concept"": ""EVENT_BASED_PROGRAMMING"", ""extracted_at"": ""2026-08-03T12:28:05.454800""}"	2026-08-03T12:28:05.454803	2026-08-03T12:28:05.454803	"[""EVENT_BASED_PROGRAMMING""]"
KW_PROGRAMMING	programming	Token from concept 'Event-Based Programming Model': programming	"{""source"": ""concept_extraction"", ""source_concept"": ""EVENT_BASED_PROGRAMMING"", ""extracted_at"": ""2026-08-03T12:28:05.454807""}"	2026-08-03T12:28:05.454809	2026-08-03T12:28:05.454810	"[""EVENT_BASED_PROGRAMMING""]"
KW_EVENT	event	Token from concept 'Event-Based Programming Model': event	"{""source"": ""concept_extraction"", ""source_concept"": ""EVENT_BASED_PROGRAMMING"", ""extracted_at"": ""2026-08-03T12:28:05.454812""}"	2026-08-03T12:28:05.454814	2026-08-03T12:28:05.454815	"[""EVENT_BASED_PROGRAMMING""]"
KW_ASYNCHRONOUS	asynchronous	Token from concept 'Event-Based Programming Model': asynchronous	"{""source"": ""concept_extraction"", ""source_concept"": ""EVENT_BASED_PROGRAMMING"", ""extracted_at"": ""2026-08-03T12:28:05.454817""}"	2026-08-03T12:28:05.454819	2026-08-03T12:28:05.454820	"[""EVENT_BASED_PROGRAMMING""]"
KW_DRIVEN	driven	Token from concept 'Event-Based Programming Model': driven	"{""source"": ""concept_extraction"", ""source_concept"": ""EVENT_BASED_PROGRAMMING"", ""extracted_at"": ""2026-08-03T12:28:05.454823""}"	2026-08-03T12:28:05.454825	2026-08-03T12:28:05.454826	"[""EVENT_BASED_PROGRAMMING""]"
KW_LIGHTING	lighting	Token from concept 'Lighting and Shadows': lighting	"{""source"": ""concept_extraction"", ""source_concept"": ""LIGHTING_AND_SHADOWS"", ""extracted_at"": ""2026-08-03T12:28:05.454832""}"	2026-08-03T12:28:05.454834	2026-08-03T12:28:05.454835	"[""LIGHTING_AND_SHADOWS""]"
KW_SHADOWS	shadows	Token from concept 'Lighting and Shadows': shadows	"{""source"": ""concept_extraction"", ""source_concept"": ""LIGHTING_AND_SHADOWS"", ""extracted_at"": ""2026-08-03T12:28:05.454838""}"	2026-08-03T12:28:05.454842	2026-08-03T12:28:05.454842	"[""LIGHTING_AND_SHADOWS""]"
KW_SOURCE	source	Token from concept 'Lighting and Shadows': source	"{""source"": ""concept_extraction"", ""source_concept"": ""LIGHTING_AND_SHADOWS"", ""extracted_at"": ""2026-08-03T12:28:05.454845""}"	2026-08-03T12:28:05.454848	2026-08-03T12:28:05.454849	"[""LIGHTING_AND_SHADOWS""]"
KW_SHADING	shading	Token from concept 'Material and Texture Mapping': shading	"{""source"": ""concept_extraction"", ""source_concept"": ""MATERIAL_AND_TEXTURE"", ""extracted_at"": ""2026-08-03T12:28:05.454857""}"	2026-08-03T12:28:05.454859	2026-08-03T12:28:05.454860	"[""MATERIAL_AND_TEXTURE""]"
KW_TEXTURE	texture	Token from concept 'Material and Texture Mapping': texture	"{""source"": ""concept_extraction"", ""source_concept"": ""MATERIAL_AND_TEXTURE"", ""extracted_at"": ""2026-08-03T12:28:05.454863""}"	2026-08-03T12:28:05.454865	2026-08-03T12:28:05.454866	"[""MATERIAL_AND_TEXTURE""]"
KW_MATERIAL	material	Token from concept 'Material and Texture Mapping': material	"{""source"": ""concept_extraction"", ""source_concept"": ""MATERIAL_AND_TEXTURE"", ""extracted_at"": ""2026-08-03T12:28:05.454868""}"	2026-08-03T12:28:05.454870	2026-08-03T12:28:05.454871	"[""MATERIAL_AND_TEXTURE""]"
KW_MAPPING	mapping	Token from concept 'Material and Texture Mapping': mapping	"{""source"": ""concept_extraction"", ""source_concept"": ""MATERIAL_AND_TEXTURE"", ""extracted_at"": ""2026-08-03T12:28:05.454873""}"	2026-08-03T12:28:05.454875	2026-08-03T12:28:05.454876	"[""MATERIAL_AND_TEXTURE""]"
KW_TIMELINE	timeline	Token from concept 'Keyframe Animation': timeline	"{""source"": ""concept_extraction"", ""source_concept"": ""KEYFRAME_ANIMATION"", ""extracted_at"": ""2026-08-03T12:28:05.454881""}"	2026-08-03T12:28:05.454884	2026-08-03T12:28:05.454884	"[""KEYFRAME_ANIMATION""]"
KW_KEYFRAME	keyframe	Token from concept 'Keyframe Animation': keyframe	"{""source"": ""concept_extraction"", ""source_concept"": ""KEYFRAME_ANIMATION"", ""extracted_at"": ""2026-08-03T12:28:05.454886""}"	2026-08-03T12:28:05.454889	2026-08-03T12:28:05.454889	"[""KEYFRAME_ANIMATION""]"
KW_ANIMATION	animation	Token from concept 'Keyframe Animation': animation	"{""source"": ""concept_extraction"", ""source_concept"": ""KEYFRAME_ANIMATION"", ""extracted_at"": ""2026-08-03T12:28:05.454891""}"	2026-08-03T12:28:05.454894	2026-08-03T12:28:05.454894	"[""KEYFRAME_ANIMATION""]"
KW_INTERPOLATION	interpolation	Token from concept 'Keyframe Animation': interpolation	"{""source"": ""concept_extraction"", ""source_concept"": ""KEYFRAME_ANIMATION"", ""extracted_at"": ""2026-08-03T12:28:05.454897""}"	2026-08-03T12:28:05.454899	2026-08-03T12:28:05.454900	"[""KEYFRAME_ANIMATION""]"
KW_POLYGONAL	polygonal	Token from concept 'Mesh Extrusion': polygonal	"{""source"": ""concept_extraction"", ""source_concept"": ""MESH_EXTRUSION"", ""extracted_at"": ""2026-08-03T12:28:05.454911""}"	2026-08-03T12:28:05.454914	2026-08-03T12:28:05.454914	"[""MESH_EXTRUSION""]"
KW_EXTRUDE	extrude	Token from concept 'Mesh Extrusion': extrude	"{""source"": ""concept_extraction"", ""source_concept"": ""MESH_EXTRUSION"", ""extracted_at"": ""2026-08-03T12:28:05.454916""}"	2026-08-03T12:28:05.454919	2026-08-03T12:28:05.454919	"[""MESH_EXTRUSION""]"
KW_EXTRUSION	extrusion	Token from concept 'Mesh Extrusion': extrusion	"{""source"": ""concept_extraction"", ""source_concept"": ""MESH_EXTRUSION"", ""extracted_at"": ""2026-08-03T12:28:05.454923""}"	2026-08-03T12:28:05.454926	2026-08-03T12:28:05.454927	"[""MESH_EXTRUSION""]"
KW_EDGE	edge	Token from concept 'Polygonal Mesh (Vertex, Edge, Face)': edge	"{""source"": ""concept_extraction"", ""source_concept"": ""POLYGON_MESH"", ""extracted_at"": ""2026-08-03T12:28:05.454937""}"	2026-08-03T12:28:05.454939	2026-08-03T12:28:05.454940	"[""POLYGON_MESH""]"
KW_FACE	face	Token from concept 'Polygonal Mesh (Vertex, Edge, Face)': face	"{""source"": ""concept_extraction"", ""source_concept"": ""POLYGON_MESH"", ""extracted_at"": ""2026-08-03T12:28:05.454943""}"	2026-08-03T12:28:05.454945	2026-08-03T12:28:05.454946	"[""POLYGON_MESH""]"
KW_ROTATE	rotate	Token from concept '2D Transformation Operations': rotate	"{""source"": ""concept_extraction"", ""source_concept"": ""TRANSFORMATION_OPERATIONS"", ""extracted_at"": ""2026-08-03T12:28:05.454953""}"	2026-08-03T12:28:05.454955	2026-08-03T12:28:05.454956	"[""TRANSFORMATION_OPERATIONS""]"
KW_TRANSFORMATION	transformation	Token from concept '2D Transformation Operations': transformation	"{""source"": ""concept_extraction"", ""source_concept"": ""TRANSFORMATION_OPERATIONS"", ""extracted_at"": ""2026-08-03T12:28:05.454958""}"	2026-08-03T12:28:05.454961	2026-08-03T12:28:05.454961	"[""TRANSFORMATION_OPERATIONS""]"
KW_TRANSFORM	transform	Token from concept '2D Transformation Operations': transform	"{""source"": ""concept_extraction"", ""source_concept"": ""TRANSFORMATION_OPERATIONS"", ""extracted_at"": ""2026-08-03T12:28:05.454964""}"	2026-08-03T12:28:05.454967	2026-08-03T12:28:05.454967	"[""TRANSFORMATION_OPERATIONS""]"
KW_TRANSLATE	translate	Token from concept '2D Transformation Operations': translate	"{""source"": ""concept_extraction"", ""source_concept"": ""TRANSFORMATION_OPERATIONS"", ""extracted_at"": ""2026-08-03T12:28:05.454970""}"	2026-08-03T12:28:05.454972	2026-08-03T12:28:05.454972	"[""TRANSFORMATION_OPERATIONS""]"
KW_SCALE	scale	Token from concept '2D Transformation Operations': scale	"{""source"": ""concept_extraction"", ""source_concept"": ""TRANSFORMATION_OPERATIONS"", ""extracted_at"": ""2026-08-03T12:28:05.454975""}"	2026-08-03T12:28:05.454977	2026-08-03T12:28:05.454977	"[""TRANSFORMATION_OPERATIONS""]"
KW_WHEEL	wheel	Token from concept 'Color Theory': wheel	"{""source"": ""concept_extraction"", ""source_concept"": ""COLOR_THEORY"", ""extracted_at"": ""2026-08-03T12:28:05.454983""}"	2026-08-03T12:28:05.454985	2026-08-03T12:28:05.454986	"[""COLOR_THEORY""]"
KW_COLOR	color	Token from concept 'Color Theory': color	"{""source"": ""concept_extraction"", ""source_concept"": ""COLOR_THEORY"", ""extracted_at"": ""2026-08-03T12:28:05.454988""}"	2026-08-03T12:28:05.454991	2026-08-03T12:28:05.454992	"[""COLOR_THEORY""]"
KW_THEORY	theory	Token from concept 'Color Theory': theory	"{""source"": ""concept_extraction"", ""source_concept"": ""COLOR_THEORY"", ""extracted_at"": ""2026-08-03T12:28:05.454994""}"	2026-08-03T12:28:05.454997	2026-08-03T12:28:05.454997	"[""COLOR_THEORY""]"
KW_LAYOUT	layout	Token from concept 'Composition Principles': layout	"{""source"": ""concept_extraction"", ""source_concept"": ""COMPOSITION_PRINCIPLES"", ""extracted_at"": ""2026-08-03T12:28:05.455003""}"	2026-08-03T12:28:05.455006	2026-08-03T12:28:05.455006	"[""COMPOSITION_PRINCIPLES""]"
KW_COMPOSITION	composition	Token from concept 'Composition Principles': composition	"{""source"": ""concept_extraction"", ""source_concept"": ""COMPOSITION_PRINCIPLES"", ""extracted_at"": ""2026-08-03T12:28:05.455009""}"	2026-08-03T12:28:05.455011	2026-08-03T12:28:05.455011	"[""COMPOSITION_PRINCIPLES""]"
KW_BALANCE	balance	Token from concept 'Composition Principles': balance	"{""source"": ""concept_extraction"", ""source_concept"": ""COMPOSITION_PRINCIPLES"", ""extracted_at"": ""2026-08-03T12:28:05.455014""}"	2026-08-03T12:28:05.455016	2026-08-03T12:28:05.455016	"[""COMPOSITION_PRINCIPLES""]"
KW_THIRDS	thirds	Token from concept 'Composition Principles': thirds	"{""source"": ""concept_extraction"", ""source_concept"": ""COMPOSITION_PRINCIPLES"", ""extracted_at"": ""2026-08-03T12:28:05.455019""}"	2026-08-03T12:28:05.455021	2026-08-03T12:28:05.455021	"[""COMPOSITION_PRINCIPLES""]"
KW_RULE	rule	Token from concept 'Composition Principles': rule	"{""source"": ""concept_extraction"", ""source_concept"": ""COMPOSITION_PRINCIPLES"", ""extracted_at"": ""2026-08-03T12:28:05.455025""}"	2026-08-03T12:28:05.455027	2026-08-03T12:28:05.455028	"[""COMPOSITION_PRINCIPLES""]"
KW_GEARS	gears	Token from concept 'Basic Mechanisms': gears	"{""source"": ""concept_extraction"", ""source_concept"": ""BASIC_MECHANISMS_CONCEPT"", ""extracted_at"": ""2026-08-03T12:28:05.455033""}"	2026-08-03T12:28:05.455035	2026-08-03T12:28:05.455036	"[""BASIC_MECHANISMS_CONCEPT""]"
KW_MECHANICAL	mechanical	Token from concept 'Basic Mechanisms': mechanical	"{""source"": ""concept_extraction"", ""source_concept"": ""BASIC_MECHANISMS_CONCEPT"", ""extracted_at"": ""2026-08-03T12:28:05.455038""}"	2026-08-03T12:28:05.455040	2026-08-03T12:28:05.455041	"[""BASIC_MECHANISMS_CONCEPT""]"
KW_PULLEYS	pulleys	Token from concept 'Basic Mechanisms': pulleys	"{""source"": ""concept_extraction"", ""source_concept"": ""BASIC_MECHANISMS_CONCEPT"", ""extracted_at"": ""2026-08-03T12:28:05.455043""}"	2026-08-03T12:28:05.455050	2026-08-03T12:28:05.455051	"[""BASIC_MECHANISMS_CONCEPT""]"
KW_MECHANISMS	mechanisms	Token from concept 'Basic Mechanisms': mechanisms	"{""source"": ""concept_extraction"", ""source_concept"": ""BASIC_MECHANISMS_CONCEPT"", ""extracted_at"": ""2026-08-03T12:28:05.455053""}"	2026-08-03T12:28:05.455055	2026-08-03T12:28:05.455056	"[""BASIC_MECHANISMS_CONCEPT""]"
KW_BASIC	basic	Token from concept 'Basic Mechanisms': basic	"{""source"": ""concept_extraction"", ""source_concept"": ""BASIC_MECHANISMS_CONCEPT"", ""extracted_at"": ""2026-08-03T12:28:05.455058""}"	2026-08-03T12:28:05.455060	2026-08-03T12:28:05.455061	"[""BASIC_MECHANISMS_CONCEPT""]"
KW_ADVANTAGE	advantage	Token from concept 'Basic Mechanisms': advantage	"{""source"": ""concept_extraction"", ""source_concept"": ""BASIC_MECHANISMS_CONCEPT"", ""extracted_at"": ""2026-08-03T12:28:05.455063""}"	2026-08-03T12:28:05.455066	2026-08-03T12:28:05.455066	"[""BASIC_MECHANISMS_CONCEPT""]"
KW_LEVERS	levers	Token from concept 'Basic Mechanisms': levers	"{""source"": ""concept_extraction"", ""source_concept"": ""BASIC_MECHANISMS_CONCEPT"", ""extracted_at"": ""2026-08-03T12:28:05.455068""}"	2026-08-03T12:28:05.455070	2026-08-03T12:28:05.455071	"[""BASIC_MECHANISMS_CONCEPT""]"
KW_RESISTOR	resistor	Token from concept 'Basic Electronic Components': resistor	"{""source"": ""concept_extraction"", ""source_concept"": ""BASIC_ELECTRONIC_COMPONENTS_CONCEPT"", ""extracted_at"": ""2026-08-03T12:28:05.455077""}"	2026-08-03T12:28:05.455079	2026-08-03T12:28:05.455080	"[""BASIC_ELECTRONIC_COMPONENTS_CONCEPT""]"
KW_ELECTRONIC	electronic	Token from concept 'Basic Electronic Components': electronic	"{""source"": ""concept_extraction"", ""source_concept"": ""BASIC_ELECTRONIC_COMPONENTS_CONCEPT"", ""extracted_at"": ""2026-08-03T12:28:05.455082""}"	2026-08-03T12:28:05.455084	2026-08-03T12:28:05.455085	"[""BASIC_ELECTRONIC_COMPONENTS_CONCEPT""]"
KW_CAPACITOR	capacitor	Token from concept 'Basic Electronic Components': capacitor	"{""source"": ""concept_extraction"", ""source_concept"": ""BASIC_ELECTRONIC_COMPONENTS_CONCEPT"", ""extracted_at"": ""2026-08-03T12:28:05.455087""}"	2026-08-03T12:28:05.455089	2026-08-03T12:28:05.455090	"[""BASIC_ELECTRONIC_COMPONENTS_CONCEPT""]"
KW_DIODE	diode	Token from concept 'Basic Electronic Components': diode	"{""source"": ""concept_extraction"", ""source_concept"": ""BASIC_ELECTRONIC_COMPONENTS_CONCEPT"", ""extracted_at"": ""2026-08-03T12:28:05.455093""}"	2026-08-03T12:28:05.455095	2026-08-03T12:28:05.455096	"[""BASIC_ELECTRONIC_COMPONENTS_CONCEPT""]"
KW_COMPONENTS	components	Token from concept 'Basic Electronic Components': components	"{""source"": ""concept_extraction"", ""source_concept"": ""BASIC_ELECTRONIC_COMPONENTS_CONCEPT"", ""extracted_at"": ""2026-08-03T12:28:05.455098""}"	2026-08-03T12:28:05.455100	2026-08-03T12:28:05.455101	"[""BASIC_ELECTRONIC_COMPONENTS_CONCEPT""]"
KW_TRANSISTOR	transistor	Token from concept 'Basic Electronic Components': transistor	"{""source"": ""concept_extraction"", ""source_concept"": ""BASIC_ELECTRONIC_COMPONENTS_CONCEPT"", ""extracted_at"": ""2026-08-03T12:28:05.455103""}"	2026-08-03T12:28:05.455105	2026-08-03T12:28:05.455106	"[""BASIC_ELECTRONIC_COMPONENTS_CONCEPT""]"
KW_LAW	law	Token from concept 'Basic Circuit Principles': law	"{""source"": ""concept_extraction"", ""source_concept"": ""CIRCUIT_PRINCIPLES_CONCEPT"", ""extracted_at"": ""2026-08-03T12:28:05.455112""}"	2026-08-03T12:28:05.455114	2026-08-03T12:28:05.455115	"[""CIRCUIT_PRINCIPLES_CONCEPT""]"
KW_CIRCUIT	circuit	Token from concept 'Basic Circuit Principles': circuit	"{""source"": ""concept_extraction"", ""source_concept"": ""CIRCUIT_PRINCIPLES_CONCEPT"", ""extracted_at"": ""2026-08-03T12:28:05.455117""}"	2026-08-03T12:28:05.455119	2026-08-03T12:28:05.455120	"[""CIRCUIT_PRINCIPLES_CONCEPT""]"
KW_PARALLEL	parallel	Token from concept 'Basic Circuit Principles': parallel	"{""source"": ""concept_extraction"", ""source_concept"": ""CIRCUIT_PRINCIPLES_CONCEPT"", ""extracted_at"": ""2026-08-03T12:28:05.455122""}"	2026-08-03T12:28:05.455124	2026-08-03T12:28:05.455125	"[""CIRCUIT_PRINCIPLES_CONCEPT""]"
KW_SERIES	series	Token from concept 'Basic Circuit Principles': series	"{""source"": ""concept_extraction"", ""source_concept"": ""CIRCUIT_PRINCIPLES_CONCEPT"", ""extracted_at"": ""2026-08-03T12:28:05.455129""}"	2026-08-03T12:28:05.455131	2026-08-03T12:28:05.455132	"[""CIRCUIT_PRINCIPLES_CONCEPT""]"
KW_OHM	ohm	Token from concept 'Basic Circuit Principles': ohm	"{""source"": ""concept_extraction"", ""source_concept"": ""CIRCUIT_PRINCIPLES_CONCEPT"", ""extracted_at"": ""2026-08-03T12:28:05.455134""}"	2026-08-03T12:28:05.455136	2026-08-03T12:28:05.455137	"[""CIRCUIT_PRINCIPLES_CONCEPT""]"
KW_INTERNET	internet	Token from concept 'The TCP/IP Model': internet	"{""source"": ""concept_extraction"", ""source_concept"": ""TCP_IP_MODEL"", ""extracted_at"": ""2026-08-03T12:28:05.455153""}"	2026-08-03T12:28:05.455155	2026-08-03T12:28:05.455156	"[""TCP_IP_MODEL""]"
KW_SUITE	suite	Token from concept 'The TCP/IP Model': suite	"{""source"": ""concept_extraction"", ""source_concept"": ""TCP_IP_MODEL"", ""extracted_at"": ""2026-08-03T12:28:05.455158""}"	2026-08-03T12:28:05.455160	2026-08-03T12:28:05.455161	"[""TCP_IP_MODEL""]"
KW_ADDRESSING	addressing	Token from concept 'IPv4 vs. IPv6': addressing	"{""source"": ""concept_extraction"", ""source_concept"": ""IPV4_VS_IPV6"", ""extracted_at"": ""2026-08-03T12:28:05.455166""}"	2026-08-03T12:28:05.455169	2026-08-03T12:28:05.455169	"[""IPV4_VS_IPV6""]"
KW_SUBNET	subnet	Token from concept 'Subnetting': subnet	"{""source"": ""concept_extraction"", ""source_concept"": ""SUBNETTING"", ""extracted_at"": ""2026-08-03T12:28:05.455178""}"	2026-08-03T12:28:05.455180	2026-08-03T12:28:05.455181	"[""SUBNETTING""]"
KW_SUBNETTING	subnetting	Token from concept 'Subnetting': subnetting	"{""source"": ""concept_extraction"", ""source_concept"": ""SUBNETTING"", ""extracted_at"": ""2026-08-03T12:28:05.455183""}"	2026-08-03T12:28:05.455185	2026-08-03T12:28:05.455186	"[""SUBNETTING""]"
KW_OPTIMIZATION	optimization	Token from concept 'Greedy Algorithms': optimization	"{""source"": ""concept_extraction"", ""source_concept"": ""GREEDY_ALGORITHMS"", ""extracted_at"": ""2026-08-03T12:28:05.455195""}"	2026-08-03T12:28:05.455197	2026-08-03T12:28:05.455198	"[""GREEDY_ALGORITHMS""]"
KW_CONQUER	conquer	Token from concept 'Divide and Conquer': conquer	"{""source"": ""concept_extraction"", ""source_concept"": ""DIVIDE_CONQUER"", ""extracted_at"": ""2026-08-03T12:28:05.455209""}"	2026-08-03T12:28:05.455211	2026-08-03T12:28:05.455212	"[""DIVIDE_CONQUER""]"
KW_TABULATION	tabulation	Token from concept 'Dynamic Programming': tabulation	"{""source"": ""concept_extraction"", ""source_concept"": ""DYNAMIC_PROGRAMMING"", ""extracted_at"": ""2026-08-03T12:28:05.455218""}"	2026-08-03T12:28:05.455221	2026-08-03T12:28:05.455221	"[""DYNAMIC_PROGRAMMING""]"
KW_DYNAMIC	dynamic	Token from concept 'Dynamic Programming': dynamic	"{""source"": ""concept_extraction"", ""source_concept"": ""DYNAMIC_PROGRAMMING"", ""extracted_at"": ""2026-08-03T12:28:05.455223""}"	2026-08-03T12:28:05.455226	2026-08-03T12:28:05.455226	"[""DYNAMIC_PROGRAMMING""]"
KW_NOTATION	notation	Token from concept 'Big O Notation': notation	"{""source"": ""concept_extraction"", ""source_concept"": ""BIG_O_NOTATION"", ""extracted_at"": ""2026-08-03T12:28:05.455237""}"	2026-08-03T12:28:05.455239	2026-08-03T12:28:05.455240	"[""BIG_O_NOTATION""]"
KW_COMPLEXITY	complexity	Token from concept 'Big O Notation': complexity	"{""source"": ""concept_extraction"", ""source_concept"": ""BIG_O_NOTATION"", ""extracted_at"": ""2026-08-03T12:28:05.455242""}"	2026-08-03T12:28:05.455244	2026-08-03T12:28:05.455245	"[""BIG_O_NOTATION""]"
KW_LINEAR	linear	Token from concept 'Linear vs. Binary Search': linear	"{""source"": ""concept_extraction"", ""source_concept"": ""LINEAR_BINARY_SEARCH"", ""extracted_at"": ""2026-08-03T12:28:05.455253""}"	2026-08-03T12:28:05.455255	2026-08-03T12:28:05.455256	"[""LINEAR_BINARY_SEARCH""]"
KW_ALGORITHM	algorithm	Token from concept 'Linear vs. Binary Search': algorithm	"{""source"": ""concept_extraction"", ""source_concept"": ""LINEAR_BINARY_SEARCH"", ""extracted_at"": ""2026-08-03T12:28:05.455258""}"	2026-08-03T12:28:05.455260	2026-08-03T12:28:05.455261	"[""LINEAR_BINARY_SEARCH""]"
KW_BINARY	binary	Token from concept 'Linear vs. Binary Search': binary	"{""source"": ""concept_extraction"", ""source_concept"": ""LINEAR_BINARY_SEARCH"", ""extracted_at"": ""2026-08-03T12:28:05.455263""}"	2026-08-03T12:28:05.455265	2026-08-03T12:28:05.455266	"[""LINEAR_BINARY_SEARCH""]"
KW_BUBBLE	bubble	Token from concept 'Bubble Sort & Insertion Sort': bubble	"{""source"": ""concept_extraction"", ""source_concept"": ""BUBBLE_INSERTION_SORT"", ""extracted_at"": ""2026-08-03T12:28:05.455273""}"	2026-08-03T12:28:05.455275	2026-08-03T12:28:05.455276	"[""BUBBLE_INSERTION_SORT""]"
KW_SORTING	sorting	Token from concept 'Bubble Sort & Insertion Sort': sorting	"{""source"": ""concept_extraction"", ""source_concept"": ""BUBBLE_INSERTION_SORT"", ""extracted_at"": ""2026-08-03T12:28:05.455278""}"	2026-08-03T12:28:05.455281	2026-08-03T12:28:05.455282	"[""BUBBLE_INSERTION_SORT""]"
KW_INSERTION	insertion	Token from concept 'Bubble Sort & Insertion Sort': insertion	"{""source"": ""concept_extraction"", ""source_concept"": ""BUBBLE_INSERTION_SORT"", ""extracted_at"": ""2026-08-03T12:28:05.455285""}"	2026-08-03T12:28:05.455288	2026-08-03T12:28:05.455289	"[""BUBBLE_INSERTION_SORT""]"
KW_TABLES	tables	Token from concept 'Truth Tables': tables	"{""source"": ""concept_extraction"", ""source_concept"": ""TRUTH_TABLES"", ""extracted_at"": ""2026-08-03T12:28:05.455297""}"	2026-08-03T12:28:05.455299	2026-08-03T12:28:05.455300	"[""TRUTH_TABLES""]"
KW_TABLE	table	Token from concept 'Truth Tables': table	"{""source"": ""concept_extraction"", ""source_concept"": ""TRUTH_TABLES"", ""extracted_at"": ""2026-08-03T12:28:05.455302""}"	2026-08-03T12:28:05.455304	2026-08-03T12:28:05.455305	"[""TRUTH_TABLES""]"
KW_LOGIC	logic	Token from concept 'Truth Tables': logic	"{""source"": ""concept_extraction"", ""source_concept"": ""TRUTH_TABLES"", ""extracted_at"": ""2026-08-03T12:28:05.455307""}"	2026-08-03T12:28:05.455310	2026-08-03T12:28:05.455311	"[""TRUTH_TABLES""]"
KW_PROPOSITIONAL	propositional	Token from concept 'Truth Tables': propositional	"{""source"": ""concept_extraction"", ""source_concept"": ""TRUTH_TABLES"", ""extracted_at"": ""2026-08-03T12:28:05.455315""}"	2026-08-03T12:28:05.455318	2026-08-03T12:28:05.455319	"[""TRUTH_TABLES""]"
KW_TRUTH	truth	Token from concept 'Truth Tables': truth	"{""source"": ""concept_extraction"", ""source_concept"": ""TRUTH_TABLES"", ""extracted_at"": ""2026-08-03T12:28:05.455322""}"	2026-08-03T12:28:05.455327	2026-08-03T12:28:05.455328	"[""TRUTH_TABLES""]"
KW_GATES	gates	Token from concept 'Logic Gates (AND, OR, NOT)': gates	"{""source"": ""concept_extraction"", ""source_concept"": ""LOGIC_GATES"", ""extracted_at"": ""2026-08-03T12:28:05.455337""}"	2026-08-03T12:28:05.455340	2026-08-03T12:28:05.455340	"[""LOGIC_GATES""]"
KW_DECLARATION	declaration	Token from concept 'Declaring Primitive Types': declaration	"{""source"": ""concept_extraction"", ""source_concept"": ""PRIMITIVE_TYPE_DECLARATION"", ""extracted_at"": ""2026-08-03T12:28:05.455349""}"	2026-08-03T12:28:05.455351	2026-08-03T12:28:05.455352	"[""PRIMITIVE_TYPE_DECLARATION""]"
KW_DECLARING	declaring	Token from concept 'Declaring Primitive Types': declaring	"{""source"": ""concept_extraction"", ""source_concept"": ""PRIMITIVE_TYPE_DECLARATION"", ""extracted_at"": ""2026-08-03T12:28:05.455355""}"	2026-08-03T12:28:05.455358	2026-08-03T12:28:05.455359	"[""PRIMITIVE_TYPE_DECLARATION""]"
KW_PRIMITIVE	primitive	Token from concept 'Declaring Primitive Types': primitive	"{""source"": ""concept_extraction"", ""source_concept"": ""PRIMITIVE_TYPE_DECLARATION"", ""extracted_at"": ""2026-08-03T12:28:05.455361""}"	2026-08-03T12:28:05.455363	2026-08-03T12:28:05.455364	"[""PRIMITIVE_TYPE_DECLARATION""]"
KW_REFERENCE	reference	Token from concept 'Declaring Reference Types': reference	"{""source"": ""concept_extraction"", ""source_concept"": ""REFERENCE_TYPE_DECLARATION"", ""extracted_at"": ""2026-08-03T12:28:05.455371""}"	2026-08-03T12:28:05.455373	2026-08-03T12:28:05.455374	"[""REFERENCE_TYPE_DECLARATION""]"
KW_CONDITIONAL	conditional	Token from concept 'If-Else Statement': conditional	"{""source"": ""concept_extraction"", ""source_concept"": ""IF_ELSE_STATEMENT"", ""extracted_at"": ""2026-08-03T12:28:05.455384""}"	2026-08-03T12:28:05.455386	2026-08-03T12:28:05.455387	"[""IF_ELSE_STATEMENT""]"
KW_STATEMENT	statement	Token from concept 'If-Else Statement': statement	"{""source"": ""concept_extraction"", ""source_concept"": ""IF_ELSE_STATEMENT"", ""extracted_at"": ""2026-08-03T12:28:05.455391""}"	2026-08-03T12:28:05.455393	2026-08-03T12:28:05.455394	"[""IF_ELSE_STATEMENT""]"
KW_MULTI	multi	Token from concept 'Switch-Case Statement': multi	"{""source"": ""concept_extraction"", ""source_concept"": ""SWITCH_CASE"", ""extracted_at"": ""2026-08-03T12:28:05.455402""}"	2026-08-03T12:28:05.455404	2026-08-03T12:28:05.455405	"[""SWITCH_CASE""]"
KW_WAY	way	Token from concept 'Switch-Case Statement': way	"{""source"": ""concept_extraction"", ""source_concept"": ""SWITCH_CASE"", ""extracted_at"": ""2026-08-03T12:28:05.455409""}"	2026-08-03T12:28:05.455411	2026-08-03T12:28:05.455412	"[""SWITCH_CASE""]"
KW_ITERATION	iteration	Token from concept 'For Loop': iteration	"{""source"": ""concept_extraction"", ""source_concept"": ""FOR_LOOP"", ""extracted_at"": ""2026-08-03T12:28:05.455419""}"	2026-08-03T12:28:05.455421	2026-08-03T12:28:05.455422	"[""FOR_LOOP""]"
KW_REPETITION	repetition	Token from concept 'For Loop': repetition	"{""source"": ""concept_extraction"", ""source_concept"": ""FOR_LOOP"", ""extracted_at"": ""2026-08-03T12:28:05.455425""}"	2026-08-03T12:28:05.455427	2026-08-03T12:28:05.455428	"[""FOR_LOOP""]"
KW_LOOPING	looping	Token from concept 'For Loop': looping	"{""source"": ""concept_extraction"", ""source_concept"": ""FOR_LOOP"", ""extracted_at"": ""2026-08-03T12:28:05.455431""}"	2026-08-03T12:28:05.455434	2026-08-03T12:28:05.455434	"[""FOR_LOOP""]"
KW_CONDITION	condition	Token from concept 'While Loop': condition	"{""source"": ""concept_extraction"", ""source_concept"": ""WHILE_LOOP"", ""extracted_at"": ""2026-08-03T12:28:05.455442""}"	2026-08-03T12:28:05.455444	2026-08-03T12:28:05.455445	"[""WHILE_LOOP""]"
KW_ADD	add	Token from concept 'List Operations': add	"{""source"": ""concept_extraction"", ""source_concept"": ""LIST_OPERATIONS"", ""extracted_at"": ""2026-08-03T12:28:05.455467""}"	2026-08-03T12:28:05.455469	2026-08-03T12:28:05.455470	"[""LIST_OPERATIONS""]"
KW_REMOVE	remove	Token from concept 'List Operations': remove	"{""source"": ""concept_extraction"", ""source_concept"": ""LIST_OPERATIONS"", ""extracted_at"": ""2026-08-03T12:28:05.455472""}"	2026-08-03T12:28:05.455474	2026-08-03T12:28:05.455475	"[""LIST_OPERATIONS""]"
KW_ASSERTION	assertion	Token from concept 'Unit Testing': assertion	"{""source"": ""concept_extraction"", ""source_concept"": ""UNIT_TESTING"", ""extracted_at"": ""2026-08-03T12:28:05.455483""}"	2026-08-03T12:28:05.455485	2026-08-03T12:28:05.455486	"[""UNIT_TESTING""]"
KW_TESTING	testing	Token from concept 'Unit Testing': testing	"{""source"": ""concept_extraction"", ""source_concept"": ""UNIT_TESTING"", ""extracted_at"": ""2026-08-03T12:28:05.455488""}"	2026-08-03T12:28:05.455490	2026-08-03T12:28:05.455491	"[""UNIT_TESTING""]"
KW_BREAKPOINT	breakpoint	Token from concept 'Using Breakpoints': breakpoint	"{""source"": ""concept_extraction"", ""source_concept"": ""BREAKPOINTS"", ""extracted_at"": ""2026-08-03T12:28:05.455498""}"	2026-08-03T12:28:05.455500	2026-08-03T12:28:05.455501	"[""BREAKPOINTS""]"
KW_USING	using	Token from concept 'Using Breakpoints': using	"{""source"": ""concept_extraction"", ""source_concept"": ""BREAKPOINTS"", ""extracted_at"": ""2026-08-03T12:28:05.455503""}"	2026-08-03T12:28:05.455505	2026-08-03T12:28:05.455506	"[""BREAKPOINTS""]"
KW_BREAKPOINTS	breakpoints	Token from concept 'Using Breakpoints': breakpoints	"{""source"": ""concept_extraction"", ""source_concept"": ""BREAKPOINTS"", ""extracted_at"": ""2026-08-03T12:28:05.455508""}"	2026-08-03T12:28:05.455510	2026-08-03T12:28:05.455511	"[""BREAKPOINTS""]"
KW_DEBUGGER	debugger	Token from concept 'Using Breakpoints': debugger	"{""source"": ""concept_extraction"", ""source_concept"": ""BREAKPOINTS"", ""extracted_at"": ""2026-08-03T12:28:05.455513""}"	2026-08-03T12:28:05.455515	2026-08-03T12:28:05.455516	"[""BREAKPOINTS""]"
KW_STRUCTURE	structure	Token from concept 'HTML Document Structure': structure	"{""source"": ""concept_extraction"", ""source_concept"": ""HTML_STRUCTURE"", ""extracted_at"": ""2026-08-03T12:28:05.455522""}"	2026-08-03T12:28:05.455524	2026-08-03T12:28:05.455525	"[""HTML_STRUCTURE""]"
KW_DOCUMENT	document	Token from concept 'HTML Document Structure': document	"{""source"": ""concept_extraction"", ""source_concept"": ""HTML_STRUCTURE"", ""extracted_at"": ""2026-08-03T12:28:05.455527""}"	2026-08-03T12:28:05.455529	2026-08-03T12:28:05.455530	"[""HTML_STRUCTURE""]"
KW_HEAD	head	Token from concept 'HTML Document Structure': head	"{""source"": ""concept_extraction"", ""source_concept"": ""HTML_STRUCTURE"", ""extracted_at"": ""2026-08-03T12:28:05.455533""}"	2026-08-03T12:28:05.455535	2026-08-03T12:28:05.455535	"[""HTML_STRUCTURE""]"
KW_SELECTORS	selectors	Token from concept 'CSS Selectors': selectors	"{""source"": ""concept_extraction"", ""source_concept"": ""CSS_SELECTORS"", ""extracted_at"": ""2026-08-03T12:28:05.455541""}"	2026-08-03T12:28:05.455543	2026-08-03T12:28:05.455544	"[""CSS_SELECTORS""]"
KW_STYLING	styling	Token from concept 'CSS Selectors': styling	"{""source"": ""concept_extraction"", ""source_concept"": ""CSS_SELECTORS"", ""extracted_at"": ""2026-08-03T12:28:05.455546""}"	2026-08-03T12:28:05.455548	2026-08-03T12:28:05.455549	"[""CSS_SELECTORS""]"
KW_MUTATION	mutation	Token from concept 'DOM Manipulation': mutation	"{""source"": ""concept_extraction"", ""source_concept"": ""DOM_MANIPULATION"", ""extracted_at"": ""2026-08-03T12:28:05.455562""}"	2026-08-03T12:28:05.455567	2026-08-03T12:28:05.455567	"[""DOM_MANIPULATION""]"
KW_SIDE	side	Token from concept 'DOM Manipulation': side	"{""source"": ""concept_extraction"", ""source_concept"": ""DOM_MANIPULATION"", ""extracted_at"": ""2026-08-03T12:28:05.455570""}"	2026-08-03T12:28:05.455572	2026-08-03T12:28:05.455573	"[""DOM_MANIPULATION""]"
KW_QUERY	query	Token from concept 'DOM Manipulation': query	"{""source"": ""concept_extraction"", ""source_concept"": ""DOM_MANIPULATION"", ""extracted_at"": ""2026-08-03T12:28:05.455575""}"	2026-08-03T12:28:05.455577	2026-08-03T12:28:05.455578	"[""DOM_MANIPULATION""]"
KW_ELEMENT	element	Token from concept 'DOM Manipulation': element	"{""source"": ""concept_extraction"", ""source_concept"": ""DOM_MANIPULATION"", ""extracted_at"": ""2026-08-03T12:28:05.455581""}"	2026-08-03T12:28:05.455583	2026-08-03T12:28:05.455584	"[""DOM_MANIPULATION""]"
KW_CONTENT	content	Token from concept 'DOM Manipulation': content	"{""source"": ""concept_extraction"", ""source_concept"": ""DOM_MANIPULATION"", ""extracted_at"": ""2026-08-03T12:28:05.455587""}"	2026-08-03T12:28:05.455589	2026-08-03T12:28:05.455590	"[""DOM_MANIPULATION""]"
KW_SCRIPTING	scripting	Token from concept 'DOM Manipulation': scripting	"{""source"": ""concept_extraction"", ""source_concept"": ""DOM_MANIPULATION"", ""extracted_at"": ""2026-08-03T12:28:05.455592""}"	2026-08-03T12:28:05.455594	2026-08-03T12:28:05.455595	"[""DOM_MANIPULATION""]"
KW_CLIENT	client	Token from concept 'DOM Manipulation': client	"{""source"": ""concept_extraction"", ""source_concept"": ""DOM_MANIPULATION"", ""extracted_at"": ""2026-08-03T12:28:05.455597""}"	2026-08-03T12:28:05.455599	2026-08-03T12:28:05.455600	"[""DOM_MANIPULATION""]"
KW_POP	pop	Token from concept 'Stack Operations (Push/Pop)': pop	"{""source"": ""concept_extraction"", ""source_concept"": ""STACK_OPERATIONS"", ""extracted_at"": ""2026-08-03T12:28:05.455613""}"	2026-08-03T12:28:05.455616	2026-08-03T12:28:05.455616	"[""STACK_OPERATIONS""]"
KW_DEQUEUE	dequeue	Token from concept 'Queue Operations (Enqueue/Dequeue)': dequeue	"{""source"": ""concept_extraction"", ""source_concept"": ""QUEUE_OPERATIONS"", ""extracted_at"": ""2026-08-03T12:28:05.455624""}"	2026-08-03T12:28:05.455627	2026-08-03T12:28:05.455627	"[""QUEUE_OPERATIONS""]"
KW_ENQUEUE	enqueue	Token from concept 'Queue Operations (Enqueue/Dequeue)': enqueue	"{""source"": ""concept_extraction"", ""source_concept"": ""QUEUE_OPERATIONS"", ""extracted_at"": ""2026-08-03T12:28:05.455629""}"	2026-08-03T12:28:05.455632	2026-08-03T12:28:05.455632	"[""QUEUE_OPERATIONS""]"
KW_DEFINITIONS	definitions	Token from concept 'AI vs. ML vs. Deep Learning': definitions	"{""source"": ""concept_extraction"", ""source_concept"": ""AI_VS_ML"", ""extracted_at"": ""2026-08-03T12:28:05.455640""}"	2026-08-03T12:28:05.455642	2026-08-03T12:28:05.455643	"[""AI_VS_ML""]"
KW_EMPATHY	empathy	Token from concept 'Creating User Personas': empathy	"{""source"": ""concept_extraction"", ""source_concept"": ""USER_PERSONAS"", ""extracted_at"": ""2026-08-03T12:28:05.455653""}"	2026-08-03T12:28:05.455655	2026-08-03T12:28:05.455656	"[""USER_PERSONAS""]"
KW_CREATING	creating	Token from concept 'Creating User Personas': creating	"{""source"": ""concept_extraction"", ""source_concept"": ""USER_PERSONAS"", ""extracted_at"": ""2026-08-03T12:28:05.455659""}"	2026-08-03T12:28:05.455661	2026-08-03T12:28:05.455662	"[""USER_PERSONAS""]"
KW_RESEARCH	research	Token from concept 'Creating User Personas': research	"{""source"": ""concept_extraction"", ""source_concept"": ""USER_PERSONAS"", ""extracted_at"": ""2026-08-03T12:28:05.455665""}"	2026-08-03T12:28:05.455667	2026-08-03T12:28:05.455668	"[""USER_PERSONAS""]"
KW_USABILITY	usability	Token from concept 'Usability Testing': usability	"{""source"": ""concept_extraction"", ""source_concept"": ""USABILITY_TESTING"", ""extracted_at"": ""2026-08-03T12:28:05.455675""}"	2026-08-03T12:28:05.455677	2026-08-03T12:28:05.455678	"[""USABILITY_TESTING""]"
KW_PASSWORDS	passwords	Token from concept 'Strong Passwords': passwords	"{""source"": ""concept_extraction"", ""source_concept"": ""PASSWORD_STRENGTH_CONCEPT"", ""extracted_at"": ""2026-08-03T12:28:05.455685""}"	2026-08-03T12:28:05.455687	2026-08-03T12:28:05.455688	"[""PASSWORD_STRENGTH_CONCEPT""]"
KW_PASSWORD	password	Token from concept 'Strong Passwords': password	"{""source"": ""concept_extraction"", ""source_concept"": ""PASSWORD_STRENGTH_CONCEPT"", ""extracted_at"": ""2026-08-03T12:28:05.455690""}"	2026-08-03T12:28:05.455692	2026-08-03T12:28:05.455693	"[""PASSWORD_STRENGTH_CONCEPT""]"
KW_AUTHENTICATION	authentication	Token from concept 'Strong Passwords': authentication	"{""source"": ""concept_extraction"", ""source_concept"": ""PASSWORD_STRENGTH_CONCEPT"", ""extracted_at"": ""2026-08-03T12:28:05.455695""}"	2026-08-03T12:28:05.455697	2026-08-03T12:28:05.455698	"[""PASSWORD_STRENGTH_CONCEPT""]"
KW_SCAM	scam	Token from concept 'Identifying Phishing Attempts': scam	"{""source"": ""concept_extraction"", ""source_concept"": ""PHISHING_IDENTIFICATION"", ""extracted_at"": ""2026-08-03T12:28:05.455706""}"	2026-08-03T12:28:05.455708	2026-08-03T12:28:05.455709	"[""PHISHING_IDENTIFICATION""]"
KW_ENGINEERING	engineering	Token from concept 'Identifying Phishing Attempts': engineering	"{""source"": ""concept_extraction"", ""source_concept"": ""PHISHING_IDENTIFICATION"", ""extracted_at"": ""2026-08-03T12:28:05.455711""}"	2026-08-03T12:28:05.455713	2026-08-03T12:28:05.455714	"[""PHISHING_IDENTIFICATION""]"
KW_SOCIAL	social	Token from concept 'Identifying Phishing Attempts': social	"{""source"": ""concept_extraction"", ""source_concept"": ""PHISHING_IDENTIFICATION"", ""extracted_at"": ""2026-08-03T12:28:05.455716""}"	2026-08-03T12:28:05.455718	2026-08-03T12:28:05.455719	"[""PHISHING_IDENTIFICATION""]"
KW_ATTEMPTS	attempts	Token from concept 'Identifying Phishing Attempts': attempts	"{""source"": ""concept_extraction"", ""source_concept"": ""PHISHING_IDENTIFICATION"", ""extracted_at"": ""2026-08-03T12:28:05.455723""}"	2026-08-03T12:28:05.455725	2026-08-03T12:28:05.455725	"[""PHISHING_IDENTIFICATION""]"
KW_PHISHING	phishing	Token from concept 'Identifying Phishing Attempts': phishing	"{""source"": ""concept_extraction"", ""source_concept"": ""PHISHING_IDENTIFICATION"", ""extracted_at"": ""2026-08-03T12:28:05.455728""}"	2026-08-03T12:28:05.455730	2026-08-03T12:28:05.455731	"[""PHISHING_IDENTIFICATION""]"
KW_IDENTIFYING	identifying	Token from concept 'Identifying Phishing Attempts': identifying	"{""source"": ""concept_extraction"", ""source_concept"": ""PHISHING_IDENTIFICATION"", ""extracted_at"": ""2026-08-03T12:28:05.455733""}"	2026-08-03T12:28:05.455735	2026-08-03T12:28:05.455736	"[""PHISHING_IDENTIFICATION""]"
KW_EMAIL	email	Token from concept 'Identifying Phishing Attempts': email	"{""source"": ""concept_extraction"", ""source_concept"": ""PHISHING_IDENTIFICATION"", ""extracted_at"": ""2026-08-03T12:28:05.455738""}"	2026-08-03T12:28:05.455740	2026-08-03T12:28:05.455740	"[""PHISHING_IDENTIFICATION""]"
KW_ERRORS	errors	Token from concept 'Logical Errors': errors	"{""source"": ""concept_extraction"", ""source_concept"": ""LOGIC_ERRORS"", ""extracted_at"": ""2026-08-03T12:28:05.455746""}"	2026-08-03T12:28:05.455748	2026-08-03T12:28:05.455749	"[""LOGIC_ERRORS""]"
KW_LOGICAL	logical	Token from concept 'Logical Errors': logical	"{""source"": ""concept_extraction"", ""source_concept"": ""LOGIC_ERRORS"", ""extracted_at"": ""2026-08-03T12:28:05.455751""}"	2026-08-03T12:28:05.455753	2026-08-03T12:28:05.455754	"[""LOGIC_ERRORS""]"
KW_INCORRECT	incorrect	Token from concept 'Logical Errors': incorrect	"{""source"": ""concept_extraction"", ""source_concept"": ""LOGIC_ERRORS"", ""extracted_at"": ""2026-08-03T12:28:05.455756""}"	2026-08-03T12:28:05.455758	2026-08-03T12:28:05.455759	"[""LOGIC_ERRORS""]"
KW_OUTPUT	output	Token from concept 'Logical Errors': output	"{""source"": ""concept_extraction"", ""source_concept"": ""LOGIC_ERRORS"", ""extracted_at"": ""2026-08-03T12:28:05.455762""}"	2026-08-03T12:28:05.455764	2026-08-03T12:28:05.455765	"[""LOGIC_ERRORS""]"
KW_BUG	bug	Token from concept 'Logical Errors': bug	"{""source"": ""concept_extraction"", ""source_concept"": ""LOGIC_ERRORS"", ""extracted_at"": ""2026-08-03T12:28:05.455767""}"	2026-08-03T12:28:05.455769	2026-08-03T12:28:05.455770	"[""LOGIC_ERRORS""]"
KW_PARSING	parsing	Token from concept 'Syntax Errors': parsing	"{""source"": ""concept_extraction"", ""source_concept"": ""SYNTAX_ERRORS"", ""extracted_at"": ""2026-08-03T12:28:05.455776""}"	2026-08-03T12:28:05.455778	2026-08-03T12:28:05.455779	"[""SYNTAX_ERRORS""]"
KW_SYNTAX	syntax	Token from concept 'Syntax Errors': syntax	"{""source"": ""concept_extraction"", ""source_concept"": ""SYNTAX_ERRORS"", ""extracted_at"": ""2026-08-03T12:28:05.455782""}"	2026-08-03T12:28:05.455784	2026-08-03T12:28:05.455785	"[""SYNTAX_ERRORS""]"
KW_COMPILER	compiler	Token from concept 'Syntax Errors': compiler	"{""source"": ""concept_extraction"", ""source_concept"": ""SYNTAX_ERRORS"", ""extracted_at"": ""2026-08-03T12:28:05.455787""}"	2026-08-03T12:28:05.455790	2026-08-03T12:28:05.455790	"[""SYNTAX_ERRORS""]"
KW_CRASH	crash	Token from concept 'Runtime Errors': crash	"{""source"": ""concept_extraction"", ""source_concept"": ""RUNTIME_ERRORS"", ""extracted_at"": ""2026-08-03T12:28:05.455796""}"	2026-08-03T12:28:05.455800	2026-08-03T12:28:05.455801	"[""RUNTIME_ERRORS""]"
KW_RUNTIME	runtime	Token from concept 'Runtime Errors': runtime	"{""source"": ""concept_extraction"", ""source_concept"": ""RUNTIME_ERRORS"", ""extracted_at"": ""2026-08-03T12:28:05.455804""}"	2026-08-03T12:28:05.455806	2026-08-03T12:28:05.455807	"[""RUNTIME_ERRORS""]"
KW_EXCEPTION	exception	Token from concept 'Runtime Errors': exception	"{""source"": ""concept_extraction"", ""source_concept"": ""RUNTIME_ERRORS"", ""extracted_at"": ""2026-08-03T12:28:05.455809""}"	2026-08-03T12:28:05.455811	2026-08-03T12:28:05.455812	"[""RUNTIME_ERRORS""]"
KW_INTEGRATION	integration	Token from concept 'API Integration': integration	"{""source"": ""concept_extraction"", ""source_concept"": ""API_INTEGRATION"", ""extracted_at"": ""2026-08-03T12:28:05.455818""}"	2026-08-03T12:28:05.455820	2026-08-03T12:28:05.455821	"[""API_INTEGRATION""]"
KW_STYLE	style	Token from concept 'REST Architectural Principles': style	"{""source"": ""concept_extraction"", ""source_concept"": ""REST_PRINCIPLES"", ""extracted_at"": ""2026-08-03T12:28:05.455828""}"	2026-08-03T12:28:05.455831	2026-08-03T12:28:05.455832	"[""REST_PRINCIPLES""]"
KW_ARCHITECTURAL	architectural	Token from concept 'REST Architectural Principles': architectural	"{""source"": ""concept_extraction"", ""source_concept"": ""REST_PRINCIPLES"", ""extracted_at"": ""2026-08-03T12:28:05.455836""}"	2026-08-03T12:28:05.455838	2026-08-03T12:28:05.455839	"[""REST_PRINCIPLES""]"
KW_STATELESS	stateless	Token from concept 'REST Architectural Principles': stateless	"{""source"": ""concept_extraction"", ""source_concept"": ""REST_PRINCIPLES"", ""extracted_at"": ""2026-08-03T12:28:05.455842""}"	2026-08-03T12:28:05.455844	2026-08-03T12:28:05.455845	"[""REST_PRINCIPLES""]"
KW_NORMALIZATION	normalization	Token from concept 'Database Normalization': normalization	"{""source"": ""concept_extraction"", ""source_concept"": ""DATABASE_NORMALIZATION"", ""extracted_at"": ""2026-08-03T12:28:05.455852""}"	2026-08-03T12:28:05.455854	2026-08-03T12:28:05.455855	"[""DATABASE_NORMALIZATION""]"
KW_DATABASE	database	Token from concept 'Database Normalization': database	"{""source"": ""concept_extraction"", ""source_concept"": ""DATABASE_NORMALIZATION"", ""extracted_at"": ""2026-08-03T12:28:05.455857""}"	2026-08-03T12:28:05.455859	2026-08-03T12:28:05.455860	"[""DATABASE_NORMALIZATION""]"
KW_MEDIAN	median	Token from concept 'Basic Statistical Measures': median	"{""source"": ""concept_extraction"", ""source_concept"": ""STATISTICAL_MEASURES"", ""extracted_at"": ""2026-08-03T12:28:05.455866""}"	2026-08-03T12:28:05.455868	2026-08-03T12:28:05.455869	"[""STATISTICAL_MEASURES""]"
KW_STANDARD	standard	Token from concept 'Basic Statistical Measures': standard	"{""source"": ""concept_extraction"", ""source_concept"": ""STATISTICAL_MEASURES"", ""extracted_at"": ""2026-08-03T12:28:05.455871""}"	2026-08-03T12:28:05.455873	2026-08-03T12:28:05.455874	"[""STATISTICAL_MEASURES""]"
KW_STATISTICAL	statistical	Token from concept 'Basic Statistical Measures': statistical	"{""source"": ""concept_extraction"", ""source_concept"": ""STATISTICAL_MEASURES"", ""extracted_at"": ""2026-08-03T12:28:05.455876""}"	2026-08-03T12:28:05.455878	2026-08-03T12:28:05.455879	"[""STATISTICAL_MEASURES""]"
KW_STATISTICS	statistics	Token from concept 'Basic Statistical Measures': statistics	"{""source"": ""concept_extraction"", ""source_concept"": ""STATISTICAL_MEASURES"", ""extracted_at"": ""2026-08-03T12:28:05.455881""}"	2026-08-03T12:28:05.455883	2026-08-03T12:28:05.455884	"[""STATISTICAL_MEASURES""]"
KW_MEASURES	measures	Token from concept 'Basic Statistical Measures': measures	"{""source"": ""concept_extraction"", ""source_concept"": ""STATISTICAL_MEASURES"", ""extracted_at"": ""2026-08-03T12:28:05.455886""}"	2026-08-03T12:28:05.455888	2026-08-03T12:28:05.455889	"[""STATISTICAL_MEASURES""]"
KW_DEVIATION	deviation	Token from concept 'Basic Statistical Measures': deviation	"{""source"": ""concept_extraction"", ""source_concept"": ""STATISTICAL_MEASURES"", ""extracted_at"": ""2026-08-03T12:28:05.455892""}"	2026-08-03T12:28:05.455894	2026-08-03T12:28:05.455895	"[""STATISTICAL_MEASURES""]"
KW_MEAN	mean	Token from concept 'Basic Statistical Measures': mean	"{""source"": ""concept_extraction"", ""source_concept"": ""STATISTICAL_MEASURES"", ""extracted_at"": ""2026-08-03T12:28:05.455897""}"	2026-08-03T12:28:05.455899	2026-08-03T12:28:05.455900	"[""STATISTICAL_MEASURES""]"
KW_SAMPLE	sample	Token from concept 'Basic Probability': sample	"{""source"": ""concept_extraction"", ""source_concept"": ""PROBABILITY_BASICS"", ""extracted_at"": ""2026-08-03T12:28:05.455906""}"	2026-08-03T12:28:05.455909	2026-08-03T12:28:05.455909	"[""PROBABILITY_BASICS""]"
KW_PROBABILITY	probability	Token from concept 'Basic Probability': probability	"{""source"": ""concept_extraction"", ""source_concept"": ""PROBABILITY_BASICS"", ""extracted_at"": ""2026-08-03T12:28:05.455914""}"	2026-08-03T12:28:05.455916	2026-08-03T12:28:05.455916	"[""PROBABILITY_BASICS""]"
KW_UNIFORM	uniform	Token from concept 'Basic Data Distributions': uniform	"{""source"": ""concept_extraction"", ""source_concept"": ""DATA_DISTRIBUTIONS"", ""extracted_at"": ""2026-08-03T12:28:05.455922""}"	2026-08-03T12:28:05.455924	2026-08-03T12:28:05.455925	"[""DATA_DISTRIBUTIONS""]"
KW_DISTRIBUTION	distribution	Token from concept 'Basic Data Distributions': distribution	"{""source"": ""concept_extraction"", ""source_concept"": ""DATA_DISTRIBUTIONS"", ""extracted_at"": ""2026-08-03T12:28:05.455927""}"	2026-08-03T12:28:05.455930	2026-08-03T12:28:05.455930	"[""DATA_DISTRIBUTIONS""]"
KW_NORMAL	normal	Token from concept 'Basic Data Distributions': normal	"{""source"": ""concept_extraction"", ""source_concept"": ""DATA_DISTRIBUTIONS"", ""extracted_at"": ""2026-08-03T12:28:05.455933""}"	2026-08-03T12:28:05.455936	2026-08-03T12:28:05.455936	"[""DATA_DISTRIBUTIONS""]"
KW_DISTRIBUTIONS	distributions	Token from concept 'Basic Data Distributions': distributions	"{""source"": ""concept_extraction"", ""source_concept"": ""DATA_DISTRIBUTIONS"", ""extracted_at"": ""2026-08-03T12:28:05.455940""}"	2026-08-03T12:28:05.455942	2026-08-03T12:28:05.455943	"[""DATA_DISTRIBUTIONS""]"
KW_DEFINITION	definition	Token from concept 'Class Definition': definition	"{""source"": ""concept_extraction"", ""source_concept"": ""CLASS_DEFINITION"", ""extracted_at"": ""2026-08-03T12:28:05.455949""}"	2026-08-03T12:28:05.455951	2026-08-03T12:28:05.455952	"[""CLASS_DEFINITION""]"
KW_INSTANCE	instance	Token from concept 'Object Instantiation': instance	"{""source"": ""concept_extraction"", ""source_concept"": ""OBJECT_INSTANTIATION"", ""extracted_at"": ""2026-08-03T12:28:05.455960""}"	2026-08-03T12:28:05.455963	2026-08-03T12:28:05.455964	"[""OBJECT_INSTANTIATION""]"
KW_CONSTRUCTOR	constructor	Token from concept 'Object Instantiation': constructor	"{""source"": ""concept_extraction"", ""source_concept"": ""OBJECT_INSTANTIATION"", ""extracted_at"": ""2026-08-03T12:28:05.455967""}"	2026-08-03T12:28:05.455969	2026-08-03T12:28:05.455970	"[""OBJECT_INSTANTIATION""]"
KW_INSTANTIATION	instantiation	Token from concept 'Object Instantiation': instantiation	"{""source"": ""concept_extraction"", ""source_concept"": ""OBJECT_INSTANTIATION"", ""extracted_at"": ""2026-08-03T12:28:05.455972""}"	2026-08-03T12:28:05.455974	2026-08-03T12:28:05.455975	"[""OBJECT_INSTANTIATION""]"
KW_SUBCLASS	subclass	Token from concept 'Inheritance Syntax': subclass	"{""source"": ""concept_extraction"", ""source_concept"": ""INHERITANCE_SYNTAX"", ""extracted_at"": ""2026-08-03T12:28:05.455980""}"	2026-08-03T12:28:05.455982	2026-08-03T12:28:05.455983	"[""INHERITANCE_SYNTAX""]"
KW_SUPERCLASS	superclass	Token from concept 'Inheritance Syntax': superclass	"{""source"": ""concept_extraction"", ""source_concept"": ""INHERITANCE_SYNTAX"", ""extracted_at"": ""2026-08-03T12:28:05.455985""}"	2026-08-03T12:28:05.455988	2026-08-03T12:28:05.455988	"[""INHERITANCE_SYNTAX""]"
KW_INHERITANCE	inheritance	Token from concept 'Inheritance Syntax': inheritance	"{""source"": ""concept_extraction"", ""source_concept"": ""INHERITANCE_SYNTAX"", ""extracted_at"": ""2026-08-03T12:28:05.455996""}"	2026-08-03T12:28:05.455998	2026-08-03T12:28:05.455999	"[""INHERITANCE_SYNTAX""]"
KW_METHOD	method	Token from concept 'Method Overriding': method	"{""source"": ""concept_extraction"", ""source_concept"": ""METHOD_OVERRIDING"", ""extracted_at"": ""2026-08-03T12:28:05.456004""}"	2026-08-03T12:28:05.456006	2026-08-03T12:28:05.456007	"[""METHOD_OVERRIDING""]"
KW_DISPATCH	dispatch	Token from concept 'Method Overriding': dispatch	"{""source"": ""concept_extraction"", ""source_concept"": ""METHOD_OVERRIDING"", ""extracted_at"": ""2026-08-03T12:28:05.456010""}"	2026-08-03T12:28:05.456012	2026-08-03T12:28:05.456013	"[""METHOD_OVERRIDING""]"
KW_OVERRIDING	overriding	Token from concept 'Method Overriding': overriding	"{""source"": ""concept_extraction"", ""source_concept"": ""METHOD_OVERRIDING"", ""extracted_at"": ""2026-08-03T12:28:05.456015""}"	2026-08-03T12:28:05.456017	2026-08-03T12:28:05.456018	"[""METHOD_OVERRIDING""]"
KW_POLYMORPHISM	polymorphism	Token from concept 'Method Overriding': polymorphism	"{""source"": ""concept_extraction"", ""source_concept"": ""METHOD_OVERRIDING"", ""extracted_at"": ""2026-08-03T12:28:05.456020""}"	2026-08-03T12:28:05.456022	2026-08-03T12:28:05.456023	"[""METHOD_OVERRIDING""]"
KW_MODIFIERS	modifiers	Token from concept 'Access Modifiers': modifiers	"{""source"": ""concept_extraction"", ""source_concept"": ""ACCESS_MODIFIERS"", ""extracted_at"": ""2026-08-03T12:28:05.456029""}"	2026-08-03T12:28:05.456031	2026-08-03T12:28:05.456031	"[""ACCESS_MODIFIERS""]"
KW_ENCAPSULATION	encapsulation	Token from concept 'Access Modifiers': encapsulation	"{""source"": ""concept_extraction"", ""source_concept"": ""ACCESS_MODIFIERS"", ""extracted_at"": ""2026-08-03T12:28:05.456035""}"	2026-08-03T12:28:05.456037	2026-08-03T12:28:05.456038	"[""ACCESS_MODIFIERS""]"
KW_VARIABLE	variable	Token from concept 'Static Members': variable	"{""source"": ""concept_extraction"", ""source_concept"": ""STATIC_MEMBERS_CONCEPT"", ""extracted_at"": ""2026-08-03T12:28:05.456046""}"	2026-08-03T12:28:05.456048	2026-08-03T12:28:05.456049	"[""STATIC_MEMBERS_CONCEPT""]"
KW_MEMBERS	members	Token from concept 'Static Members': members	"{""source"": ""concept_extraction"", ""source_concept"": ""STATIC_MEMBERS_CONCEPT"", ""extracted_at"": ""2026-08-03T12:28:05.456053""}"	2026-08-03T12:28:05.456056	2026-08-03T12:28:05.456056	"[""STATIC_MEMBERS_CONCEPT""]"
KW_FIRST	first	Token from concept 'First-Class & Higher-Order Functions': first	"{""source"": ""concept_extraction"", ""source_concept"": ""FIRST_CLASS_FUNCTIONS_CONCEPT"", ""extracted_at"": ""2026-08-03T12:28:05.456063""}"	2026-08-03T12:28:05.456065	2026-08-03T12:28:05.456066	"[""FIRST_CLASS_FUNCTIONS_CONCEPT""]"
KW_FUNCTIONS	functions	Token from concept 'First-Class & Higher-Order Functions': functions	"{""source"": ""concept_extraction"", ""source_concept"": ""FIRST_CLASS_FUNCTIONS_CONCEPT"", ""extracted_at"": ""2026-08-03T12:28:05.456068""}"	2026-08-03T12:28:05.456071	2026-08-03T12:28:05.456071	"[""FIRST_CLASS_FUNCTIONS_CONCEPT""]"
KW_HIGHER	higher	Token from concept 'First-Class & Higher-Order Functions': higher	"{""source"": ""concept_extraction"", ""source_concept"": ""FIRST_CLASS_FUNCTIONS_CONCEPT"", ""extracted_at"": ""2026-08-03T12:28:05.456073""}"	2026-08-03T12:28:05.456076	2026-08-03T12:28:05.456077	"[""FIRST_CLASS_FUNCTIONS_CONCEPT""]"
KW_CLOSURES	closures	Token from concept 'First-Class & Higher-Order Functions': closures	"{""source"": ""concept_extraction"", ""source_concept"": ""FIRST_CLASS_FUNCTIONS_CONCEPT"", ""extracted_at"": ""2026-08-03T12:28:05.456079""}"	2026-08-03T12:28:05.456082	2026-08-03T12:28:05.456083	"[""FIRST_CLASS_FUNCTIONS_CONCEPT""]"
KW_EFFECTS	effects	Token from concept 'Immutability and Pure Functions': effects	"{""source"": ""concept_extraction"", ""source_concept"": ""IMMUTABILITY_CONCEPT"", ""extracted_at"": ""2026-08-03T12:28:05.456096""}"	2026-08-03T12:28:05.456099	2026-08-03T12:28:05.456099	"[""IMMUTABILITY_CONCEPT""]"
KW_FUNCTIONAL	functional	Token from concept 'Immutability and Pure Functions': functional	"{""source"": ""concept_extraction"", ""source_concept"": ""IMMUTABILITY_CONCEPT"", ""extracted_at"": ""2026-08-03T12:28:05.456102""}"	2026-08-03T12:28:05.456104	2026-08-03T12:28:05.456105	"[""IMMUTABILITY_CONCEPT""]"
KW_IMMUTABILITY	immutability	Token from concept 'Immutability and Pure Functions': immutability	"{""source"": ""concept_extraction"", ""source_concept"": ""IMMUTABILITY_CONCEPT"", ""extracted_at"": ""2026-08-03T12:28:05.456107""}"	2026-08-03T12:28:05.456109	2026-08-03T12:28:05.456110	"[""IMMUTABILITY_CONCEPT""]"
KW_HANDLER	handler	Token from concept 'Events and Event Handling': handler	"{""source"": ""concept_extraction"", ""source_concept"": ""EVENT_HANDLERS_CONCEPT"", ""extracted_at"": ""2026-08-03T12:28:05.456117""}"	2026-08-03T12:28:05.456119	2026-08-03T12:28:05.456120	"[""EVENT_HANDLERS_CONCEPT""]"
KW_CALLBACK	callback	Token from concept 'Events and Event Handling': callback	"{""source"": ""concept_extraction"", ""source_concept"": ""EVENT_HANDLERS_CONCEPT"", ""extracted_at"": ""2026-08-03T12:28:05.456122""}"	2026-08-03T12:28:05.456124	2026-08-03T12:28:05.456125	"[""EVENT_HANDLERS_CONCEPT""]"
KW_LISTENER	listener	Token from concept 'Events and Event Handling': listener	"{""source"": ""concept_extraction"", ""source_concept"": ""EVENT_HANDLERS_CONCEPT"", ""extracted_at"": ""2026-08-03T12:28:05.456130""}"	2026-08-03T12:28:05.456132	2026-08-03T12:28:05.456133	"[""EVENT_HANDLERS_CONCEPT""]"
KW_BLOCKING	blocking	Token from concept 'Asynchronous Programming': blocking	"{""source"": ""concept_extraction"", ""source_concept"": ""ASYNCHRONOUS_PROG_CONCEPT"", ""extracted_at"": ""2026-08-03T12:28:05.456145""}"	2026-08-03T12:28:05.456147	2026-08-03T12:28:05.456148	"[""ASYNCHRONOUS_PROG_CONCEPT""]"
KW_PROMISES	promises	Token from concept 'Asynchronous Programming': promises	"{""source"": ""concept_extraction"", ""source_concept"": ""ASYNCHRONOUS_PROG_CONCEPT"", ""extracted_at"": ""2026-08-03T12:28:05.456150""}"	2026-08-03T12:28:05.456152	2026-08-03T12:28:05.456153	"[""ASYNCHRONOUS_PROG_CONCEPT""]"
KW_CALLBACKS	callbacks	Token from concept 'Asynchronous Programming': callbacks	"{""source"": ""concept_extraction"", ""source_concept"": ""ASYNCHRONOUS_PROG_CONCEPT"", ""extracted_at"": ""2026-08-03T12:28:05.456156""}"	2026-08-03T12:28:05.456159	2026-08-03T12:28:05.456159	"[""ASYNCHRONOUS_PROG_CONCEPT""]"
KW_DOCS	docs	Token from concept 'Etiquette for Collaborative Editing': docs	"{""source"": ""concept_extraction"", ""source_concept"": ""SHARED_EDITING_ETIQUETTE"", ""extracted_at"": ""2026-08-03T12:28:05.456165""}"	2026-08-03T12:28:05.456168	2026-08-03T12:28:05.456168	"[""SHARED_EDITING_ETIQUETTE""]"
KW_COLLABORATION	collaboration	Token from concept 'Etiquette for Collaborative Editing': collaboration	"{""source"": ""concept_extraction"", ""source_concept"": ""SHARED_EDITING_ETIQUETTE"", ""extracted_at"": ""2026-08-03T12:28:05.456171""}"	2026-08-03T12:28:05.456173	2026-08-03T12:28:05.456173	"[""SHARED_EDITING_ETIQUETTE""]"
KW_GOOGLE	google	Token from concept 'Etiquette for Collaborative Editing': google	"{""source"": ""concept_extraction"", ""source_concept"": ""SHARED_EDITING_ETIQUETTE"", ""extracted_at"": ""2026-08-03T12:28:05.456176""}"	2026-08-03T12:28:05.456178	2026-08-03T12:28:05.456178	"[""SHARED_EDITING_ETIQUETTE""]"
KW_ETIQUETTE	etiquette	Token from concept 'Etiquette for Collaborative Editing': etiquette	"{""source"": ""concept_extraction"", ""source_concept"": ""SHARED_EDITING_ETIQUETTE"", ""extracted_at"": ""2026-08-03T12:28:05.456181""}"	2026-08-03T12:28:05.456183	2026-08-03T12:28:05.456184	"[""SHARED_EDITING_ETIQUETTE""]"
KW_COLLABORATIVE	collaborative	Token from concept 'Etiquette for Collaborative Editing': collaborative	"{""source"": ""concept_extraction"", ""source_concept"": ""SHARED_EDITING_ETIQUETTE"", ""extracted_at"": ""2026-08-03T12:28:05.456186""}"	2026-08-03T12:28:05.456188	2026-08-03T12:28:05.456189	"[""SHARED_EDITING_ETIQUETTE""]"
KW_EDITING	editing	Token from concept 'Etiquette for Collaborative Editing': editing	"{""source"": ""concept_extraction"", ""source_concept"": ""SHARED_EDITING_ETIQUETTE"", ""extracted_at"": ""2026-08-03T12:28:05.456191""}"	2026-08-03T12:28:05.456193	2026-08-03T12:28:05.456194	"[""SHARED_EDITING_ETIQUETTE""]"
KW_COMMENTS	comments	Token from concept 'Etiquette for Collaborative Editing': comments	"{""source"": ""concept_extraction"", ""source_concept"": ""SHARED_EDITING_ETIQUETTE"", ""extracted_at"": ""2026-08-03T12:28:05.456196""}"	2026-08-03T12:28:05.456198	2026-08-03T12:28:05.456199	"[""SHARED_EDITING_ETIQUETTE""]"
KW_HANDSHAKE	handshake	Token from concept 'TCP Three-Way Handshake': handshake	"{""source"": ""concept_extraction"", ""source_concept"": ""TCP_HANDSHAKE"", ""extracted_at"": ""2026-08-03T12:28:05.456206""}"	2026-08-03T12:28:05.456208	2026-08-03T12:28:05.456209	"[""TCP_HANDSHAKE""]"
KW_CONNECTION	connection	Token from concept 'TCP Three-Way Handshake': connection	"{""source"": ""concept_extraction"", ""source_concept"": ""TCP_HANDSHAKE"", ""extracted_at"": ""2026-08-03T12:28:05.456211""}"	2026-08-03T12:28:05.456213	2026-08-03T12:28:05.456214	"[""TCP_HANDSHAKE""]"
KW_THREE	three	Token from concept 'TCP Three-Way Handshake': three	"{""source"": ""concept_extraction"", ""source_concept"": ""TCP_HANDSHAKE"", ""extracted_at"": ""2026-08-03T12:28:05.456216""}"	2026-08-03T12:28:05.456219	2026-08-03T12:28:05.456219	"[""TCP_HANDSHAKE""]"
KW_REQUEST	request	Token from concept 'HTTP Methods (GET, POST)': request	"{""source"": ""concept_extraction"", ""source_concept"": ""HTTP_METHODS"", ""extracted_at"": ""2026-08-03T12:28:05.456226""}"	2026-08-03T12:28:05.456228	2026-08-03T12:28:05.456229	"[""HTTP_METHODS""]"
KW_LOOKUP	lookup	Token from concept 'DNS Lookup Process': lookup	"{""source"": ""concept_extraction"", ""source_concept"": ""DNS_LOOKUP"", ""extracted_at"": ""2026-08-03T12:28:05.456237""}"	2026-08-03T12:28:05.456239	2026-08-03T12:28:05.456240	"[""DNS_LOOKUP""]"
KW_DOMAIN	domain	Token from concept 'DNS Lookup Process': domain	"{""source"": ""concept_extraction"", ""source_concept"": ""DNS_LOOKUP"", ""extracted_at"": ""2026-08-03T12:28:05.456243""}"	2026-08-03T12:28:05.456245	2026-08-03T12:28:05.456246	"[""DNS_LOOKUP""]"
KW_RESOLUTION	resolution	Token from concept 'DNS Lookup Process': resolution	"{""source"": ""concept_extraction"", ""source_concept"": ""DNS_LOOKUP"", ""extracted_at"": ""2026-08-03T12:28:05.456248""}"	2026-08-03T12:28:05.456251	2026-08-03T12:28:05.456251	"[""DNS_LOOKUP""]"
KW_NAME	name	Token from concept 'DNS Lookup Process': name	"{""source"": ""concept_extraction"", ""source_concept"": ""DNS_LOOKUP"", ""extracted_at"": ""2026-08-03T12:28:05.456253""}"	2026-08-03T12:28:05.456256	2026-08-03T12:28:05.456256	"[""DNS_LOOKUP""]"
KW_FACTOR	factor	Token from concept 'Two-Factor Authentication (2FA)': factor	"{""source"": ""concept_extraction"", ""source_concept"": ""TWO_FACTOR_AUTH"", ""extracted_at"": ""2026-08-03T12:28:05.456264""}"	2026-08-03T12:28:05.456266	2026-08-03T12:28:05.456267	"[""TWO_FACTOR_AUTH""]"
KW_TWO	two	Token from concept 'Two-Factor Authentication (2FA)': two	"{""source"": ""concept_extraction"", ""source_concept"": ""TWO_FACTOR_AUTH"", ""extracted_at"": ""2026-08-03T12:28:05.456269""}"	2026-08-03T12:28:05.456271	2026-08-03T12:28:05.456272	"[""TWO_FACTOR_AUTH""]"
KW_CYBERSECURITY	cybersecurity	Token from concept 'Malware Types': cybersecurity	"{""source"": ""concept_extraction"", ""source_concept"": ""MALWARE_TYPES_CONCEPT"", ""extracted_at"": ""2026-08-03T12:28:05.456277""}"	2026-08-03T12:28:05.456280	2026-08-03T12:28:05.456280	"[""MALWARE_TYPES_CONCEPT""]"
KW_MALWARE	malware	Token from concept 'Malware Types': malware	"{""source"": ""concept_extraction"", ""source_concept"": ""MALWARE_TYPES_CONCEPT"", ""extracted_at"": ""2026-08-03T12:28:05.456283""}"	2026-08-03T12:28:05.456286	2026-08-03T12:28:05.456287	"[""MALWARE_TYPES_CONCEPT""]"
KW_RANSOMWARE	ransomware	Token from concept 'Malware Types': ransomware	"{""source"": ""concept_extraction"", ""source_concept"": ""MALWARE_TYPES_CONCEPT"", ""extracted_at"": ""2026-08-03T12:28:05.456289""}"	2026-08-03T12:28:05.456291	2026-08-03T12:28:05.456292	"[""MALWARE_TYPES_CONCEPT""]"
KW_VIRUS	virus	Token from concept 'Malware Types': virus	"{""source"": ""concept_extraction"", ""source_concept"": ""MALWARE_TYPES_CONCEPT"", ""extracted_at"": ""2026-08-03T12:28:05.456294""}"	2026-08-03T12:28:05.456296	2026-08-03T12:28:05.456297	"[""MALWARE_TYPES_CONCEPT""]"
KW_WIREFRAMING	wireframing	Token from concept 'Wireframing': wireframing	"{""source"": ""concept_extraction"", ""source_concept"": ""WIREFRAMING"", ""extracted_at"": ""2026-08-03T12:28:05.456305""}"	2026-08-03T12:28:05.456307	2026-08-03T12:28:05.456308	"[""WIREFRAMING""]"
KW_WIREFRAME	wireframe	Token from concept 'Wireframing': wireframe	"{""source"": ""concept_extraction"", ""source_concept"": ""WIREFRAMING"", ""extracted_at"": ""2026-08-03T12:28:05.456310""}"	2026-08-03T12:28:05.456312	2026-08-03T12:28:05.456313	"[""WIREFRAMING""]"
KW_PROTOTYPING	prototyping	Token from concept 'Prototyping': prototyping	"{""source"": ""concept_extraction"", ""source_concept"": ""PROTOTYPING"", ""extracted_at"": ""2026-08-03T12:28:05.456318""}"	2026-08-03T12:28:05.456320	2026-08-03T12:28:05.456321	"[""PROTOTYPING""]"
KW_MOCKUP	mockup	Token from concept 'Prototyping': mockup	"{""source"": ""concept_extraction"", ""source_concept"": ""PROTOTYPING"", ""extracted_at"": ""2026-08-03T12:28:05.456323""}"	2026-08-03T12:28:05.456742	2026-08-03T12:28:05.456743	"[""PROTOTYPING""]"
KW_FIGMA	figma	Token from concept 'Prototyping': figma	"{""source"": ""concept_extraction"", ""source_concept"": ""PROTOTYPING"", ""extracted_at"": ""2026-08-03T12:28:05.456746""}"	2026-08-03T12:28:05.456749	2026-08-03T12:28:05.456750	"[""PROTOTYPING""]"
KW_SCREEN	screen	Token from concept 'Screen Readers': screen	"{""source"": ""concept_extraction"", ""source_concept"": ""SCREEN_READERS"", ""extracted_at"": ""2026-08-03T12:28:05.456762""}"	2026-08-03T12:28:05.456765	2026-08-03T12:28:05.456766	"[""SCREEN_READERS""]"
KW_READERS	readers	Token from concept 'Screen Readers': readers	"{""source"": ""concept_extraction"", ""source_concept"": ""SCREEN_READERS"", ""extracted_at"": ""2026-08-03T12:28:05.456768""}"	2026-08-03T12:28:05.456770	2026-08-03T12:28:05.456771	"[""SCREEN_READERS""]"
KW_ACCESSIBILITY	accessibility	Token from concept 'Screen Readers': accessibility	"{""source"": ""concept_extraction"", ""source_concept"": ""SCREEN_READERS"", ""extracted_at"": ""2026-08-03T12:28:05.456773""}"	2026-08-03T12:28:05.456775	2026-08-03T12:28:05.456776	"[""SCREEN_READERS""]"
KW_SEMANTIC	semantic	Token from concept 'Screen Readers': semantic	"{""source"": ""concept_extraction"", ""source_concept"": ""SCREEN_READERS"", ""extracted_at"": ""2026-08-03T12:28:05.456778""}"	2026-08-03T12:28:05.456781	2026-08-03T12:28:05.456781	"[""SCREEN_READERS""]"
KW_READER	reader	Token from concept 'Screen Readers': reader	"{""source"": ""concept_extraction"", ""source_concept"": ""SCREEN_READERS"", ""extracted_at"": ""2026-08-03T12:28:05.456783""}"	2026-08-03T12:28:05.456786	2026-08-03T12:28:05.456786	"[""SCREEN_READERS""]"
KW_COMMUNICATION	communication	Token from concept 'Netiquette (Online Etiquette)': communication	"{""source"": ""concept_extraction"", ""source_concept"": ""NETIQUETTE"", ""extracted_at"": ""2026-08-03T12:28:05.456800""}"	2026-08-03T12:28:05.456802	2026-08-03T12:28:05.456803	"[""NETIQUETTE""]"
KW_NETIQUETTE	netiquette	Token from concept 'Netiquette (Online Etiquette)': netiquette	"{""source"": ""concept_extraction"", ""source_concept"": ""NETIQUETTE"", ""extracted_at"": ""2026-08-03T12:28:05.456806""}"	2026-08-03T12:28:05.456808	2026-08-03T12:28:05.456809	"[""NETIQUETTE""]"
KW_TEAMWORK	teamwork	Token from concept 'Collaborative Platforms': teamwork	"{""source"": ""concept_extraction"", ""source_concept"": ""COLLABORATIVE_PLATFORMS"", ""extracted_at"": ""2026-08-03T12:28:05.456815""}"	2026-08-03T12:28:05.456818	2026-08-03T12:28:05.456819	"[""COLLABORATIVE_PLATFORMS""]"
KW_PLATFORMS	platforms	Token from concept 'Collaborative Platforms': platforms	"{""source"": ""concept_extraction"", ""source_concept"": ""COLLABORATIVE_PLATFORMS"", ""extracted_at"": ""2026-08-03T12:28:05.456823""}"	2026-08-03T12:28:05.456825	2026-08-03T12:28:05.456826	"[""COLLABORATIVE_PLATFORMS""]"
KW_PROJECT	project	Token from concept 'Collaborative Platforms': project	"{""source"": ""concept_extraction"", ""source_concept"": ""COLLABORATIVE_PLATFORMS"", ""extracted_at"": ""2026-08-03T12:28:05.456828""}"	2026-08-03T12:28:05.456831	2026-08-03T12:28:05.456831	"[""COLLABORATIVE_PLATFORMS""]"
KW_EPHEMERAL	ephemeral	Token from concept 'Local View State': ephemeral	"{""source"": ""concept_extraction"", ""source_concept"": ""LOCAL_VIEW_STATE"", ""extracted_at"": ""2026-08-03T12:28:05.456838""}"	2026-08-03T12:28:05.456840	2026-08-03T12:28:05.456841	"[""LOCAL_VIEW_STATE""]"
KW_LOCAL	local	Token from concept 'Local View State': local	"{""source"": ""concept_extraction"", ""source_concept"": ""LOCAL_VIEW_STATE"", ""extracted_at"": ""2026-08-03T12:28:05.456843""}"	2026-08-03T12:28:05.456845	2026-08-03T12:28:05.456846	"[""LOCAL_VIEW_STATE""]"
KW_VIEW	view	Token from concept 'Local View State': view	"{""source"": ""concept_extraction"", ""source_concept"": ""LOCAL_VIEW_STATE"", ""extracted_at"": ""2026-08-03T12:28:05.456848""}"	2026-08-03T12:28:05.456850	2026-08-03T12:28:05.456851	"[""LOCAL_VIEW_STATE""]"
KW_SHARED	shared	Token from concept 'Shared Observable State': shared	"{""source"": ""concept_extraction"", ""source_concept"": ""SHARED_OBSERVABLE_STATE"", ""extracted_at"": ""2026-08-03T12:28:05.456868""}"	2026-08-03T12:28:05.456871	2026-08-03T12:28:05.456871	"[""SHARED_OBSERVABLE_STATE""]"
KW_COMBINE	combine	Token from concept 'Publisher-Subscriber Model for UI': combine	"{""source"": ""concept_extraction"", ""source_concept"": ""PUBLISHER_SUBSCRIBER_MODEL"", ""extracted_at"": ""2026-08-03T12:28:05.456878""}"	2026-08-03T12:28:05.456881	2026-08-03T12:28:05.456881	"[""PUBLISHER_SUBSCRIBER_MODEL""]"
KW_PUBLISHED	published	Token from concept 'Publisher-Subscriber Model for UI': published	"{""source"": ""concept_extraction"", ""source_concept"": ""PUBLISHER_SUBSCRIBER_MODEL"", ""extracted_at"": ""2026-08-03T12:28:05.456887""}"	2026-08-03T12:28:05.456889	2026-08-03T12:28:05.456890	"[""PUBLISHER_SUBSCRIBER_MODEL""]"
KW_PATTERN	pattern	Token from concept 'MVVM Architectural Pattern': pattern	"{""source"": ""concept_extraction"", ""source_concept"": ""MVVM_PATTERN"", ""extracted_at"": ""2026-08-03T12:28:05.456896""}"	2026-08-03T12:28:05.456898	2026-08-03T12:28:05.456899	"[""MVVM_PATTERN""]"
KW_TAP	tap	Token from concept 'Tap Gesture': tap	"{""source"": ""concept_extraction"", ""source_concept"": ""TAP_GESTURE"", ""extracted_at"": ""2026-08-03T12:28:05.456905""}"	2026-08-03T12:28:05.456907	2026-08-03T12:28:05.456908	"[""TAP_GESTURE""]"
KW_GESTURE	gesture	Token from concept 'Tap Gesture': gesture	"{""source"": ""concept_extraction"", ""source_concept"": ""TAP_GESTURE"", ""extracted_at"": ""2026-08-03T12:28:05.456911""}"	2026-08-03T12:28:05.456914	2026-08-03T12:28:05.456914	"[""TAP_GESTURE""]"
KW_DRAG	drag	Token from concept 'Drag Gesture': drag	"{""source"": ""concept_extraction"", ""source_concept"": ""DRAG_GESTURE"", ""extracted_at"": ""2026-08-03T12:28:05.456921""}"	2026-08-03T12:28:05.456924	2026-08-03T12:28:05.456924	"[""DRAG_GESTURE""]"
KW_EXPLICIT	explicit	Token from concept 'Implicit vs. Explicit Animation': explicit	"{""source"": ""concept_extraction"", ""source_concept"": ""IMPLICIT_EXPLICIT_ANIMATION"", ""extracted_at"": ""2026-08-03T12:28:05.456931""}"	2026-08-03T12:28:05.456933	2026-08-03T12:28:05.456934	"[""IMPLICIT_EXPLICIT_ANIMATION""]"
KW_IMPLICIT	implicit	Token from concept 'Implicit vs. Explicit Animation': implicit	"{""source"": ""concept_extraction"", ""source_concept"": ""IMPLICIT_EXPLICIT_ANIMATION"", ""extracted_at"": ""2026-08-03T12:28:05.456936""}"	2026-08-03T12:28:05.456939	2026-08-03T12:28:05.456939	"[""IMPLICIT_EXPLICIT_ANIMATION""]"
KW_TRANSITION	transition	Token from concept 'View Transitions': transition	"{""source"": ""concept_extraction"", ""source_concept"": ""VIEW_TRANSITIONS"", ""extracted_at"": ""2026-08-03T12:28:05.456946""}"	2026-08-03T12:28:05.456949	2026-08-03T12:28:05.456949	"[""VIEW_TRANSITIONS""]"
KW_TRANSITIONS	transitions	Token from concept 'View Transitions': transitions	"{""source"": ""concept_extraction"", ""source_concept"": ""VIEW_TRANSITIONS"", ""extracted_at"": ""2026-08-03T12:28:05.456952""}"	2026-08-03T12:28:05.456954	2026-08-03T12:28:05.456955	"[""VIEW_TRANSITIONS""]"
KW_ANNOTATION	annotation	Token from concept 'Map Integration': annotation	"{""source"": ""concept_extraction"", ""source_concept"": ""MAP_INTEGRATION"", ""extracted_at"": ""2026-08-03T12:28:05.456961""}"	2026-08-03T12:28:05.456963	2026-08-03T12:28:05.456964	"[""MAP_INTEGRATION""]"
KW_CORE	core	Token from concept 'Location Services API': core	"{""source"": ""concept_extraction"", ""source_concept"": ""LOCATION_SERVICES_API"", ""extracted_at"": ""2026-08-03T12:28:05.456970""}"	2026-08-03T12:28:05.456973	2026-08-03T12:28:05.456973	"[""LOCATION_SERVICES_API""]"
KW_LOCATION	location	Token from concept 'Location Services API': location	"{""source"": ""concept_extraction"", ""source_concept"": ""LOCATION_SERVICES_API"", ""extracted_at"": ""2026-08-03T12:28:05.456977""}"	2026-08-03T12:28:05.456979	2026-08-03T12:28:05.456980	"[""LOCATION_SERVICES_API""]"
KW_PERMISSIONS	permissions	Token from concept 'Location Services API': permissions	"{""source"": ""concept_extraction"", ""source_concept"": ""LOCATION_SERVICES_API"", ""extracted_at"": ""2026-08-03T12:28:05.456982""}"	2026-08-03T12:28:05.456984	2026-08-03T12:28:05.456985	"[""LOCATION_SERVICES_API""]"
KW_PICKER	picker	Token from concept 'Media Picker API': picker	"{""source"": ""concept_extraction"", ""source_concept"": ""MEDIA_PICKER_API"", ""extracted_at"": ""2026-08-03T12:28:05.456991""}"	2026-08-03T12:28:05.456994	2026-08-03T12:28:05.456994	"[""MEDIA_PICKER_API""]"
KW_LIBRARY	library	Token from concept 'Media Picker API': library	"{""source"": ""concept_extraction"", ""source_concept"": ""MEDIA_PICKER_API"", ""extracted_at"": ""2026-08-03T12:28:05.456996""}"	2026-08-03T12:28:05.457004	2026-08-03T12:28:05.457005	"[""MEDIA_PICKER_API""]"
KW_NOTIFICATION	notification	Token from concept 'Local Notification API': notification	"{""source"": ""concept_extraction"", ""source_concept"": ""LOCAL_NOTIFICATION_API"", ""extracted_at"": ""2026-08-03T12:28:05.457012""}"	2026-08-03T12:28:05.457018	2026-08-03T12:28:05.457019	"[""LOCAL_NOTIFICATION_API""]"
KW_ALERT	alert	Token from concept 'Local Notification API': alert	"{""source"": ""concept_extraction"", ""source_concept"": ""LOCAL_NOTIFICATION_API"", ""extracted_at"": ""2026-08-03T12:28:05.457021""}"	2026-08-03T12:28:05.457024	2026-08-03T12:28:05.457024	"[""LOCAL_NOTIFICATION_API""]"
KW_EXTENSION	extension	Token from concept 'App Extension Model': extension	"{""source"": ""concept_extraction"", ""source_concept"": ""APP_EXTENSION_MODEL"", ""extracted_at"": ""2026-08-03T12:28:05.457030""}"	2026-08-03T12:28:05.457033	2026-08-03T12:28:05.457034	"[""APP_EXTENSION_MODEL""]"
KW_EXTENSIONS	extensions	Token from concept 'App Extension Model': extensions	"{""source"": ""concept_extraction"", ""source_concept"": ""APP_EXTENSION_MODEL"", ""extracted_at"": ""2026-08-03T12:28:05.457037""}"	2026-08-03T12:28:05.457040	2026-08-03T12:28:05.457040	"[""APP_EXTENSION_MODEL""]"
KW_APP	app	Token from concept 'App Extension Model': app	"{""source"": ""concept_extraction"", ""source_concept"": ""APP_EXTENSION_MODEL"", ""extracted_at"": ""2026-08-03T12:28:05.457042""}"	2026-08-03T12:28:05.457045	2026-08-03T12:28:05.457045	"[""APP_EXTENSION_MODEL""]"
KW_WIDGETS	widgets	Token from concept 'App Extension Model': widgets	"{""source"": ""concept_extraction"", ""source_concept"": ""APP_EXTENSION_MODEL"", ""extracted_at"": ""2026-08-03T12:28:05.457048""}"	2026-08-03T12:28:05.457050	2026-08-03T12:28:05.457050	"[""APP_EXTENSION_MODEL""]"
KW_KEY	key	Token from concept 'Key-Value Persistence': key	"{""source"": ""concept_extraction"", ""source_concept"": ""KEY_VALUE_PERSISTENCE"", ""extracted_at"": ""2026-08-03T12:28:05.457056""}"	2026-08-03T12:28:05.457058	2026-08-03T12:28:05.457059	"[""KEY_VALUE_PERSISTENCE""]"
KW_VALUE	value	Token from concept 'Key-Value Persistence': value	"{""source"": ""concept_extraction"", ""source_concept"": ""KEY_VALUE_PERSISTENCE"", ""extracted_at"": ""2026-08-03T12:28:05.457061""}"	2026-08-03T12:28:05.457063	2026-08-03T12:28:05.457064	"[""KEY_VALUE_PERSISTENCE""]"
KW_PERSISTENCE	persistence	Token from concept 'Key-Value Persistence': persistence	"{""source"": ""concept_extraction"", ""source_concept"": ""KEY_VALUE_PERSISTENCE"", ""extracted_at"": ""2026-08-03T12:28:05.457066""}"	2026-08-03T12:28:05.457068	2026-08-03T12:28:05.457069	"[""KEY_VALUE_PERSISTENCE""]"
KW_ENCODER	encoder	Token from concept 'JSON Serialization/Deserialization': encoder	"{""source"": ""concept_extraction"", ""source_concept"": ""JSON_SERIALIZATION"", ""extracted_at"": ""2026-08-03T12:28:05.457081""}"	2026-08-03T12:28:05.457085	2026-08-03T12:28:05.457085	"[""JSON_SERIALIZATION""]"
KW_NATIVE	native	Token from concept 'JSON Serialization/Deserialization': native	"{""source"": ""concept_extraction"", ""source_concept"": ""JSON_SERIALIZATION"", ""extracted_at"": ""2026-08-03T12:28:05.457087""}"	2026-08-03T12:28:05.457090	2026-08-03T12:28:05.457091	"[""JSON_SERIALIZATION""]"
KW_SERIALIZATION	serialization	Token from concept 'JSON Serialization/Deserialization': serialization	"{""source"": ""concept_extraction"", ""source_concept"": ""JSON_SERIALIZATION"", ""extracted_at"": ""2026-08-03T12:28:05.457093""}"	2026-08-03T12:28:05.457095	2026-08-03T12:28:05.457096	"[""JSON_SERIALIZATION""]"
KW_DESERIALIZATION	deserialization	Token from concept 'JSON Serialization/Deserialization': deserialization	"{""source"": ""concept_extraction"", ""source_concept"": ""JSON_SERIALIZATION"", ""extracted_at"": ""2026-08-03T12:28:05.457098""}"	2026-08-03T12:28:05.457100	2026-08-03T12:28:05.457101	"[""JSON_SERIALIZATION""]"
KW_DECODER	decoder	Token from concept 'JSON Serialization/Deserialization': decoder	"{""source"": ""concept_extraction"", ""source_concept"": ""JSON_SERIALIZATION"", ""extracted_at"": ""2026-08-03T12:28:05.457103""}"	2026-08-03T12:28:05.457105	2026-08-03T12:28:05.457106	"[""JSON_SERIALIZATION""]"
KW_TICK	tick	Token from concept 'Game Loop': tick	"{""source"": ""concept_extraction"", ""source_concept"": ""GAME_LOOP"", ""extracted_at"": ""2026-08-03T12:28:05.457111""}"	2026-08-03T12:28:05.457114	2026-08-03T12:28:05.457114	"[""GAME_LOOP""]"
KW_GAME	game	Token from concept 'Game Loop': game	"{""source"": ""concept_extraction"", ""source_concept"": ""GAME_LOOP"", ""extracted_at"": ""2026-08-03T12:28:05.457118""}"	2026-08-03T12:28:05.457120	2026-08-03T12:28:05.457120	"[""GAME_LOOP""]"
KW_RAYCASTING	raycasting	Token from concept 'Collision Detection': raycasting	"{""source"": ""concept_extraction"", ""source_concept"": ""COLLISION_DETECTION"", ""extracted_at"": ""2026-08-03T12:28:05.457126""}"	2026-08-03T12:28:05.457129	2026-08-03T12:28:05.457129	"[""COLLISION_DETECTION""]"
KW_COLLISION	collision	Token from concept 'Collision Detection': collision	"{""source"": ""concept_extraction"", ""source_concept"": ""COLLISION_DETECTION"", ""extracted_at"": ""2026-08-03T12:28:05.457131""}"	2026-08-03T12:28:05.457134	2026-08-03T12:28:05.457134	"[""COLLISION_DETECTION""]"
KW_HITBOX	hitbox	Token from concept 'Collision Detection': hitbox	"{""source"": ""concept_extraction"", ""source_concept"": ""COLLISION_DETECTION"", ""extracted_at"": ""2026-08-03T12:28:05.457136""}"	2026-08-03T12:28:05.457139	2026-08-03T12:28:05.457139	"[""COLLISION_DETECTION""]"
KW_CONSTRAINTS	constraints	Token from concept 'Physics Constraints': constraints	"{""source"": ""concept_extraction"", ""source_concept"": ""PHYSICS_CONSTRAINTS_CONCEPT"", ""extracted_at"": ""2026-08-03T12:28:05.457148""}"	2026-08-03T12:28:05.457150	2026-08-03T12:28:05.457151	"[""PHYSICS_CONSTRAINTS_CONCEPT""]"
KW_HINGE	hinge	Token from concept 'Physics Constraints': hinge	"{""source"": ""concept_extraction"", ""source_concept"": ""PHYSICS_CONSTRAINTS_CONCEPT"", ""extracted_at"": ""2026-08-03T12:28:05.457153""}"	2026-08-03T12:28:05.457155	2026-08-03T12:28:05.457156	"[""PHYSICS_CONSTRAINTS_CONCEPT""]"
KW_JOINTS	joints	Token from concept 'Physics Constraints': joints	"{""source"": ""concept_extraction"", ""source_concept"": ""PHYSICS_CONSTRAINTS_CONCEPT"", ""extracted_at"": ""2026-08-03T12:28:05.457160""}"	2026-08-03T12:28:05.457162	2026-08-03T12:28:05.457163	"[""PHYSICS_CONSTRAINTS_CONCEPT""]"
KW_LEVEL	level	Token from concept 'Level Layout Design': level	"{""source"": ""concept_extraction"", ""source_concept"": ""LEVEL_LAYOUT"", ""extracted_at"": ""2026-08-03T12:28:05.457173""}"	2026-08-03T12:28:05.457175	2026-08-03T12:28:05.457176	"[""LEVEL_LAYOUT""]"
KW_LEADERBOARD	leaderboard	Token from concept 'Leaderboard/Scoring System': leaderboard	"{""source"": ""concept_extraction"", ""source_concept"": ""LEADERBOARD_SYSTEM"", ""extracted_at"": ""2026-08-03T12:28:05.457192""}"	2026-08-03T12:28:05.457194	2026-08-03T12:28:05.457195	"[""LEADERBOARD_SYSTEM""]"
KW_SCORING	scoring	Token from concept 'Leaderboard/Scoring System': scoring	"{""source"": ""concept_extraction"", ""source_concept"": ""LEADERBOARD_SYSTEM"", ""extracted_at"": ""2026-08-03T12:28:05.457197""}"	2026-08-03T12:28:05.457199	2026-08-03T12:28:05.457200	"[""LEADERBOARD_SYSTEM""]"
KW_STATS	stats	Token from concept 'Leaderboard/Scoring System': stats	"{""source"": ""concept_extraction"", ""source_concept"": ""LEADERBOARD_SYSTEM"", ""extracted_at"": ""2026-08-03T12:28:05.457203""}"	2026-08-03T12:28:05.457205	2026-08-03T12:28:05.457206	"[""LEADERBOARD_SYSTEM""]"
KW_UNIONS	unions	Token from concept 'Set Theory': unions	"{""source"": ""concept_extraction"", ""source_concept"": ""SET_THEORY"", ""extracted_at"": ""2026-08-03T12:28:05.457216""}"	2026-08-03T12:28:05.457218	2026-08-03T12:28:05.457219	"[""SET_THEORY""]"
KW_SETS	sets	Token from concept 'Set Theory': sets	"{""source"": ""concept_extraction"", ""source_concept"": ""SET_THEORY"", ""extracted_at"": ""2026-08-03T12:28:05.457223""}"	2026-08-03T12:28:05.457225	2026-08-03T12:28:05.457226	"[""SET_THEORY""]"
KW_COUNTING	counting	Token from concept 'Combinatorics': counting	"{""source"": ""concept_extraction"", ""source_concept"": ""COMBINATORICS"", ""extracted_at"": ""2026-08-03T12:28:05.457230""}"	2026-08-03T12:28:05.457233	2026-08-03T12:28:05.457234	"[""COMBINATORICS""]"
KW_COMBINATORICS	combinatorics	Token from concept 'Combinatorics': combinatorics	"{""source"": ""concept_extraction"", ""source_concept"": ""COMBINATORICS"", ""extracted_at"": ""2026-08-03T12:28:05.457236""}"	2026-08-03T12:28:05.457240	2026-08-03T12:28:05.457240	"[""COMBINATORICS""]"
KW_TREES	trees	Token from concept 'Graph Models': trees	"{""source"": ""concept_extraction"", ""source_concept"": ""GRAPH_MODELS"", ""extracted_at"": ""2026-08-03T12:28:05.457248""}"	2026-08-03T12:28:05.457250	2026-08-03T12:28:05.457251	"[""GRAPH_MODELS""]"
KW_QUANTUM	quantum	Token from concept 'Quantum States and Superposition': quantum	"{""source"": ""concept_extraction"", ""source_concept"": ""QUANTUM_STATES_SUPERPOSITION"", ""extracted_at"": ""2026-08-03T12:28:05.457256""}"	2026-08-03T12:28:05.457258	2026-08-03T12:28:05.457259	"[""QUANTUM_STATES_SUPERPOSITION""]"
KW_STATES	states	Token from concept 'Quantum States and Superposition': states	"{""source"": ""concept_extraction"", ""source_concept"": ""QUANTUM_STATES_SUPERPOSITION"", ""extracted_at"": ""2026-08-03T12:28:05.457261""}"	2026-08-03T12:28:05.457263	2026-08-03T12:28:05.457264	"[""QUANTUM_STATES_SUPERPOSITION""]"
KW_QUBITS	qubits	Token from concept 'Quantum States and Superposition': qubits	"{""source"": ""concept_extraction"", ""source_concept"": ""QUANTUM_STATES_SUPERPOSITION"", ""extracted_at"": ""2026-08-03T12:28:05.457266""}"	2026-08-03T12:28:05.457268	2026-08-03T12:28:05.457269	"[""QUANTUM_STATES_SUPERPOSITION""]"
KW_SUPERPOSITION	superposition	Token from concept 'Quantum States and Superposition': superposition	"{""source"": ""concept_extraction"", ""source_concept"": ""QUANTUM_STATES_SUPERPOSITION"", ""extracted_at"": ""2026-08-03T12:28:05.457272""}"	2026-08-03T12:28:05.457274	2026-08-03T12:28:05.457275	"[""QUANTUM_STATES_SUPERPOSITION""]"
KW_ENTANGLEMENT	entanglement	Token from concept 'Quantum Entanglement': entanglement	"{""source"": ""concept_extraction"", ""source_concept"": ""QUANTUM_ENTANGLEMENT"", ""extracted_at"": ""2026-08-03T12:28:05.457280""}"	2026-08-03T12:28:05.457282	2026-08-03T12:28:05.457283	"[""QUANTUM_ENTANGLEMENT""]"
KW_CNOT	cnot	Token from concept 'Quantum Logic Gates': cnot	"{""source"": ""concept_extraction"", ""source_concept"": ""QUANTUM_LOGIC_GATES"", ""extracted_at"": ""2026-08-03T12:28:05.457288""}"	2026-08-03T12:28:05.457290	2026-08-03T12:28:05.457291	"[""QUANTUM_LOGIC_GATES""]"
KW_HADAMARD	hadamard	Token from concept 'Quantum Logic Gates': hadamard	"{""source"": ""concept_extraction"", ""source_concept"": ""QUANTUM_LOGIC_GATES"", ""extracted_at"": ""2026-08-03T12:28:05.457293""}"	2026-08-03T12:28:05.457295	2026-08-03T12:28:05.457296	"[""QUANTUM_LOGIC_GATES""]"
KW_VQE	vqe	Token from concept 'Parameterized Quantum Circuits': vqe	"{""source"": ""concept_extraction"", ""source_concept"": ""PARAMETERIZED_QUANTUM_CIRCUITS"", ""extracted_at"": ""2026-08-03T12:28:05.457305""}"	2026-08-03T12:28:05.457307	2026-08-03T12:28:05.457308	"[""PARAMETERIZED_QUANTUM_CIRCUITS""]"
KW_CIRCUITS	circuits	Token from concept 'Parameterized Quantum Circuits': circuits	"{""source"": ""concept_extraction"", ""source_concept"": ""PARAMETERIZED_QUANTUM_CIRCUITS"", ""extracted_at"": ""2026-08-03T12:28:05.457310""}"	2026-08-03T12:28:05.457316	2026-08-03T12:28:05.457317	"[""PARAMETERIZED_QUANTUM_CIRCUITS""]"
KW_PQC	pqc	Token from concept 'Parameterized Quantum Circuits': pqc	"{""source"": ""concept_extraction"", ""source_concept"": ""PARAMETERIZED_QUANTUM_CIRCUITS"", ""extracted_at"": ""2026-08-03T12:28:05.457320""}"	2026-08-03T12:28:05.457323	2026-08-03T12:28:05.457324	"[""PARAMETERIZED_QUANTUM_CIRCUITS""]"
KW_QNN	qnn	Token from concept 'Parameterized Quantum Circuits': qnn	"{""source"": ""concept_extraction"", ""source_concept"": ""PARAMETERIZED_QUANTUM_CIRCUITS"", ""extracted_at"": ""2026-08-03T12:28:05.457330""}"	2026-08-03T12:28:05.457333	2026-08-03T12:28:05.457334	"[""PARAMETERIZED_QUANTUM_CIRCUITS""]"
KW_PARAMETERIZED	parameterized	Token from concept 'Parameterized Quantum Circuits': parameterized	"{""source"": ""concept_extraction"", ""source_concept"": ""PARAMETERIZED_QUANTUM_CIRCUITS"", ""extracted_at"": ""2026-08-03T12:28:05.457336""}"	2026-08-03T12:28:05.457338	2026-08-03T12:28:05.457339	"[""PARAMETERIZED_QUANTUM_CIRCUITS""]"
KW_TRANSFORMER	transformer	Token from concept 'Transformer Architecture': transformer	"{""source"": ""concept_extraction"", ""source_concept"": ""TRANSFORMER_ARCHITECTURE"", ""extracted_at"": ""2026-08-03T12:28:05.457359""}"	2026-08-03T12:28:05.457362	2026-08-03T12:28:05.457362	"[""TRANSFORMER_ARCHITECTURE""]"
KW_ATTENTION	attention	Token from concept 'Transformer Architecture': attention	"{""source"": ""concept_extraction"", ""source_concept"": ""TRANSFORMER_ARCHITECTURE"", ""extracted_at"": ""2026-08-03T12:28:05.457366""}"	2026-08-03T12:28:05.457369	2026-08-03T12:28:05.457370	"[""TRANSFORMER_ARCHITECTURE""]"
KW_LARGE	large	Token from concept 'Large Language Model Principles': large	"{""source"": ""concept_extraction"", ""source_concept"": ""LARGE_LANGUAGE_MODEL_CONCEPTS"", ""extracted_at"": ""2026-08-03T12:28:05.457381""}"	2026-08-03T12:28:05.457384	2026-08-03T12:28:05.457385	"[""LARGE_LANGUAGE_MODEL_CONCEPTS""]"
KW_PROMPT	prompt	Token from concept 'Large Language Model Principles': prompt	"{""source"": ""concept_extraction"", ""source_concept"": ""LARGE_LANGUAGE_MODEL_CONCEPTS"", ""extracted_at"": ""2026-08-03T12:28:05.457388""}"	2026-08-03T12:28:05.457391	2026-08-03T12:28:05.457392	"[""LARGE_LANGUAGE_MODEL_CONCEPTS""]"
KW_TUNING	tuning	Token from concept 'Large Language Model Principles': tuning	"{""source"": ""concept_extraction"", ""source_concept"": ""LARGE_LANGUAGE_MODEL_CONCEPTS"", ""extracted_at"": ""2026-08-03T12:28:05.457396""}"	2026-08-03T12:28:05.457399	2026-08-03T12:28:05.457400	"[""LARGE_LANGUAGE_MODEL_CONCEPTS""]"
KW_LANGUAGE	language	Token from concept 'Large Language Model Principles': language	"{""source"": ""concept_extraction"", ""source_concept"": ""LARGE_LANGUAGE_MODEL_CONCEPTS"", ""extracted_at"": ""2026-08-03T12:28:05.457403""}"	2026-08-03T12:28:05.457406	2026-08-03T12:28:05.457407	"[""LARGE_LANGUAGE_MODEL_CONCEPTS""]"
KW_PRE	pre	Token from concept 'Large Language Model Principles': pre	"{""source"": ""concept_extraction"", ""source_concept"": ""LARGE_LANGUAGE_MODEL_CONCEPTS"", ""extracted_at"": ""2026-08-03T12:28:05.457416""}"	2026-08-03T12:28:05.457418	2026-08-03T12:28:05.457419	"[""LARGE_LANGUAGE_MODEL_CONCEPTS""]"
KW_FINE	fine	Token from concept 'Large Language Model Principles': fine	"{""source"": ""concept_extraction"", ""source_concept"": ""LARGE_LANGUAGE_MODEL_CONCEPTS"", ""extracted_at"": ""2026-08-03T12:28:05.457421""}"	2026-08-03T12:28:05.457424	2026-08-03T12:28:05.457425	"[""LARGE_LANGUAGE_MODEL_CONCEPTS""]"
KW_RETRIEVAL	retrieval	Token from concept 'Retrieval-Augmented Generation': retrieval	"{""source"": ""concept_extraction"", ""source_concept"": ""RETRIEVAL_AUGMENTED_GENERATION"", ""extracted_at"": ""2026-08-03T12:28:05.457441""}"	2026-08-03T12:28:05.457444	2026-08-03T12:28:05.457445	"[""RETRIEVAL_AUGMENTED_GENERATION""]"
KW_GROUNDING	grounding	Token from concept 'Retrieval-Augmented Generation': grounding	"{""source"": ""concept_extraction"", ""source_concept"": ""RETRIEVAL_AUGMENTED_GENERATION"", ""extracted_at"": ""2026-08-03T12:28:05.457451""}"	2026-08-03T12:28:05.457454	2026-08-03T12:28:05.457455	"[""RETRIEVAL_AUGMENTED_GENERATION""]"
KW_AUGMENTED	augmented	Token from concept 'Retrieval-Augmented Generation': augmented	"{""source"": ""concept_extraction"", ""source_concept"": ""RETRIEVAL_AUGMENTED_GENERATION"", ""extracted_at"": ""2026-08-03T12:28:05.457457""}"	2026-08-03T12:28:05.457460	2026-08-03T12:28:05.457461	"[""RETRIEVAL_AUGMENTED_GENERATION""]"
KW_CONTEXT	context	Token from concept 'Retrieval-Augmented Generation': context	"{""source"": ""concept_extraction"", ""source_concept"": ""RETRIEVAL_AUGMENTED_GENERATION"", ""extracted_at"": ""2026-08-03T12:28:05.457464""}"	2026-08-03T12:28:05.457467	2026-08-03T12:28:05.457467	"[""RETRIEVAL_AUGMENTED_GENERATION""]"
KW_INJECTION	injection	Token from concept 'Retrieval-Augmented Generation': injection	"{""source"": ""concept_extraction"", ""source_concept"": ""RETRIEVAL_AUGMENTED_GENERATION"", ""extracted_at"": ""2026-08-03T12:28:05.457469""}"	2026-08-03T12:28:05.457472	2026-08-03T12:28:05.457472	"[""RETRIEVAL_AUGMENTED_GENERATION""]"
KW_EMBEDDING	embedding	Token from concept 'Vector Embedding and Similarity Search': embedding	"{""source"": ""concept_extraction"", ""source_concept"": ""VECTOR_EMBEDDING_SEARCH"", ""extracted_at"": ""2026-08-03T12:28:05.457481""}"	2026-08-03T12:28:05.457483	2026-08-03T12:28:05.457484	"[""VECTOR_EMBEDDING_SEARCH""]"
KW_SIMILARITY	similarity	Token from concept 'Vector Embedding and Similarity Search': similarity	"{""source"": ""concept_extraction"", ""source_concept"": ""VECTOR_EMBEDDING_SEARCH"", ""extracted_at"": ""2026-08-03T12:28:05.457489""}"	2026-08-03T12:28:05.457491	2026-08-03T12:28:05.457492	"[""VECTOR_EMBEDDING_SEARCH""]"
KW_DISTANCE	distance	Token from concept 'Vector Embedding and Similarity Search': distance	"{""source"": ""concept_extraction"", ""source_concept"": ""VECTOR_EMBEDDING_SEARCH"", ""extracted_at"": ""2026-08-03T12:28:05.457494""}"	2026-08-03T12:28:05.457496	2026-08-03T12:28:05.457497	"[""VECTOR_EMBEDDING_SEARCH""]"
KW_COSINE	cosine	Token from concept 'Vector Embedding and Similarity Search': cosine	"{""source"": ""concept_extraction"", ""source_concept"": ""VECTOR_EMBEDDING_SEARCH"", ""extracted_at"": ""2026-08-03T12:28:05.457501""}"	2026-08-03T12:28:05.457503	2026-08-03T12:28:05.457504	"[""VECTOR_EMBEDDING_SEARCH""]"
KW_ORCHESTRATION	orchestration	Token from concept 'Agentic Workflow Orchestration': orchestration	"{""source"": ""concept_extraction"", ""source_concept"": ""AGENTIC_WORKFLOW_ORCHESTRATION"", ""extracted_at"": ""2026-08-03T12:28:05.457512""}"	2026-08-03T12:28:05.457514	2026-08-03T12:28:05.457515	"[""AGENTIC_WORKFLOW_ORCHESTRATION""]"
KW_USE	use	Token from concept 'Agentic Workflow Orchestration': use	"{""source"": ""concept_extraction"", ""source_concept"": ""AGENTIC_WORKFLOW_ORCHESTRATION"", ""extracted_at"": ""2026-08-03T12:28:05.457517""}"	2026-08-03T12:28:05.457520	2026-08-03T12:28:05.457521	"[""AGENTIC_WORKFLOW_ORCHESTRATION""]"
KW_REFLECTION	reflection	Token from concept 'Agentic Workflow Orchestration': reflection	"{""source"": ""concept_extraction"", ""source_concept"": ""AGENTIC_WORKFLOW_ORCHESTRATION"", ""extracted_at"": ""2026-08-03T12:28:05.457523""}"	2026-08-03T12:28:05.457525	2026-08-03T12:28:05.457526	"[""AGENTIC_WORKFLOW_ORCHESTRATION""]"
KW_AGENTIC	agentic	Token from concept 'Agentic Workflow Orchestration': agentic	"{""source"": ""concept_extraction"", ""source_concept"": ""AGENTIC_WORKFLOW_ORCHESTRATION"", ""extracted_at"": ""2026-08-03T12:28:05.457529""}"	2026-08-03T12:28:05.457531	2026-08-03T12:28:05.457532	"[""AGENTIC_WORKFLOW_ORCHESTRATION""]"
KW_PLANNING	planning	Token from concept 'Agentic Workflow Orchestration': planning	"{""source"": ""concept_extraction"", ""source_concept"": ""AGENTIC_WORKFLOW_ORCHESTRATION"", ""extracted_at"": ""2026-08-03T12:28:05.457534""}"	2026-08-03T12:28:05.457536	2026-08-03T12:28:05.457537	"[""AGENTIC_WORKFLOW_ORCHESTRATION""]"
KW_TOOL	tool	Token from concept 'Agentic Workflow Orchestration': tool	"{""source"": ""concept_extraction"", ""source_concept"": ""AGENTIC_WORKFLOW_ORCHESTRATION"", ""extracted_at"": ""2026-08-03T12:28:05.457539""}"	2026-08-03T12:28:05.457541	2026-08-03T12:28:05.457542	"[""AGENTIC_WORKFLOW_ORCHESTRATION""]"
KW_ASSIGNMENT	assignment	Token from concept 'Multi-Agent Cooperation Dynamics': assignment	"{""source"": ""concept_extraction"", ""source_concept"": ""MULTI_AGENT_COOPERATION"", ""extracted_at"": ""2026-08-03T12:28:05.457549""}"	2026-08-03T12:28:05.457551	2026-08-03T12:28:05.457552	"[""MULTI_AGENT_COOPERATION""]"
KW_COOPERATION	cooperation	Token from concept 'Multi-Agent Cooperation Dynamics': cooperation	"{""source"": ""concept_extraction"", ""source_concept"": ""MULTI_AGENT_COOPERATION"", ""extracted_at"": ""2026-08-03T12:28:05.457558""}"	2026-08-03T12:28:05.457561	2026-08-03T12:28:05.457562	"[""MULTI_AGENT_COOPERATION""]"
KW_ROLE	role	Token from concept 'Multi-Agent Cooperation Dynamics': role	"{""source"": ""concept_extraction"", ""source_concept"": ""MULTI_AGENT_COOPERATION"", ""extracted_at"": ""2026-08-03T12:28:05.457564""}"	2026-08-03T12:28:05.457567	2026-08-03T12:28:05.457568	"[""MULTI_AGENT_COOPERATION""]"
KW_DYNAMICS	dynamics	Token from concept 'Multi-Agent Cooperation Dynamics': dynamics	"{""source"": ""concept_extraction"", ""source_concept"": ""MULTI_AGENT_COOPERATION"", ""extracted_at"": ""2026-08-03T12:28:05.457573""}"	2026-08-03T12:28:05.457575	2026-08-03T12:28:05.457576	"[""MULTI_AGENT_COOPERATION""]"
KW_TERM	term	Token from concept 'Agent Memory Systems': term	"{""source"": ""concept_extraction"", ""source_concept"": ""AGENT_MEMORY_SYSTEMS"", ""extracted_at"": ""2026-08-03T12:28:05.457585""}"	2026-08-03T12:28:05.457587	2026-08-03T12:28:05.457588	"[""AGENT_MEMORY_SYSTEMS""]"
KW_CONVERSATION	conversation	Token from concept 'Agent Memory Systems': conversation	"{""source"": ""concept_extraction"", ""source_concept"": ""AGENT_MEMORY_SYSTEMS"", ""extracted_at"": ""2026-08-03T12:28:05.457590""}"	2026-08-03T12:28:05.457594	2026-08-03T12:28:05.457595	"[""AGENT_MEMORY_SYSTEMS""]"
KW_LONG	long	Token from concept 'Agent Memory Systems': long	"{""source"": ""concept_extraction"", ""source_concept"": ""AGENT_MEMORY_SYSTEMS"", ""extracted_at"": ""2026-08-03T12:28:05.457598""}"	2026-08-03T12:28:05.457600	2026-08-03T12:28:05.457601	"[""AGENT_MEMORY_SYSTEMS""]"
KW_SHORT	short	Token from concept 'Agent Memory Systems': short	"{""source"": ""concept_extraction"", ""source_concept"": ""AGENT_MEMORY_SYSTEMS"", ""extracted_at"": ""2026-08-03T12:28:05.457604""}"	2026-08-03T12:28:05.457607	2026-08-03T12:28:05.457607	"[""AGENT_MEMORY_SYSTEMS""]"
KW_QUANTIZATION	quantization	Token from concept 'Edge Model Quantization and Compression': quantization	"{""source"": ""concept_extraction"", ""source_concept"": ""EDGE_MODEL_QUANTIZATION"", ""extracted_at"": ""2026-08-03T12:28:05.457616""}"	2026-08-03T12:28:05.457618	2026-08-03T12:28:05.457619	"[""EDGE_MODEL_QUANTIZATION""]"
KW_INFERENCE	inference	Token from concept 'Edge Model Quantization and Compression': inference	"{""source"": ""concept_extraction"", ""source_concept"": ""EDGE_MODEL_QUANTIZATION"", ""extracted_at"": ""2026-08-03T12:28:05.457624""}"	2026-08-03T12:28:05.457626	2026-08-03T12:28:05.457627	"[""EDGE_MODEL_QUANTIZATION""]"
KW_COMPRESSION	compression	Token from concept 'Edge Model Quantization and Compression': compression	"{""source"": ""concept_extraction"", ""source_concept"": ""EDGE_MODEL_QUANTIZATION"", ""extracted_at"": ""2026-08-03T12:28:05.457630""}"	2026-08-03T12:28:05.457633	2026-08-03T12:28:05.457634	"[""EDGE_MODEL_QUANTIZATION""]"
KW_REAL	real	Token from concept 'AIoT Edge Data Pipeline': real	"{""source"": ""concept_extraction"", ""source_concept"": ""AIOT_DATA_PIPELINE"", ""extracted_at"": ""2026-08-03T12:28:05.457650""}"	2026-08-03T12:28:05.457652	2026-08-03T12:28:05.457653	"[""AIOT_DATA_PIPELINE""]"
KW_ULTRA	ultra	Token from concept 'TinyML Ultra-Low Power Inference': ultra	"{""source"": ""concept_extraction"", ""source_concept"": ""TINYML_INFERENCE"", ""extracted_at"": ""2026-08-03T12:28:05.457663""}"	2026-08-03T12:28:05.457666	2026-08-03T12:28:05.457667	"[""TINYML_INFERENCE""]"
KW_LOW	low	Token from concept 'TinyML Ultra-Low Power Inference': low	"{""source"": ""concept_extraction"", ""source_concept"": ""TINYML_INFERENCE"", ""extracted_at"": ""2026-08-03T12:28:05.457669""}"	2026-08-03T12:28:05.457671	2026-08-03T12:28:05.457672	"[""TINYML_INFERENCE""]"
KW_POWER	power	Token from concept 'TinyML Ultra-Low Power Inference': power	"{""source"": ""concept_extraction"", ""source_concept"": ""TINYML_INFERENCE"", ""extracted_at"": ""2026-08-03T12:28:05.457674""}"	2026-08-03T12:28:05.457677	2026-08-03T12:28:05.457677	"[""TINYML_INFERENCE""]"
KW_TRAJECTORY	trajectory	Token from concept 'Robotic Path Planning Algorithms': trajectory	"{""source"": ""concept_extraction"", ""source_concept"": ""ROBOTIC_PATH_PLANNING"", ""extracted_at"": ""2026-08-03T12:28:05.457686""}"	2026-08-03T12:28:05.457688	2026-08-03T12:28:05.457689	"[""ROBOTIC_PATH_PLANNING""]"
KW_AVOIDANCE	avoidance	Token from concept 'Robotic Path Planning Algorithms': avoidance	"{""source"": ""concept_extraction"", ""source_concept"": ""ROBOTIC_PATH_PLANNING"", ""extracted_at"": ""2026-08-03T12:28:05.457691""}"	2026-08-03T12:28:05.457694	2026-08-03T12:28:05.457694	"[""ROBOTIC_PATH_PLANNING""]"
KW_ROBOTIC	robotic	Token from concept 'Robotic Path Planning Algorithms': robotic	"{""source"": ""concept_extraction"", ""source_concept"": ""ROBOTIC_PATH_PLANNING"", ""extracted_at"": ""2026-08-03T12:28:05.457699""}"	2026-08-03T12:28:05.457702	2026-08-03T12:28:05.457702	"[""ROBOTIC_PATH_PLANNING""]"
KW_OBSTACLE	obstacle	Token from concept 'Robotic Path Planning Algorithms': obstacle	"{""source"": ""concept_extraction"", ""source_concept"": ""ROBOTIC_PATH_PLANNING"", ""extracted_at"": ""2026-08-03T12:28:05.457706""}"	2026-08-03T12:28:05.457708	2026-08-03T12:28:05.457709	"[""ROBOTIC_PATH_PLANNING""]"
KW_FUSION	fusion	Token from concept 'Simultaneous Localization and Mapping': fusion	"{""source"": ""concept_extraction"", ""source_concept"": ""SIMULTANEOUS_LOCALIZATION_MAPPING"", ""extracted_at"": ""2026-08-03T12:28:05.457717""}"	2026-08-03T12:28:05.457720	2026-08-03T12:28:05.457721	"[""SIMULTANEOUS_LOCALIZATION_MAPPING""]"
KW_LOCALIZATION	localization	Token from concept 'Simultaneous Localization and Mapping': localization	"{""source"": ""concept_extraction"", ""source_concept"": ""SIMULTANEOUS_LOCALIZATION_MAPPING"", ""extracted_at"": ""2026-08-03T12:28:05.457725""}"	2026-08-03T12:28:05.457728	2026-08-03T12:28:05.457728	"[""SIMULTANEOUS_LOCALIZATION_MAPPING""]"
KW_SIMULTANEOUS	simultaneous	Token from concept 'Simultaneous Localization and Mapping': simultaneous	"{""source"": ""concept_extraction"", ""source_concept"": ""SIMULTANEOUS_LOCALIZATION_MAPPING"", ""extracted_at"": ""2026-08-03T12:28:05.457731""}"	2026-08-03T12:28:05.457735	2026-08-03T12:28:05.457735	"[""SIMULTANEOUS_LOCALIZATION_MAPPING""]"
KW_SPATIAL	spatial	Token from concept 'Simultaneous Localization and Mapping': spatial	"{""source"": ""concept_extraction"", ""source_concept"": ""SIMULTANEOUS_LOCALIZATION_MAPPING"", ""extracted_at"": ""2026-08-03T12:28:05.457738""}"	2026-08-03T12:28:05.457740	2026-08-03T12:28:05.457741	"[""SIMULTANEOUS_LOCALIZATION_MAPPING""]"
KW_PERCEPTION	perception	Token from concept 'Simultaneous Localization and Mapping': perception	"{""source"": ""concept_extraction"", ""source_concept"": ""SIMULTANEOUS_LOCALIZATION_MAPPING"", ""extracted_at"": ""2026-08-03T12:28:05.457743""}"	2026-08-03T12:28:05.457746	2026-08-03T12:28:05.457747	"[""SIMULTANEOUS_LOCALIZATION_MAPPING""]"
KW_ACTUATION	actuation	Token from concept 'Robotic Actuation and Feedback Control': actuation	"{""source"": ""concept_extraction"", ""source_concept"": ""ROBOTIC_ACTUATION_CONTROL"", ""extracted_at"": ""2026-08-03T12:28:05.457758""}"	2026-08-03T12:28:05.457761	2026-08-03T12:28:05.457762	"[""ROBOTIC_ACTUATION_CONTROL""]"
KW_ROBOTICS	robotics	Token from concept 'Robotic Actuation and Feedback Control': robotics	"{""source"": ""concept_extraction"", ""source_concept"": ""ROBOTIC_ACTUATION_CONTROL"", ""extracted_at"": ""2026-08-03T12:28:05.457764""}"	2026-08-03T12:28:05.457766	2026-08-03T12:28:05.457767	"[""ROBOTIC_ACTUATION_CONTROL""]"
KW_CONTINUOUS	continuous	Token from concept 'Zero Trust Architecture Principles': continuous	"{""source"": ""concept_extraction"", ""source_concept"": ""ZERO_TRUST_ARCHITECTURE"", ""extracted_at"": ""2026-08-03T12:28:05.457778""}"	2026-08-03T12:28:05.457781	2026-08-03T12:28:05.457782	"[""ZERO_TRUST_ARCHITECTURE""]"
KW_MICRO	micro	Token from concept 'Zero Trust Architecture Principles': micro	"{""source"": ""concept_extraction"", ""source_concept"": ""ZERO_TRUST_ARCHITECTURE"", ""extracted_at"": ""2026-08-03T12:28:05.457784""}"	2026-08-03T12:28:05.457786	2026-08-03T12:28:05.457787	"[""ZERO_TRUST_ARCHITECTURE""]"
KW_PRIVILEGE	privilege	Token from concept 'Zero Trust Architecture Principles': privilege	"{""source"": ""concept_extraction"", ""source_concept"": ""ZERO_TRUST_ARCHITECTURE"", ""extracted_at"": ""2026-08-03T12:28:05.457789""}"	2026-08-03T12:28:05.457791	2026-08-03T12:28:05.457792	"[""ZERO_TRUST_ARCHITECTURE""]"
KW_VERIFICATION	verification	Token from concept 'Zero Trust Architecture Principles': verification	"{""source"": ""concept_extraction"", ""source_concept"": ""ZERO_TRUST_ARCHITECTURE"", ""extracted_at"": ""2026-08-03T12:28:05.457794""}"	2026-08-03T12:28:05.457797	2026-08-03T12:28:05.457798	"[""ZERO_TRUST_ARCHITECTURE""]"
KW_LEAST	least	Token from concept 'Zero Trust Architecture Principles': least	"{""source"": ""concept_extraction"", ""source_concept"": ""ZERO_TRUST_ARCHITECTURE"", ""extracted_at"": ""2026-08-03T12:28:05.457801""}"	2026-08-03T12:28:05.457803	2026-08-03T12:28:05.457804	"[""ZERO_TRUST_ARCHITECTURE""]"
KW_TRUST	trust	Token from concept 'Zero Trust Architecture Principles': trust	"{""source"": ""concept_extraction"", ""source_concept"": ""ZERO_TRUST_ARCHITECTURE"", ""extracted_at"": ""2026-08-03T12:28:05.457808""}"	2026-08-03T12:28:05.457812	2026-08-03T12:28:05.457813	"[""ZERO_TRUST_ARCHITECTURE""]"
KW_AUTHORIZATION	authorization	Token from concept 'Identity and Access Management': authorization	"{""source"": ""concept_extraction"", ""source_concept"": ""IDENTITY_AND_ACCESS_MANAGEMENT"", ""extracted_at"": ""2026-08-03T12:28:05.457824""}"	2026-08-03T12:28:05.457826	2026-08-03T12:28:05.457829	"[""IDENTITY_AND_ACCESS_MANAGEMENT""]"
KW_ASYMMETRIC	asymmetric	Token from concept 'Public Key Infrastructure Principles': asymmetric	"{""source"": ""concept_extraction"", ""source_concept"": ""PUBLIC_KEY_INFRASTRUCTURE"", ""extracted_at"": ""2026-08-03T12:28:05.457844""}"	2026-08-03T12:28:05.457846	2026-08-03T12:28:05.457847	"[""PUBLIC_KEY_INFRASTRUCTURE""]"
KW_INFRASTRUCTURE	infrastructure	Token from concept 'Public Key Infrastructure Principles': infrastructure	"{""source"": ""concept_extraction"", ""source_concept"": ""PUBLIC_KEY_INFRASTRUCTURE"", ""extracted_at"": ""2026-08-03T12:28:05.457853""}"	2026-08-03T12:28:05.457856	2026-08-03T12:28:05.457857	"[""PUBLIC_KEY_INFRASTRUCTURE""]"
KW_AUTHORITY	authority	Token from concept 'Public Key Infrastructure Principles': authority	"{""source"": ""concept_extraction"", ""source_concept"": ""PUBLIC_KEY_INFRASTRUCTURE"", ""extracted_at"": ""2026-08-03T12:28:05.457859""}"	2026-08-03T12:28:05.457861	2026-08-03T12:28:05.457862	"[""PUBLIC_KEY_INFRASTRUCTURE""]"
KW_ASSESSMENT	assessment	Token from concept 'Threat Modeling and Security Assessment': assessment	"{""source"": ""concept_extraction"", ""source_concept"": ""THREAT_MODELING_ASSESSMENT"", ""extracted_at"": ""2026-08-03T12:28:05.457871""}"	2026-08-03T12:28:05.457873	2026-08-03T12:28:05.457874	"[""THREAT_MODELING_ASSESSMENT""]"
KW_THREAT	threat	Token from concept 'Threat Modeling and Security Assessment': threat	"{""source"": ""concept_extraction"", ""source_concept"": ""THREAT_MODELING_ASSESSMENT"", ""extracted_at"": ""2026-08-03T12:28:05.457878""}"	2026-08-03T12:28:05.457881	2026-08-03T12:28:05.457882	"[""THREAT_MODELING_ASSESSMENT""]"
KW_SCANNING	scanning	Token from concept 'Threat Modeling and Security Assessment': scanning	"{""source"": ""concept_extraction"", ""source_concept"": ""THREAT_MODELING_ASSESSMENT"", ""extracted_at"": ""2026-08-03T12:28:05.457885""}"	2026-08-03T12:28:05.457888	2026-08-03T12:28:05.457888	"[""THREAT_MODELING_ASSESSMENT""]"
KW_VULNERABILITY	vulnerability	Token from concept 'Threat Modeling and Security Assessment': vulnerability	"{""source"": ""concept_extraction"", ""source_concept"": ""THREAT_MODELING_ASSESSMENT"", ""extracted_at"": ""2026-08-03T12:28:05.457891""}"	2026-08-03T12:28:05.457893	2026-08-03T12:28:05.457894	"[""THREAT_MODELING_ASSESSMENT""]"
KW_INVOCATION	invocation	Token from concept 'Model Context Protocol Standard': invocation	"{""source"": ""concept_extraction"", ""source_concept"": ""MODEL_CONTEXT_PROTOCOL_STANDARD"", ""extracted_at"": ""2026-08-03T12:28:05.457909""}"	2026-08-03T12:28:05.457912	2026-08-03T12:28:05.457913	"[""MODEL_CONTEXT_PROTOCOL_STANDARD""]"
KW_DURABLE	durable	Token from concept 'Durable Agent State Management': durable	"{""source"": ""concept_extraction"", ""source_concept"": ""DURABLE_AGENT_STATE_MANAGEMENT"", ""extracted_at"": ""2026-08-03T12:28:05.457922""}"	2026-08-03T12:28:05.457924	2026-08-03T12:28:05.457925	"[""DURABLE_AGENT_STATE_MANAGEMENT""]"
KW_STRUCTURED	structured	Token from concept 'Durable Agent State Management': structured	"{""source"": ""concept_extraction"", ""source_concept"": ""DURABLE_AGENT_STATE_MANAGEMENT"", ""extracted_at"": ""2026-08-03T12:28:05.457930""}"	2026-08-03T12:28:05.457932	2026-08-03T12:28:05.457933	"[""DURABLE_AGENT_STATE_MANAGEMENT""]"
KW_DURABILITY	durability	Token from concept 'Durable Agent State Management': durability	"{""source"": ""concept_extraction"", ""source_concept"": ""DURABLE_AGENT_STATE_MANAGEMENT"", ""extracted_at"": ""2026-08-03T12:28:05.457935""}"	2026-08-03T12:28:05.457938	2026-08-03T12:28:05.457938	"[""DURABLE_AGENT_STATE_MANAGEMENT""]"
KW_CYCLIC	cyclic	Token from concept 'Graph-Based Agentic Workflow': cyclic	"{""source"": ""concept_extraction"", ""source_concept"": ""GRAPH_BASED_AGENTIC_WORKFLOW"", ""extracted_at"": ""2026-08-03T12:28:05.457946""}"	2026-08-03T12:28:05.457948	2026-08-03T12:28:05.457949	"[""GRAPH_BASED_AGENTIC_WORKFLOW""]"
KW_EXECUTION	execution	Token from concept 'Graph-Based Agentic Workflow': execution	"{""source"": ""concept_extraction"", ""source_concept"": ""GRAPH_BASED_AGENTIC_WORKFLOW"", ""extracted_at"": ""2026-08-03T12:28:05.457957""}"	2026-08-03T12:28:05.457959	2026-08-03T12:28:05.457960	"[""GRAPH_BASED_AGENTIC_WORKFLOW""]"
KW_REASONING	reasoning	Token from concept 'Knowledge Graph-Augmented Retrieval': reasoning	"{""source"": ""concept_extraction"", ""source_concept"": ""KNOWLEDGE_GRAPH_RETRIEVAL_AUGMENTATION"", ""extracted_at"": ""2026-08-03T12:28:05.457972""}"	2026-08-03T12:28:05.457974	2026-08-03T12:28:05.457975	"[""KNOWLEDGE_GRAPH_RETRIEVAL_AUGMENTATION""]"
KW_HOP	hop	Token from concept 'Knowledge Graph-Augmented Retrieval': hop	"{""source"": ""concept_extraction"", ""source_concept"": ""KNOWLEDGE_GRAPH_RETRIEVAL_AUGMENTATION"", ""extracted_at"": ""2026-08-03T12:28:05.457981""}"	2026-08-03T12:28:05.457984	2026-08-03T12:28:05.457985	"[""KNOWLEDGE_GRAPH_RETRIEVAL_AUGMENTATION""]"
KW_SPARSE	sparse	Token from concept 'Hybrid Vector and Sparse Search': sparse	"{""source"": ""concept_extraction"", ""source_concept"": ""HYBRID_VECTOR_SPARSE_SEARCH"", ""extracted_at"": ""2026-08-03T12:28:05.457996""}"	2026-08-03T12:28:05.457998	2026-08-03T12:28:05.457999	"[""HYBRID_VECTOR_SPARSE_SEARCH""]"
KW_DENSE	dense	Token from concept 'Hybrid Vector and Sparse Search': dense	"{""source"": ""concept_extraction"", ""source_concept"": ""HYBRID_VECTOR_SPARSE_SEARCH"", ""extracted_at"": ""2026-08-03T12:28:05.458002""}"	2026-08-03T12:28:05.458005	2026-08-03T12:28:05.458006	"[""HYBRID_VECTOR_SPARSE_SEARCH""]"
KW_KEYWORD	keyword	Token from concept 'Hybrid Vector and Sparse Search': keyword	"{""source"": ""concept_extraction"", ""source_concept"": ""HYBRID_VECTOR_SPARSE_SEARCH"", ""extracted_at"": ""2026-08-03T12:28:05.458010""}"	2026-08-03T12:28:05.458013	2026-08-03T12:28:05.458013	"[""HYBRID_VECTOR_SPARSE_SEARCH""]"
KW_ACCELERATION	acceleration	Token from concept 'Compute-in-Memory Edge Acceleration': acceleration	"{""source"": ""concept_extraction"", ""source_concept"": ""COMPUTE_IN_MEMORY_ACCELERATION"", ""extracted_at"": ""2026-08-03T12:28:05.458022""}"	2026-08-03T12:28:05.458024	2026-08-03T12:28:05.458025	"[""COMPUTE_IN_MEMORY_ACCELERATION""]"
KW_COMPUTE	compute	Token from concept 'Compute-in-Memory Edge Acceleration': compute	"{""source"": ""concept_extraction"", ""source_concept"": ""COMPUTE_IN_MEMORY_ACCELERATION"", ""extracted_at"": ""2026-08-03T12:28:05.458030""}"	2026-08-03T12:28:05.458032	2026-08-03T12:28:05.458033	"[""COMPUTE_IN_MEMORY_ACCELERATION""]"
KW_LIFECYCLE	lifecycle	Token from concept 'TinyMLOps Fleet Lifecycle Management': lifecycle	"{""source"": ""concept_extraction"", ""source_concept"": ""TINY_MLOPS_LIFECYCLE_MANAGEMENT"", ""extracted_at"": ""2026-08-03T12:28:05.458043""}"	2026-08-03T12:28:05.458046	2026-08-03T12:28:05.458046	"[""TINY_MLOPS_LIFECYCLE_MANAGEMENT""]"
KW_MONITORING	monitoring	Token from concept 'TinyMLOps Fleet Lifecycle Management': monitoring	"{""source"": ""concept_extraction"", ""source_concept"": ""TINY_MLOPS_LIFECYCLE_MANAGEMENT"", ""extracted_at"": ""2026-08-03T12:28:05.458049""}"	2026-08-03T12:28:05.458051	2026-08-03T12:28:05.458052	"[""TINY_MLOPS_LIFECYCLE_MANAGEMENT""]"
KW_FLEET	fleet	Token from concept 'TinyMLOps Fleet Lifecycle Management': fleet	"{""source"": ""concept_extraction"", ""source_concept"": ""TINY_MLOPS_LIFECYCLE_MANAGEMENT"", ""extracted_at"": ""2026-08-03T12:28:05.458055""}"	2026-08-03T12:28:05.458058	2026-08-03T12:28:05.458058	"[""TINY_MLOPS_LIFECYCLE_MANAGEMENT""]"
KW_SMALL	small	Token from concept 'Small Language Model Edge Optimization': small	"{""source"": ""concept_extraction"", ""source_concept"": ""SMALL_LANGUAGE_MODEL_OPTIMIZATION"", ""extracted_at"": ""2026-08-03T12:28:05.458066""}"	2026-08-03T12:28:05.458068	2026-08-03T12:28:05.458069	"[""SMALL_LANGUAGE_MODEL_OPTIMIZATION""]"
KW_COMPUTATION	computation	Token from concept 'Pattern Recognition in Computation': computation	"{""source"": ""concept_extraction"", ""source_concept"": ""PATTERN_RECOGNITION_CONCEPT"", ""extracted_at"": ""2026-08-03T12:28:05.458082""}"	2026-08-03T12:28:05.458084	2026-08-03T12:28:05.458085	"[""PATTERN_RECOGNITION_CONCEPT""]"
KW_REUSABLE	reusable	Token from concept 'Pattern Recognition in Computation': reusable	"{""source"": ""concept_extraction"", ""source_concept"": ""PATTERN_RECOGNITION_CONCEPT"", ""extracted_at"": ""2026-08-03T12:28:05.458090""}"	2026-08-03T12:28:05.458092	2026-08-03T12:28:05.458093	"[""PATTERN_RECOGNITION_CONCEPT""]"
KW_IDENTIFICATION	identification	Token from concept 'Pattern Recognition in Computation': identification	"{""source"": ""concept_extraction"", ""source_concept"": ""PATTERN_RECOGNITION_CONCEPT"", ""extracted_at"": ""2026-08-03T12:28:05.458097""}"	2026-08-03T12:28:05.458099	2026-08-03T12:28:05.458100	"[""PATTERN_RECOGNITION_CONCEPT""]"
KW_TREND	trend	Token from concept 'Pattern Recognition in Computation': trend	"{""source"": ""concept_extraction"", ""source_concept"": ""PATTERN_RECOGNITION_CONCEPT"", ""extracted_at"": ""2026-08-03T12:28:05.458104""}"	2026-08-03T12:28:05.458106	2026-08-03T12:28:05.458107	"[""PATTERN_RECOGNITION_CONCEPT""]"
KW_UNPLUGGED	unplugged	Token from concept 'Unplugged Algorithmic Simulation': unplugged	"{""source"": ""concept_extraction"", ""source_concept"": ""UNPLUGGED_ALGORITHM_MIMICRY"", ""extracted_at"": ""2026-08-03T12:28:05.458117""}"	2026-08-03T12:28:05.458120	2026-08-03T12:28:05.458120	"[""UNPLUGGED_ALGORITHM_MIMICRY""]"
KW_GAMES	games	Token from concept 'Unplugged Algorithmic Simulation': games	"{""source"": ""concept_extraction"", ""source_concept"": ""UNPLUGGED_ALGORITHM_MIMICRY"", ""extracted_at"": ""2026-08-03T12:28:05.458123""}"	2026-08-03T12:28:05.458125	2026-08-03T12:28:05.458126	"[""UNPLUGGED_ALGORITHM_MIMICRY""]"
KW_COMPUTING	computing	Token from concept 'Unplugged Algorithmic Simulation': computing	"{""source"": ""concept_extraction"", ""source_concept"": ""UNPLUGGED_ALGORITHM_MIMICRY"", ""extracted_at"": ""2026-08-03T12:28:05.458128""}"	2026-08-03T12:28:05.458130	2026-08-03T12:28:05.458131	"[""UNPLUGGED_ALGORITHM_MIMICRY""]"
KW_CARD	card	Token from concept 'Unplugged Algorithmic Simulation': card	"{""source"": ""concept_extraction"", ""source_concept"": ""UNPLUGGED_ALGORITHM_MIMICRY"", ""extracted_at"": ""2026-08-03T12:28:05.458134""}"	2026-08-03T12:28:05.458136	2026-08-03T12:28:05.458137	"[""UNPLUGGED_ALGORITHM_MIMICRY""]"
KW_BRIDGE	bridge	Token from concept 'Visual Block to Code Transition': bridge	"{""source"": ""concept_extraction"", ""source_concept"": ""VISUAL_BLOCK_TO_CODE_TRANSITION"", ""extracted_at"": ""2026-08-03T12:28:05.458145""}"	2026-08-03T12:28:05.458147	2026-08-03T12:28:05.458148	"[""VISUAL_BLOCK_TO_CODE_TRANSITION""]"
KW_TEXT	text	Token from concept 'Visual Block to Code Transition': text	"{""source"": ""concept_extraction"", ""source_concept"": ""VISUAL_BLOCK_TO_CODE_TRANSITION"", ""extracted_at"": ""2026-08-03T12:28:05.458152""}"	2026-08-03T12:28:05.458155	2026-08-03T12:28:05.458156	"[""VISUAL_BLOCK_TO_CODE_TRANSITION""]"
KW_BLOCK	block	Token from concept 'Visual Block to Code Transition': block	"{""source"": ""concept_extraction"", ""source_concept"": ""VISUAL_BLOCK_TO_CODE_TRANSITION"", ""extracted_at"": ""2026-08-03T12:28:05.458159""}"	2026-08-03T12:28:05.458162	2026-08-03T12:28:05.458163	"[""VISUAL_BLOCK_TO_CODE_TRANSITION""]"
KW_VISUAL	visual	Token from concept 'Visual Block to Code Transition': visual	"{""source"": ""concept_extraction"", ""source_concept"": ""VISUAL_BLOCK_TO_CODE_TRANSITION"", ""extracted_at"": ""2026-08-03T12:28:05.458166""}"	2026-08-03T12:28:05.458169	2026-08-03T12:28:05.458170	"[""VISUAL_BLOCK_TO_CODE_TRANSITION""]"
KW_PSEUDO	pseudo	Token from concept 'Visual Block to Code Transition': pseudo	"{""source"": ""concept_extraction"", ""source_concept"": ""VISUAL_BLOCK_TO_CODE_TRANSITION"", ""extracted_at"": ""2026-08-03T12:28:05.458173""}"	2026-08-03T12:28:05.458176	2026-08-03T12:28:05.458177	"[""VISUAL_BLOCK_TO_CODE_TRANSITION""]"
KW_PYRAMID	pyramid	Token from concept 'Data Literacy & DIKW Pyramid': pyramid	"{""source"": ""concept_extraction"", ""source_concept"": ""DATA_LITERACY_DIKW_MODEL"", ""extracted_at"": ""2026-08-03T12:28:05.458186""}"	2026-08-03T12:28:05.458189	2026-08-03T12:28:05.458190	"[""DATA_LITERACY_DIKW_MODEL""]"
KW_LITERACY	literacy	Token from concept 'Data Literacy & DIKW Pyramid': literacy	"{""source"": ""concept_extraction"", ""source_concept"": ""DATA_LITERACY_DIKW_MODEL"", ""extracted_at"": ""2026-08-03T12:28:05.458194""}"	2026-08-03T12:28:05.458197	2026-08-03T12:28:05.458198	"[""DATA_LITERACY_DIKW_MODEL""]"
KW_KNOWLEDGE	knowledge	Token from concept 'Data Literacy & DIKW Pyramid': knowledge	"{""source"": ""concept_extraction"", ""source_concept"": ""DATA_LITERACY_DIKW_MODEL"", ""extracted_at"": ""2026-08-03T12:28:05.458203""}"	2026-08-03T12:28:05.458206	2026-08-03T12:28:05.458207	"[""DATA_LITERACY_DIKW_MODEL""]"
KW_RESPONSIBLE	responsible	Token from concept 'Ethical AI and Algorithmic Bias Awareness': responsible	"{""source"": ""concept_extraction"", ""source_concept"": ""ETHICAL_AI_AND_BIAS_AWARENESS"", ""extracted_at"": ""2026-08-03T12:28:05.458216""}"	2026-08-03T12:28:05.458218	2026-08-03T12:28:05.458219	"[""ETHICAL_AI_AND_BIAS_AWARENESS""]"
KW_ETHICAL	ethical	Token from concept 'Ethical AI and Algorithmic Bias Awareness': ethical	"{""source"": ""concept_extraction"", ""source_concept"": ""ETHICAL_AI_AND_BIAS_AWARENESS"", ""extracted_at"": ""2026-08-03T12:28:05.458223""}"	2026-08-03T12:28:05.458225	2026-08-03T12:28:05.458226	"[""ETHICAL_AI_AND_BIAS_AWARENESS""]"
KW_AUDITING	auditing	Token from concept 'AI Artifact Verification & Auditing': auditing	"{""source"": ""concept_extraction"", ""source_concept"": ""AI_ARTIFACT_VERIFICATION_AND_EVALUATION"", ""extracted_at"": ""2026-08-03T12:28:05.458242""}"	2026-08-03T12:28:05.458245	2026-08-03T12:28:05.458245	"[""AI_ARTIFACT_VERIFICATION_AND_EVALUATION""]"
KW_EVALUATION	evaluation	Token from concept 'AI Artifact Verification & Auditing': evaluation	"{""source"": ""concept_extraction"", ""source_concept"": ""AI_ARTIFACT_VERIFICATION_AND_EVALUATION"", ""extracted_at"": ""2026-08-03T12:28:05.458254""}"	2026-08-03T12:28:05.458256	2026-08-03T12:28:05.458257	"[""AI_ARTIFACT_VERIFICATION_AND_EVALUATION""]"
KW_AWARE	aware	Token from concept 'Sustainable Computing & Green AI': aware	"{""source"": ""concept_extraction"", ""source_concept"": ""SUSTAINABLE_COMPUTING_AND_EFFICIENT_AI"", ""extracted_at"": ""2026-08-03T12:28:05.458265""}"	2026-08-03T12:28:05.458267	2026-08-03T12:28:05.458268	"[""SUSTAINABLE_COMPUTING_AND_EFFICIENT_AI""]"
KW_RESOURCE	resource	Token from concept 'Sustainable Computing & Green AI': resource	"{""source"": ""concept_extraction"", ""source_concept"": ""SUSTAINABLE_COMPUTING_AND_EFFICIENT_AI"", ""extracted_at"": ""2026-08-03T12:28:05.458272""}"	2026-08-03T12:28:05.458274	2026-08-03T12:28:05.458275	"[""SUSTAINABLE_COMPUTING_AND_EFFICIENT_AI""]"
KW_ENERGY	energy	Token from concept 'Sustainable Computing & Green AI': energy	"{""source"": ""concept_extraction"", ""source_concept"": ""SUSTAINABLE_COMPUTING_AND_EFFICIENT_AI"", ""extracted_at"": ""2026-08-03T12:28:05.458277""}"	2026-08-03T12:28:05.458280	2026-08-03T12:28:05.458281	"[""SUSTAINABLE_COMPUTING_AND_EFFICIENT_AI""]"
KW_EFFICIENCY	efficiency	Token from concept 'Sustainable Computing & Green AI': efficiency	"{""source"": ""concept_extraction"", ""source_concept"": ""SUSTAINABLE_COMPUTING_AND_EFFICIENT_AI"", ""extracted_at"": ""2026-08-03T12:28:05.458283""}"	2026-08-03T12:28:05.458285	2026-08-03T12:28:05.458286	"[""SUSTAINABLE_COMPUTING_AND_EFFICIENT_AI""]"
KW_CARBON	carbon	Token from concept 'Sustainable Computing & Green AI': carbon	"{""source"": ""concept_extraction"", ""source_concept"": ""SUSTAINABLE_COMPUTING_AND_EFFICIENT_AI"", ""extracted_at"": ""2026-08-03T12:28:05.458288""}"	2026-08-03T12:28:05.458291	2026-08-03T12:28:05.458291	"[""SUSTAINABLE_COMPUTING_AND_EFFICIENT_AI""]"
KW_GREEN	green	Token from concept 'Sustainable Computing & Green AI': green	"{""source"": ""concept_extraction"", ""source_concept"": ""SUSTAINABLE_COMPUTING_AND_EFFICIENT_AI"", ""extracted_at"": ""2026-08-03T12:28:05.458294""}"	2026-08-03T12:28:05.458296	2026-08-03T12:28:05.458297	"[""SUSTAINABLE_COMPUTING_AND_EFFICIENT_AI""]"
KW_TEAMING	teaming	Token from concept 'AI Governance & Active Red-Teaming': teaming	"{""source"": ""concept_extraction"", ""source_concept"": ""AI_GOVERNANCE_AND_RED_TEAMING"", ""extracted_at"": ""2026-08-03T12:28:05.458306""}"	2026-08-03T12:28:05.458309	2026-08-03T12:28:05.458309	"[""AI_GOVERNANCE_AND_RED_TEAMING""]"
KW_MITIGATION	mitigation	Token from concept 'AI Governance & Active Red-Teaming': mitigation	"{""source"": ""concept_extraction"", ""source_concept"": ""AI_GOVERNANCE_AND_RED_TEAMING"", ""extracted_at"": ""2026-08-03T12:28:05.458313""}"	2026-08-03T12:28:05.458315	2026-08-03T12:28:05.458316	"[""AI_GOVERNANCE_AND_RED_TEAMING""]"
KW_ALIGNMENT	alignment	Token from concept 'AI Governance & Active Red-Teaming': alignment	"{""source"": ""concept_extraction"", ""source_concept"": ""AI_GOVERNANCE_AND_RED_TEAMING"", ""extracted_at"": ""2026-08-03T12:28:05.458318""}"	2026-08-03T12:28:05.458320	2026-08-03T12:28:05.458321	"[""AI_GOVERNANCE_AND_RED_TEAMING""]"
KW_GOVERNANCE	governance	Token from concept 'AI Governance & Active Red-Teaming': governance	"{""source"": ""concept_extraction"", ""source_concept"": ""AI_GOVERNANCE_AND_RED_TEAMING"", ""extracted_at"": ""2026-08-03T12:28:05.458325""}"	2026-08-03T12:28:05.458327	2026-08-03T12:28:05.458328	"[""AI_GOVERNANCE_AND_RED_TEAMING""]"
KW_ACTIVE	active	Token from concept 'AI Governance & Active Red-Teaming': active	"{""source"": ""concept_extraction"", ""source_concept"": ""AI_GOVERNANCE_AND_RED_TEAMING"", ""extracted_at"": ""2026-08-03T12:28:05.458330""}"	2026-08-03T12:28:05.458333	2026-08-03T12:28:05.458334	"[""AI_GOVERNANCE_AND_RED_TEAMING""]"
KW_RED	red	Token from concept 'AI Governance & Active Red-Teaming': red	"{""source"": ""concept_extraction"", ""source_concept"": ""AI_GOVERNANCE_AND_RED_TEAMING"", ""extracted_at"": ""2026-08-03T12:28:05.458336""}"	2026-08-03T12:28:05.458338	2026-08-03T12:28:05.458339	"[""AI_GOVERNANCE_AND_RED_TEAMING""]"
KW_GUARDRAILS	guardrails	Token from concept 'AI Governance & Active Red-Teaming': guardrails	"{""source"": ""concept_extraction"", ""source_concept"": ""AI_GOVERNANCE_AND_RED_TEAMING"", ""extracted_at"": ""2026-08-03T12:28:05.458341""}"	2026-08-03T12:28:05.458343	2026-08-03T12:28:05.458344	"[""AI_GOVERNANCE_AND_RED_TEAMING""]"
KW_PROBABILISTIC	probabilistic	Token from concept 'Probabilistic vs. Deterministic Reasoning': probabilistic	"{""source"": ""concept_extraction"", ""source_concept"": ""PROBABILISTIC_VS_DETERMINISTIC_REASONING"", ""extracted_at"": ""2026-08-03T12:28:05.458354""}"	2026-08-03T12:28:05.458357	2026-08-03T12:28:05.458358	"[""PROBABILISTIC_VS_DETERMINISTIC_REASONING""]"
KW_DETERMINISTIC	deterministic	Token from concept 'Probabilistic vs. Deterministic Reasoning': deterministic	"{""source"": ""concept_extraction"", ""source_concept"": ""PROBABILISTIC_VS_DETERMINISTIC_REASONING"", ""extracted_at"": ""2026-08-03T12:28:05.458360""}"	2026-08-03T12:28:05.458362	2026-08-03T12:28:05.458363	"[""PROBABILISTIC_VS_DETERMINISTIC_REASONING""]"
KW_EXPLAINABLE	explainable	Token from concept 'Probabilistic vs. Deterministic Reasoning': explainable	"{""source"": ""concept_extraction"", ""source_concept"": ""PROBABILISTIC_VS_DETERMINISTIC_REASONING"", ""extracted_at"": ""2026-08-03T12:28:05.458367""}"	2026-08-03T12:28:05.458369	2026-08-03T12:28:05.458370	"[""PROBABILISTIC_VS_DETERMINISTIC_REASONING""]"
KW_SEQUENCE	sequence	Token from concept 'Bioinformatics and Genomic Sequence Analysis': sequence	"{""source"": ""concept_extraction"", ""source_concept"": ""BIOINFORMATICS_GENOMIC_ANALYSIS"", ""extracted_at"": ""2026-08-03T12:28:05.458382""}"	2026-08-03T12:28:05.458384	2026-08-03T12:28:05.458385	"[""BIOINFORMATICS_GENOMIC_ANALYSIS""]"
KW_PROTEIN	protein	Token from concept 'Bioinformatics and Genomic Sequence Analysis': protein	"{""source"": ""concept_extraction"", ""source_concept"": ""BIOINFORMATICS_GENOMIC_ANALYSIS"", ""extracted_at"": ""2026-08-03T12:28:05.458387""}"	2026-08-03T12:28:05.458389	2026-08-03T12:28:05.458390	"[""BIOINFORMATICS_GENOMIC_ANALYSIS""]"
KW_GENOMIC	genomic	Token from concept 'Bioinformatics and Genomic Sequence Analysis': genomic	"{""source"": ""concept_extraction"", ""source_concept"": ""BIOINFORMATICS_GENOMIC_ANALYSIS"", ""extracted_at"": ""2026-08-03T12:28:05.458392""}"	2026-08-03T12:28:05.458396	2026-08-03T12:28:05.458397	"[""BIOINFORMATICS_GENOMIC_ANALYSIS""]"
KW_SEQUENCING	sequencing	Token from concept 'Bioinformatics and Genomic Sequence Analysis': sequencing	"{""source"": ""concept_extraction"", ""source_concept"": ""BIOINFORMATICS_GENOMIC_ANALYSIS"", ""extracted_at"": ""2026-08-03T12:28:05.458399""}"	2026-08-03T12:28:05.458402	2026-08-03T12:28:05.458402	"[""BIOINFORMATICS_GENOMIC_ANALYSIS""]"
KW_BIOINFORMATICS	bioinformatics	Token from concept 'Bioinformatics and Genomic Sequence Analysis': bioinformatics	"{""source"": ""concept_extraction"", ""source_concept"": ""BIOINFORMATICS_GENOMIC_ANALYSIS"", ""extracted_at"": ""2026-08-03T12:28:05.458405""}"	2026-08-03T12:28:05.458407	2026-08-03T12:28:05.458408	"[""BIOINFORMATICS_GENOMIC_ANALYSIS""]"
KW_FOLDING	folding	Token from concept 'Bioinformatics and Genomic Sequence Analysis': folding	"{""source"": ""concept_extraction"", ""source_concept"": ""BIOINFORMATICS_GENOMIC_ANALYSIS"", ""extracted_at"": ""2026-08-03T12:28:05.458411""}"	2026-08-03T12:28:05.458413	2026-08-03T12:28:05.458414	"[""BIOINFORMATICS_GENOMIC_ANALYSIS""]"
KW_FLUID	fluid	Token from concept 'Computational Physics and Fluid Dynamics': fluid	"{""source"": ""concept_extraction"", ""source_concept"": ""PHYSICAL_FLUID_DYNAMICS_SIMULATION"", ""extracted_at"": ""2026-08-03T12:28:05.458423""}"	2026-08-03T12:28:05.458425	2026-08-03T12:28:05.458426	"[""PHYSICAL_FLUID_DYNAMICS_SIMULATION""]"
KW_COMPUTATIONAL	computational	Token from concept 'Computational Physics and Fluid Dynamics': computational	"{""source"": ""concept_extraction"", ""source_concept"": ""PHYSICAL_FLUID_DYNAMICS_SIMULATION"", ""extracted_at"": ""2026-08-03T12:28:05.458432""}"	2026-08-03T12:28:05.458434	2026-08-03T12:28:05.458435	"[""PHYSICAL_FLUID_DYNAMICS_SIMULATION""]"
KW_NUMERICAL	numerical	Token from concept 'Computational Physics and Fluid Dynamics': numerical	"{""source"": ""concept_extraction"", ""source_concept"": ""PHYSICAL_FLUID_DYNAMICS_SIMULATION"", ""extracted_at"": ""2026-08-03T12:28:05.458437""}"	2026-08-03T12:28:05.458439	2026-08-03T12:28:05.458440	"[""PHYSICAL_FLUID_DYNAMICS_SIMULATION""]"
KW_MOLECULAR	molecular	Token from concept 'Molecular Dynamics and Materials Computing': molecular	"{""source"": ""concept_extraction"", ""source_concept"": ""MOLECULAR_DYNAMICS_MODELING"", ""extracted_at"": ""2026-08-03T12:28:05.458449""}"	2026-08-03T12:28:05.458451	2026-08-03T12:28:05.458452	"[""MOLECULAR_DYNAMICS_MODELING""]"
KW_ATOMIC	atomic	Token from concept 'Molecular Dynamics and Materials Computing': atomic	"{""source"": ""concept_extraction"", ""source_concept"": ""MOLECULAR_DYNAMICS_MODELING"", ""extracted_at"": ""2026-08-03T12:28:05.458455""}"	2026-08-03T12:28:05.458458	2026-08-03T12:28:05.458459	"[""MOLECULAR_DYNAMICS_MODELING""]"
KW_SCIENCE	science	Token from concept 'Molecular Dynamics and Materials Computing': science	"{""source"": ""concept_extraction"", ""source_concept"": ""MOLECULAR_DYNAMICS_MODELING"", ""extracted_at"": ""2026-08-03T12:28:05.458463""}"	2026-08-03T12:28:05.458465	2026-08-03T12:28:05.458466	"[""MOLECULAR_DYNAMICS_MODELING""]"
KW_MATERIALS	materials	Token from concept 'Molecular Dynamics and Materials Computing': materials	"{""source"": ""concept_extraction"", ""source_concept"": ""MOLECULAR_DYNAMICS_MODELING"", ""extracted_at"": ""2026-08-03T12:28:05.458468""}"	2026-08-03T12:28:05.458471	2026-08-03T12:28:05.458471	"[""MOLECULAR_DYNAMICS_MODELING""]"
KW_CRYPTOGRAPHIC	cryptographic	Token from concept 'Decentralized Ledger Cryptographic Consensus': cryptographic	"{""source"": ""concept_extraction"", ""source_concept"": ""DECENTRALIZED_LEDGER_CONSENSUS"", ""extracted_at"": ""2026-08-03T12:28:05.458478""}"	2026-08-03T12:28:05.458481	2026-08-03T12:28:05.458482	"[""DECENTRALIZED_LEDGER_CONSENSUS""]"
KW_CONTRACT	contract	Token from concept 'Decentralized Ledger Cryptographic Consensus': contract	"{""source"": ""concept_extraction"", ""source_concept"": ""DECENTRALIZED_LEDGER_CONSENSUS"", ""extracted_at"": ""2026-08-03T12:28:05.458484""}"	2026-08-03T12:28:05.458486	2026-08-03T12:28:05.458487	"[""DECENTRALIZED_LEDGER_CONSENSUS""]"
KW_CONSENSUS	consensus	Token from concept 'Decentralized Ledger Cryptographic Consensus': consensus	"{""source"": ""concept_extraction"", ""source_concept"": ""DECENTRALIZED_LEDGER_CONSENSUS"", ""extracted_at"": ""2026-08-03T12:28:05.458490""}"	2026-08-03T12:28:05.458493	2026-08-03T12:28:05.458494	"[""DECENTRALIZED_LEDGER_CONSENSUS""]"
KW_BLOCKCHAIN	blockchain	Token from concept 'Decentralized Ledger Cryptographic Consensus': blockchain	"{""source"": ""concept_extraction"", ""source_concept"": ""DECENTRALIZED_LEDGER_CONSENSUS"", ""extracted_at"": ""2026-08-03T12:28:05.458496""}"	2026-08-03T12:28:05.458498	2026-08-03T12:28:05.458499	"[""DECENTRALIZED_LEDGER_CONSENSUS""]"
KW_SMART	smart	Token from concept 'Decentralized Ledger Cryptographic Consensus': smart	"{""source"": ""concept_extraction"", ""source_concept"": ""DECENTRALIZED_LEDGER_CONSENSUS"", ""extracted_at"": ""2026-08-03T12:28:05.458501""}"	2026-08-03T12:28:05.458504	2026-08-03T12:28:05.458505	"[""DECENTRALIZED_LEDGER_CONSENSUS""]"
KW_LEDGER	ledger	Token from concept 'Decentralized Ledger Cryptographic Consensus': ledger	"{""source"": ""concept_extraction"", ""source_concept"": ""DECENTRALIZED_LEDGER_CONSENSUS"", ""extracted_at"": ""2026-08-03T12:28:05.458507""}"	2026-08-03T12:28:05.458509	2026-08-03T12:28:05.458510	"[""DECENTRALIZED_LEDGER_CONSENSUS""]"
KW_DECENTRALIZED	decentralized	Token from concept 'Decentralized Ledger Cryptographic Consensus': decentralized	"{""source"": ""concept_extraction"", ""source_concept"": ""DECENTRALIZED_LEDGER_CONSENSUS"", ""extracted_at"": ""2026-08-03T12:28:05.458512""}"	2026-08-03T12:28:05.458514	2026-08-03T12:28:05.458515	"[""DECENTRALIZED_LEDGER_CONSENSUS""]"
KW_RECONSTRUCTION	reconstruction	Token from concept 'Spatial Computing and Extended Reality Mapping': reconstruction	"{""source"": ""concept_extraction"", ""source_concept"": ""SPATIAL_COMPUTING_XR_MAPPING"", ""extracted_at"": ""2026-08-03T12:28:05.458523""}"	2026-08-03T12:28:05.458525	2026-08-03T12:28:05.458526	"[""SPATIAL_COMPUTING_XR_MAPPING""]"
KW_EXTENDED	extended	Token from concept 'Spatial Computing and Extended Reality Mapping': extended	"{""source"": ""concept_extraction"", ""source_concept"": ""SPATIAL_COMPUTING_XR_MAPPING"", ""extracted_at"": ""2026-08-03T12:28:05.458528""}"	2026-08-03T12:28:05.458530	2026-08-03T12:28:05.458531	"[""SPATIAL_COMPUTING_XR_MAPPING""]"
KW_REALITY	reality	Token from concept 'Spatial Computing and Extended Reality Mapping': reality	"{""source"": ""concept_extraction"", ""source_concept"": ""SPATIAL_COMPUTING_XR_MAPPING"", ""extracted_at"": ""2026-08-03T12:28:05.458538""}"	2026-08-03T12:28:05.458540	2026-08-03T12:28:05.458541	"[""SPATIAL_COMPUTING_XR_MAPPING""]"
KW_MECHATRONICS	mechatronics	Token from concept 'Mechatronics and Control Systems Diagnostics': mechatronics	"{""source"": ""concept_extraction"", ""source_concept"": ""MECHATRONICS_SYSTEMS_DIAGNOSTICS"", ""extracted_at"": ""2026-08-03T12:28:05.458550""}"	2026-08-03T12:28:05.458552	2026-08-03T12:28:05.458553	"[""MECHATRONICS_SYSTEMS_DIAGNOSTICS""]"
KW_FREQUENCY	frequency	Token from concept 'Fourier Transform and Frequency Analysis': frequency	"{""source"": ""concept_extraction"", ""source_concept"": ""FOURIER_TRANSFORM_SIGNAL_ANALYSIS"", ""extracted_at"": ""2026-08-03T12:28:05.458567""}"	2026-08-03T12:28:05.458570	2026-08-03T12:28:05.458571	"[""FOURIER_TRANSFORM_SIGNAL_ANALYSIS""]"
KW_FOURIER	fourier	Token from concept 'Fourier Transform and Frequency Analysis': fourier	"{""source"": ""concept_extraction"", ""source_concept"": ""FOURIER_TRANSFORM_SIGNAL_ANALYSIS"", ""extracted_at"": ""2026-08-03T12:28:05.458573""}"	2026-08-03T12:28:05.458575	2026-08-03T12:28:05.458576	"[""FOURIER_TRANSFORM_SIGNAL_ANALYSIS""]"
KW_SIGNAL	signal	Token from concept 'Fourier Transform and Frequency Analysis': signal	"{""source"": ""concept_extraction"", ""source_concept"": ""FOURIER_TRANSFORM_SIGNAL_ANALYSIS"", ""extracted_at"": ""2026-08-03T12:28:05.458583""}"	2026-08-03T12:28:05.458585	2026-08-03T12:28:05.458586	"[""FOURIER_TRANSFORM_SIGNAL_ANALYSIS""]"
KW_SAMPLING	sampling	Token from concept 'Digital Filtering and Nyquist Sampling Theorem': sampling	"{""source"": ""concept_extraction"", ""source_concept"": ""DIGITAL_FILTERING_AND_SAMPLING"", ""extracted_at"": ""2026-08-03T12:28:05.458593""}"	2026-08-03T12:28:05.458595	2026-08-03T12:28:05.458596	"[""DIGITAL_FILTERING_AND_SAMPLING""]"
KW_FILTERING	filtering	Token from concept 'Digital Filtering and Nyquist Sampling Theorem': filtering	"{""source"": ""concept_extraction"", ""source_concept"": ""DIGITAL_FILTERING_AND_SAMPLING"", ""extracted_at"": ""2026-08-03T12:28:05.458598""}"	2026-08-03T12:28:05.458600	2026-08-03T12:28:05.458601	"[""DIGITAL_FILTERING_AND_SAMPLING""]"
KW_NYQUIST	nyquist	Token from concept 'Digital Filtering and Nyquist Sampling Theorem': nyquist	"{""source"": ""concept_extraction"", ""source_concept"": ""DIGITAL_FILTERING_AND_SAMPLING"", ""extracted_at"": ""2026-08-03T12:28:05.458607""}"	2026-08-03T12:28:05.458609	2026-08-03T12:28:05.458610	"[""DIGITAL_FILTERING_AND_SAMPLING""]"
KW_FACTORIZATION	factorization	Token from concept 'Singular Value Decomposition and Tensor Operations': factorization	"{""source"": ""concept_extraction"", ""source_concept"": ""SINGULAR_VALUE_DECOMPOSITION"", ""extracted_at"": ""2026-08-03T12:28:05.458621""}"	2026-08-03T12:28:05.458624	2026-08-03T12:28:05.458624	"[""SINGULAR_VALUE_DECOMPOSITION""]"
KW_TENSOR	tensor	Token from concept 'Singular Value Decomposition and Tensor Operations': tensor	"{""source"": ""concept_extraction"", ""source_concept"": ""SINGULAR_VALUE_DECOMPOSITION"", ""extracted_at"": ""2026-08-03T12:28:05.458630""}"	2026-08-03T12:28:05.458632	2026-08-03T12:28:05.458633	"[""SINGULAR_VALUE_DECOMPOSITION""]"
KW_SINGULAR	singular	Token from concept 'Singular Value Decomposition and Tensor Operations': singular	"{""source"": ""concept_extraction"", ""source_concept"": ""SINGULAR_VALUE_DECOMPOSITION"", ""extracted_at"": ""2026-08-03T12:28:05.458635""}"	2026-08-03T12:28:05.458638	2026-08-03T12:28:05.458639	"[""SINGULAR_VALUE_DECOMPOSITION""]"
KW_GRADIENT	gradient	Token from concept 'Gradient Descent and Convex Optimization': gradient	"{""source"": ""concept_extraction"", ""source_concept"": ""GRADIENT_DESCENT_OPTIMIZATION"", ""extracted_at"": ""2026-08-03T12:28:05.458646""}"	2026-08-03T12:28:05.458648	2026-08-03T12:28:05.458649	"[""GRADIENT_DESCENT_OPTIMIZATION""]"
KW_LOSS	loss	Token from concept 'Gradient Descent and Convex Optimization': loss	"{""source"": ""concept_extraction"", ""source_concept"": ""GRADIENT_DESCENT_OPTIMIZATION"", ""extracted_at"": ""2026-08-03T12:28:05.458651""}"	2026-08-03T12:28:05.458653	2026-08-03T12:28:05.458654	"[""GRADIENT_DESCENT_OPTIMIZATION""]"
KW_CONVEX	convex	Token from concept 'Gradient Descent and Convex Optimization': convex	"{""source"": ""concept_extraction"", ""source_concept"": ""GRADIENT_DESCENT_OPTIMIZATION"", ""extracted_at"": ""2026-08-03T12:28:05.458656""}"	2026-08-03T12:28:05.458658	2026-08-03T12:28:05.458659	"[""GRADIENT_DESCENT_OPTIMIZATION""]"
KW_LANDSCAPE	landscape	Token from concept 'Gradient Descent and Convex Optimization': landscape	"{""source"": ""concept_extraction"", ""source_concept"": ""GRADIENT_DESCENT_OPTIMIZATION"", ""extracted_at"": ""2026-08-03T12:28:05.458661""}"	2026-08-03T12:28:05.458664	2026-08-03T12:28:05.458664	"[""GRADIENT_DESCENT_OPTIMIZATION""]"
KW_BACKPROPAGATION	backpropagation	Token from concept 'Gradient Descent and Convex Optimization': backpropagation	"{""source"": ""concept_extraction"", ""source_concept"": ""GRADIENT_DESCENT_OPTIMIZATION"", ""extracted_at"": ""2026-08-03T12:28:05.458668""}"	2026-08-03T12:28:05.458670	2026-08-03T12:28:05.458671	"[""GRADIENT_DESCENT_OPTIMIZATION""]"
KW_DESCENT	descent	Token from concept 'Gradient Descent and Convex Optimization': descent	"{""source"": ""concept_extraction"", ""source_concept"": ""GRADIENT_DESCENT_OPTIMIZATION"", ""extracted_at"": ""2026-08-03T12:28:05.458674""}"	2026-08-03T12:28:05.458677	2026-08-03T12:28:05.458677	"[""GRADIENT_DESCENT_OPTIMIZATION""]"
KW_DIVERGENCE	divergence	Token from concept 'Information Entropy and Mutual Information': divergence	"{""source"": ""concept_extraction"", ""source_concept"": ""INFORMATION_ENTROPY_METRICS"", ""extracted_at"": ""2026-08-03T12:28:05.458685""}"	2026-08-03T12:28:05.458687	2026-08-03T12:28:05.458688	"[""INFORMATION_ENTROPY_METRICS""]"
KW_MUTUAL	mutual	Token from concept 'Information Entropy and Mutual Information': mutual	"{""source"": ""concept_extraction"", ""source_concept"": ""INFORMATION_ENTROPY_METRICS"", ""extracted_at"": ""2026-08-03T12:28:05.458690""}"	2026-08-03T12:28:05.458692	2026-08-03T12:28:05.458693	"[""INFORMATION_ENTROPY_METRICS""]"
KW_SHANNON	shannon	Token from concept 'Information Entropy and Mutual Information': shannon	"{""source"": ""concept_extraction"", ""source_concept"": ""INFORMATION_ENTROPY_METRICS"", ""extracted_at"": ""2026-08-03T12:28:05.458699""}"	2026-08-03T12:28:05.458702	2026-08-03T12:28:05.458703	"[""INFORMATION_ENTROPY_METRICS""]"
KW_ENTROPY	entropy	Token from concept 'Information Entropy and Mutual Information': entropy	"{""source"": ""concept_extraction"", ""source_concept"": ""INFORMATION_ENTROPY_METRICS"", ""extracted_at"": ""2026-08-03T12:28:05.458705""}"	2026-08-03T12:28:05.458709	2026-08-03T12:28:05.458710	"[""INFORMATION_ENTROPY_METRICS""]"
KW_GENETIC	genetic	Token from concept 'Computational Genetics and Evolutionary Models': genetic	"{""source"": ""concept_extraction"", ""source_concept"": ""COMPUTATIONAL_GENETICS_MODELS"", ""extracted_at"": ""2026-08-03T12:28:05.458719""}"	2026-08-03T12:28:05.458721	2026-08-03T12:28:05.458722	"[""COMPUTATIONAL_GENETICS_MODELS""]"
KW_GENETICS	genetics	Token from concept 'Computational Genetics and Evolutionary Models': genetics	"{""source"": ""concept_extraction"", ""source_concept"": ""COMPUTATIONAL_GENETICS_MODELS"", ""extracted_at"": ""2026-08-03T12:28:05.458724""}"	2026-08-03T12:28:05.458727	2026-08-03T12:28:05.458728	"[""COMPUTATIONAL_GENETICS_MODELS""]"
KW_EVOLUTIONARY	evolutionary	Token from concept 'Computational Genetics and Evolutionary Models': evolutionary	"{""source"": ""concept_extraction"", ""source_concept"": ""COMPUTATIONAL_GENETICS_MODELS"", ""extracted_at"": ""2026-08-03T12:28:05.458733""}"	2026-08-03T12:28:05.458736	2026-08-03T12:28:05.458736	"[""COMPUTATIONAL_GENETICS_MODELS""]"
KW_HYPOTHESIS	hypothesis	Token from concept 'Scientific Inquiry and Experimental Method': hypothesis	"{""source"": ""concept_extraction"", ""source_concept"": ""SCIENTIFIC_INQUIRY_METHOD"", ""extracted_at"": ""2026-08-03T12:28:05.458744""}"	2026-08-03T12:28:05.458746	2026-08-03T12:28:05.458747	"[""SCIENTIFIC_INQUIRY_METHOD""]"
KW_SCIENTIFIC	scientific	Token from concept 'Scientific Inquiry and Experimental Method': scientific	"{""source"": ""concept_extraction"", ""source_concept"": ""SCIENTIFIC_INQUIRY_METHOD"", ""extracted_at"": ""2026-08-03T12:28:05.458750""}"	2026-08-03T12:28:05.458752	2026-08-03T12:28:05.458753	"[""SCIENTIFIC_INQUIRY_METHOD""]"
KW_EXPERIMENTAL	experimental	Token from concept 'Scientific Inquiry and Experimental Method': experimental	"{""source"": ""concept_extraction"", ""source_concept"": ""SCIENTIFIC_INQUIRY_METHOD"", ""extracted_at"": ""2026-08-03T12:28:05.458756""}"	2026-08-03T12:28:05.458758	2026-08-03T12:28:05.458759	"[""SCIENTIFIC_INQUIRY_METHOD""]"
KW_COLLECTION	collection	Token from concept 'Scientific Inquiry and Experimental Method': collection	"{""source"": ""concept_extraction"", ""source_concept"": ""SCIENTIFIC_INQUIRY_METHOD"", ""extracted_at"": ""2026-08-03T12:28:05.458761""}"	2026-08-03T12:28:05.458763	2026-08-03T12:28:05.458764	"[""SCIENTIFIC_INQUIRY_METHOD""]"
KW_INQUIRY	inquiry	Token from concept 'Scientific Inquiry and Experimental Method': inquiry	"{""source"": ""concept_extraction"", ""source_concept"": ""SCIENTIFIC_INQUIRY_METHOD"", ""extracted_at"": ""2026-08-03T12:28:05.458768""}"	2026-08-03T12:28:05.458770	2026-08-03T12:28:05.458771	"[""SCIENTIFIC_INQUIRY_METHOD""]"
KW_CROSSCUTTING	crosscutting	Token from concept 'Crosscutting Concepts in Science and Systems': crosscutting	"{""source"": ""concept_extraction"", ""source_concept"": ""CROSSCUTTING_SCIENCE_CONCEPTS"", ""extracted_at"": ""2026-08-03T12:28:05.458796""}"	2026-08-03T12:28:05.458798	2026-08-03T12:28:05.458799	"[""CROSSCUTTING_SCIENCE_CONCEPTS""]"
KW_CONCEPTS	concepts	Token from concept 'Crosscutting Concepts in Science and Systems': concepts	"{""source"": ""concept_extraction"", ""source_concept"": ""CROSSCUTTING_SCIENCE_CONCEPTS"", ""extracted_at"": ""2026-08-03T12:28:05.458803""}"	2026-08-03T12:28:05.458805	2026-08-03T12:28:05.458806	"[""CROSSCUTTING_SCIENCE_CONCEPTS""]"
KW_CAUSE	cause	Token from concept 'Crosscutting Concepts in Science and Systems': cause	"{""source"": ""concept_extraction"", ""source_concept"": ""CROSSCUTTING_SCIENCE_CONCEPTS"", ""extracted_at"": ""2026-08-03T12:28:05.458810""}"	2026-08-03T12:28:05.458813	2026-08-03T12:28:05.458814	"[""CROSSCUTTING_SCIENCE_CONCEPTS""]"
KW_EMPATHIZE	empathize	Token from concept 'Design Thinking & Human-Centered Innovation': empathize	"{""source"": ""concept_extraction"", ""source_concept"": ""DESIGN_THINKING_PROCESS"", ""extracted_at"": ""2026-08-03T12:28:05.458825""}"	2026-08-03T12:28:05.458827	2026-08-03T12:28:05.458828	"[""DESIGN_THINKING_PROCESS""]"
KW_IDEATE	ideate	Token from concept 'Design Thinking & Human-Centered Innovation': ideate	"{""source"": ""concept_extraction"", ""source_concept"": ""DESIGN_THINKING_PROCESS"", ""extracted_at"": ""2026-08-03T12:28:05.458831""}"	2026-08-03T12:28:05.458833	2026-08-03T12:28:05.458834	"[""DESIGN_THINKING_PROCESS""]"
KW_HUMAN	human	Token from concept 'Design Thinking & Human-Centered Innovation': human	"{""source"": ""concept_extraction"", ""source_concept"": ""DESIGN_THINKING_PROCESS"", ""extracted_at"": ""2026-08-03T12:28:05.458838""}"	2026-08-03T12:28:05.458840	2026-08-03T12:28:05.458841	"[""DESIGN_THINKING_PROCESS""]"
KW_INNOVATION	innovation	Token from concept 'Design Thinking & Human-Centered Innovation': innovation	"{""source"": ""concept_extraction"", ""source_concept"": ""DESIGN_THINKING_PROCESS"", ""extracted_at"": ""2026-08-03T12:28:05.458845""}"	2026-08-03T12:28:05.458848	2026-08-03T12:28:05.458848	"[""DESIGN_THINKING_PROCESS""]"
KW_CONTRAST	contrast	Token from concept 'Color Theory and Digital Palette Systems': contrast	"{""source"": ""concept_extraction"", ""source_concept"": ""COLOR_THEORY_AND_PALETTE_DESIGN"", ""extracted_at"": ""2026-08-03T12:28:05.458860""}"	2026-08-03T12:28:05.458862	2026-08-03T12:28:05.458863	"[""COLOR_THEORY_AND_PALETTE_DESIGN""]"
KW_HARMONY	harmony	Token from concept 'Color Theory and Digital Palette Systems': harmony	"{""source"": ""concept_extraction"", ""source_concept"": ""COLOR_THEORY_AND_PALETTE_DESIGN"", ""extracted_at"": ""2026-08-03T12:28:05.458865""}"	2026-08-03T12:28:05.458867	2026-08-03T12:28:05.458868	"[""COLOR_THEORY_AND_PALETTE_DESIGN""]"
KW_PALETTE	palette	Token from concept 'Color Theory and Digital Palette Systems': palette	"{""source"": ""concept_extraction"", ""source_concept"": ""COLOR_THEORY_AND_PALETTE_DESIGN"", ""extracted_at"": ""2026-08-03T12:28:05.458873""}"	2026-08-03T12:28:05.458875	2026-08-03T12:28:05.458876	"[""COLOR_THEORY_AND_PALETTE_DESIGN""]"
KW_TRACKING	tracking	Token from concept 'Typography and Visual Hierarchy Systems': tracking	"{""source"": ""concept_extraction"", ""source_concept"": ""TYPOGRAPHY_AND_VISUAL_HIERARCHY"", ""extracted_at"": ""2026-08-03T12:28:05.458885""}"	2026-08-03T12:28:05.458887	2026-08-03T12:28:05.458888	"[""TYPOGRAPHY_AND_VISUAL_HIERARCHY""]"
KW_FONT	font	Token from concept 'Typography and Visual Hierarchy Systems': font	"{""source"": ""concept_extraction"", ""source_concept"": ""TYPOGRAPHY_AND_VISUAL_HIERARCHY"", ""extracted_at"": ""2026-08-03T12:28:05.458892""}"	2026-08-03T12:28:05.458895	2026-08-03T12:28:05.458895	"[""TYPOGRAPHY_AND_VISUAL_HIERARCHY""]"
KW_LEADING	leading	Token from concept 'Typography and Visual Hierarchy Systems': leading	"{""source"": ""concept_extraction"", ""source_concept"": ""TYPOGRAPHY_AND_VISUAL_HIERARCHY"", ""extracted_at"": ""2026-08-03T12:28:05.458899""}"	2026-08-03T12:28:05.458901	2026-08-03T12:28:05.458902	"[""TYPOGRAPHY_AND_VISUAL_HIERARCHY""]"
KW_GRID	grid	Token from concept 'Layout Grid and Compositional Rules': grid	"{""source"": ""concept_extraction"", ""source_concept"": ""LAYOUT_GRID_AND_COMPOSITION_RULES"", ""extracted_at"": ""2026-08-03T12:28:05.458911""}"	2026-08-03T12:28:05.458913	2026-08-03T12:28:05.458914	"[""LAYOUT_GRID_AND_COMPOSITION_RULES""]"
KW_GOLDEN	golden	Token from concept 'Layout Grid and Compositional Rules': golden	"{""source"": ""concept_extraction"", ""source_concept"": ""LAYOUT_GRID_AND_COMPOSITION_RULES"", ""extracted_at"": ""2026-08-03T12:28:05.458919""}"	2026-08-03T12:28:05.458921	2026-08-03T12:28:05.458922	"[""LAYOUT_GRID_AND_COMPOSITION_RULES""]"
KW_RATIO	ratio	Token from concept 'Layout Grid and Compositional Rules': ratio	"{""source"": ""concept_extraction"", ""source_concept"": ""LAYOUT_GRID_AND_COMPOSITION_RULES"", ""extracted_at"": ""2026-08-03T12:28:05.458926""}"	2026-08-03T12:28:05.458928	2026-08-03T12:28:05.458929	"[""LAYOUT_GRID_AND_COMPOSITION_RULES""]"
KW_NOISE	noise	Token from concept 'Algorithmic and Generative Art': noise	"{""source"": ""concept_extraction"", ""source_concept"": ""ALGORITHMIC_GENERATIVE_ART"", ""extracted_at"": ""2026-08-03T12:28:05.458938""}"	2026-08-03T12:28:05.458940	2026-08-03T12:28:05.458941	"[""ALGORITHMIC_GENERATIVE_ART""]"
KW_FRACTALS	fractals	Token from concept 'Algorithmic and Generative Art': fractals	"{""source"": ""concept_extraction"", ""source_concept"": ""ALGORITHMIC_GENERATIVE_ART"", ""extracted_at"": ""2026-08-03T12:28:05.458944""}"	2026-08-03T12:28:05.458947	2026-08-03T12:28:05.458947	"[""ALGORITHMIC_GENERATIVE_ART""]"
KW_CODING	coding	Token from concept 'Algorithmic and Generative Art': coding	"{""source"": ""concept_extraction"", ""source_concept"": ""ALGORITHMIC_GENERATIVE_ART"", ""extracted_at"": ""2026-08-03T12:28:05.458951""}"	2026-08-03T12:28:05.458953	2026-08-03T12:28:05.458954	"[""ALGORITHMIC_GENERATIVE_ART""]"
KW_ART	art	Token from concept 'Algorithmic and Generative Art': art	"{""source"": ""concept_extraction"", ""source_concept"": ""ALGORITHMIC_GENERATIVE_ART"", ""extracted_at"": ""2026-08-03T12:28:05.458956""}"	2026-08-03T12:28:05.458958	2026-08-03T12:28:05.458959	"[""ALGORITHMIC_GENERATIVE_ART""]"
KW_GENERATIVE	generative	Token from concept 'Algorithmic and Generative Art': generative	"{""source"": ""concept_extraction"", ""source_concept"": ""ALGORITHMIC_GENERATIVE_ART"", ""extracted_at"": ""2026-08-03T12:28:05.458961""}"	2026-08-03T12:28:05.458964	2026-08-03T12:28:05.458964	"[""ALGORITHMIC_GENERATIVE_ART""]"
KW_STANDARDS	standards	Token from concept 'Inclusive Design and Accessibility Standards': standards	"{""source"": ""concept_extraction"", ""source_concept"": ""INCLUSIVE_DESIGN_ACCESSIBILITY_WCAG"", ""extracted_at"": ""2026-08-03T12:28:05.458974""}"	2026-08-03T12:28:05.458977	2026-08-03T12:28:05.458978	"[""INCLUSIVE_DESIGN_ACCESSIBILITY_WCAG""]"
KW_INCLUSIVE	inclusive	Token from concept 'Inclusive Design and Accessibility Standards': inclusive	"{""source"": ""concept_extraction"", ""source_concept"": ""INCLUSIVE_DESIGN_ACCESSIBILITY_WCAG"", ""extracted_at"": ""2026-08-03T12:28:05.458982""}"	2026-08-03T12:28:05.458985	2026-08-03T12:28:05.458986	"[""INCLUSIVE_DESIGN_ACCESSIBILITY_WCAG""]"
KW_BIO	bio	Token from concept 'Neuromorphic Computing and Spiking Neurons': bio	"{""source"": ""concept_extraction"", ""source_concept"": ""NEUROMORPHIC_COMPUTING_SPIKING_NEURONS"", ""extracted_at"": ""2026-08-03T12:28:05.459002""}"	2026-08-03T12:28:05.459005	2026-08-03T12:28:05.459006	"[""NEUROMORPHIC_COMPUTING_SPIKING_NEURONS""]"
KW_NEUROMORPHIC	neuromorphic	Token from concept 'Neuromorphic Computing and Spiking Neurons': neuromorphic	"{""source"": ""concept_extraction"", ""source_concept"": ""NEUROMORPHIC_COMPUTING_SPIKING_NEURONS"", ""extracted_at"": ""2026-08-03T12:28:05.459008""}"	2026-08-03T12:28:05.459012	2026-08-03T12:28:05.459013	"[""NEUROMORPHIC_COMPUTING_SPIKING_NEURONS""]"
KW_SPIKING	spiking	Token from concept 'Neuromorphic Computing and Spiking Neurons': spiking	"{""source"": ""concept_extraction"", ""source_concept"": ""NEUROMORPHIC_COMPUTING_SPIKING_NEURONS"", ""extracted_at"": ""2026-08-03T12:28:05.459015""}"	2026-08-03T12:28:05.459017	2026-08-03T12:28:05.459018	"[""NEUROMORPHIC_COMPUTING_SPIKING_NEURONS""]"
KW_ANT	ant	Token from concept 'Swarm Intelligence and Collective Behavior': ant	"{""source"": ""concept_extraction"", ""source_concept"": ""SWARM_INTELLIGENCE_OPTIMIZATION"", ""extracted_at"": ""2026-08-03T12:28:05.459032""}"	2026-08-03T12:28:05.459034	2026-08-03T12:28:05.459035	"[""SWARM_INTELLIGENCE_OPTIMIZATION""]"
KW_INTELLIGENCE	intelligence	Token from concept 'Swarm Intelligence and Collective Behavior': intelligence	"{""source"": ""concept_extraction"", ""source_concept"": ""SWARM_INTELLIGENCE_OPTIMIZATION"", ""extracted_at"": ""2026-08-03T12:28:05.459037""}"	2026-08-03T12:28:05.459040	2026-08-03T12:28:05.459041	"[""SWARM_INTELLIGENCE_OPTIMIZATION""]"
KW_SWARM	swarm	Token from concept 'Swarm Intelligence and Collective Behavior': swarm	"{""source"": ""concept_extraction"", ""source_concept"": ""SWARM_INTELLIGENCE_OPTIMIZATION"", ""extracted_at"": ""2026-08-03T12:28:05.459043""}"	2026-08-03T12:28:05.459046	2026-08-03T12:28:05.459046	"[""SWARM_INTELLIGENCE_OPTIMIZATION""]"
KW_COLLECTIVE	collective	Token from concept 'Swarm Intelligence and Collective Behavior': collective	"{""source"": ""concept_extraction"", ""source_concept"": ""SWARM_INTELLIGENCE_OPTIMIZATION"", ""extracted_at"": ""2026-08-03T12:28:05.459049""}"	2026-08-03T12:28:05.459051	2026-08-03T12:28:05.459052	"[""SWARM_INTELLIGENCE_OPTIMIZATION""]"
KW_BEHAVIOR	behavior	Token from concept 'Swarm Intelligence and Collective Behavior': behavior	"{""source"": ""concept_extraction"", ""source_concept"": ""SWARM_INTELLIGENCE_OPTIMIZATION"", ""extracted_at"": ""2026-08-03T12:28:05.459054""}"	2026-08-03T12:28:05.459056	2026-08-03T12:28:05.459057	"[""SWARM_INTELLIGENCE_OPTIMIZATION""]"
KW_COLONY	colony	Token from concept 'Swarm Intelligence and Collective Behavior': colony	"{""source"": ""concept_extraction"", ""source_concept"": ""SWARM_INTELLIGENCE_OPTIMIZATION"", ""extracted_at"": ""2026-08-03T12:28:05.459061""}"	2026-08-03T12:28:05.459064	2026-08-03T12:28:05.459064	"[""SWARM_INTELLIGENCE_OPTIMIZATION""]"
KW_PROVING	proving	Token from concept 'Formal Program Verification and Model Checking': proving	"{""source"": ""concept_extraction"", ""source_concept"": ""FORMAL_PROGRAM_VERIFICATION"", ""extracted_at"": ""2026-08-03T12:28:05.459075""}"	2026-08-03T12:28:05.459078	2026-08-03T12:28:05.459078	"[""FORMAL_PROGRAM_VERIFICATION""]"
KW_CORRECTNESS	correctness	Token from concept 'Formal Program Verification and Model Checking': correctness	"{""source"": ""concept_extraction"", ""source_concept"": ""FORMAL_PROGRAM_VERIFICATION"", ""extracted_at"": ""2026-08-03T12:28:05.459083""}"	2026-08-03T12:28:05.459085	2026-08-03T12:28:05.459086	"[""FORMAL_PROGRAM_VERIFICATION""]"
KW_PROGRAM	program	Token from concept 'Formal Program Verification and Model Checking': program	"{""source"": ""concept_extraction"", ""source_concept"": ""FORMAL_PROGRAM_VERIFICATION"", ""extracted_at"": ""2026-08-03T12:28:05.459088""}"	2026-08-03T12:28:05.459091	2026-08-03T12:28:05.459092	"[""FORMAL_PROGRAM_VERIFICATION""]"
KW_FORMAL	formal	Token from concept 'Formal Program Verification and Model Checking': formal	"{""source"": ""concept_extraction"", ""source_concept"": ""FORMAL_PROGRAM_VERIFICATION"", ""extracted_at"": ""2026-08-03T12:28:05.459095""}"	2026-08-03T12:28:05.459097	2026-08-03T12:28:05.459098	"[""FORMAL_PROGRAM_VERIFICATION""]"
KW_TYPE	type	Token from concept 'Type Systems and Type Safety Theory': type	"{""source"": ""concept_extraction"", ""source_concept"": ""TYPE_SYSTEMS_AND_SAFETY"", ""extracted_at"": ""2026-08-03T12:28:05.459106""}"	2026-08-03T12:28:05.459108	2026-08-03T12:28:05.459109	"[""TYPE_SYSTEMS_AND_SAFETY""]"
KW_INTERPRETATION	interpretation	Token from concept 'Static Program Analysis and Abstract Interpretation': interpretation	"{""source"": ""concept_extraction"", ""source_concept"": ""STATIC_PROGRAM_ANALYSIS"", ""extracted_at"": ""2026-08-03T12:28:05.459125""}"	2026-08-03T12:28:05.459128	2026-08-03T12:28:05.459129	"[""STATIC_PROGRAM_ANALYSIS""]"
KW_EXTRACTION	extraction	Token from concept 'Computer Vision Feature Extraction and Segmentation': extraction	"{""source"": ""concept_extraction"", ""source_concept"": ""COMPUTER_VISION_FEATURE_EXTRACTION"", ""extracted_at"": ""2026-08-03T12:28:05.459143""}"	2026-08-03T12:28:05.459145	2026-08-03T12:28:05.459146	"[""COMPUTER_VISION_FEATURE_EXTRACTION""]"
KW_FEATURE	feature	Token from concept 'Computer Vision Feature Extraction and Segmentation': feature	"{""source"": ""concept_extraction"", ""source_concept"": ""COMPUTER_VISION_FEATURE_EXTRACTION"", ""extracted_at"": ""2026-08-03T12:28:05.459149""}"	2026-08-03T12:28:05.459152	2026-08-03T12:28:05.459152	"[""COMPUTER_VISION_FEATURE_EXTRACTION""]"
KW_VISION	vision	Token from concept 'Computer Vision Feature Extraction and Segmentation': vision	"{""source"": ""concept_extraction"", ""source_concept"": ""COMPUTER_VISION_FEATURE_EXTRACTION"", ""extracted_at"": ""2026-08-03T12:28:05.459157""}"	2026-08-03T12:28:05.459159	2026-08-03T12:28:05.459160	"[""COMPUTER_VISION_FEATURE_EXTRACTION""]"
KW_ACOUSTIC	acoustic	Token from concept 'Speech Recognition and Acoustic Synthesis': acoustic	"{""source"": ""concept_extraction"", ""source_concept"": ""SPEECH_RECOGNITION_AND_SYNTHESIS"", ""extracted_at"": ""2026-08-03T12:28:05.459170""}"	2026-08-03T12:28:05.459172	2026-08-03T12:28:05.459173	"[""SPEECH_RECOGNITION_AND_SYNTHESIS""]"
KW_MEL	mel	Token from concept 'Speech Recognition and Acoustic Synthesis': mel	"{""source"": ""concept_extraction"", ""source_concept"": ""SPEECH_RECOGNITION_AND_SYNTHESIS"", ""extracted_at"": ""2026-08-03T12:28:05.459175""}"	2026-08-03T12:28:05.459179	2026-08-03T12:28:05.459179	"[""SPEECH_RECOGNITION_AND_SYNTHESIS""]"
KW_SPECTROGRAM	spectrogram	Token from concept 'Speech Recognition and Acoustic Synthesis': spectrogram	"{""source"": ""concept_extraction"", ""source_concept"": ""SPEECH_RECOGNITION_AND_SYNTHESIS"", ""extracted_at"": ""2026-08-03T12:28:05.459183""}"	2026-08-03T12:28:05.459185	2026-08-03T12:28:05.459186	"[""SPEECH_RECOGNITION_AND_SYNTHESIS""]"
KW_SYNTHESIS	synthesis	Token from concept 'Speech Recognition and Acoustic Synthesis': synthesis	"{""source"": ""concept_extraction"", ""source_concept"": ""SPEECH_RECOGNITION_AND_SYNTHESIS"", ""extracted_at"": ""2026-08-03T12:28:05.459188""}"	2026-08-03T12:28:05.459191	2026-08-03T12:28:05.459191	"[""SPEECH_RECOGNITION_AND_SYNTHESIS""]"
KW_SPEECH	speech	Token from concept 'Speech Recognition and Acoustic Synthesis': speech	"{""source"": ""concept_extraction"", ""source_concept"": ""SPEECH_RECOGNITION_AND_SYNTHESIS"", ""extracted_at"": ""2026-08-03T12:28:05.459195""}"	2026-08-03T12:28:05.459197	2026-08-03T12:28:05.459198	"[""SPEECH_RECOGNITION_AND_SYNTHESIS""]"
KW_RECOGNITION	recognition	Token from concept 'Speech Recognition and Acoustic Synthesis': recognition	"{""source"": ""concept_extraction"", ""source_concept"": ""SPEECH_RECOGNITION_AND_SYNTHESIS"", ""extracted_at"": ""2026-08-03T12:28:05.459200""}"	2026-08-03T12:28:05.459202	2026-08-03T12:28:05.459203	"[""SPEECH_RECOGNITION_AND_SYNTHESIS""]"
KW_NATURAL	natural	Token from concept 'Natural Language Parsing and Machine Translation': natural	"{""source"": ""concept_extraction"", ""source_concept"": ""NATURAL_LANGUAGE_PARSING"", ""extracted_at"": ""2026-08-03T12:28:05.459211""}"	2026-08-03T12:28:05.459213	2026-08-03T12:28:05.459214	"[""NATURAL_LANGUAGE_PARSING""]"
KW_MACHINE	machine	Token from concept 'Natural Language Parsing and Machine Translation': machine	"{""source"": ""concept_extraction"", ""source_concept"": ""NATURAL_LANGUAGE_PARSING"", ""extracted_at"": ""2026-08-03T12:28:05.459217""}"	2026-08-03T12:28:05.459220	2026-08-03T12:28:05.459221	"[""NATURAL_LANGUAGE_PARSING""]"
KW_KALMAN	kalman	Token from concept 'Multi-Sensor Fusion and State Estimation': kalman	"{""source"": ""concept_extraction"", ""source_concept"": ""MULTI_SENSOR_FUSION_ALGORITHMS"", ""extracted_at"": ""2026-08-03T12:28:05.459233""}"	2026-08-03T12:28:05.459236	2026-08-03T12:28:05.459236	"[""MULTI_SENSOR_FUSION_ALGORITHMS""]"
KW_ESTIMATION	estimation	Token from concept 'Multi-Sensor Fusion and State Estimation': estimation	"{""source"": ""concept_extraction"", ""source_concept"": ""MULTI_SENSOR_FUSION_ALGORITHMS"", ""extracted_at"": ""2026-08-03T12:28:05.459245""}"	2026-08-03T12:28:05.459248	2026-08-03T12:28:05.459249	"[""MULTI_SENSOR_FUSION_ALGORITHMS""]"
KW_AUTONOMOUS	autonomous	Token from concept 'Autonomous Vehicle and Drone Navigation': autonomous	"{""source"": ""concept_extraction"", ""source_concept"": ""AUTONOMOUS_DRONE_NAVIGATION"", ""extracted_at"": ""2026-08-03T12:28:05.459259""}"	2026-08-03T12:28:05.459261	2026-08-03T12:28:05.459262	"[""AUTONOMOUS_DRONE_NAVIGATION""]"
KW_DRIVING	driving	Token from concept 'Autonomous Vehicle and Drone Navigation': driving	"{""source"": ""concept_extraction"", ""source_concept"": ""AUTONOMOUS_DRONE_NAVIGATION"", ""extracted_at"": ""2026-08-03T12:28:05.459265""}"	2026-08-03T12:28:05.459267	2026-08-03T12:28:05.459268	"[""AUTONOMOUS_DRONE_NAVIGATION""]"
KW_VEHICLE	vehicle	Token from concept 'Autonomous Vehicle and Drone Navigation': vehicle	"{""source"": ""concept_extraction"", ""source_concept"": ""AUTONOMOUS_DRONE_NAVIGATION"", ""extracted_at"": ""2026-08-03T12:28:05.459270""}"	2026-08-03T12:28:05.459272	2026-08-03T12:28:05.459273	"[""AUTONOMOUS_DRONE_NAVIGATION""]"
KW_TWIN	twin	Token from concept 'Digital Twin Simulation and Telemetry Sync': twin	"{""source"": ""concept_extraction"", ""source_concept"": ""DIGITAL_TWIN_SIMULATION"", ""extracted_at"": ""2026-08-03T12:28:05.459284""}"	2026-08-03T12:28:05.459286	2026-08-03T12:28:05.459287	"[""DIGITAL_TWIN_SIMULATION""]"
KW_TELEMETRY	telemetry	Token from concept 'Digital Twin Simulation and Telemetry Sync': telemetry	"{""source"": ""concept_extraction"", ""source_concept"": ""DIGITAL_TWIN_SIMULATION"", ""extracted_at"": ""2026-08-03T12:28:05.459290""}"	2026-08-03T12:28:05.459293	2026-08-03T12:28:05.459293	"[""DIGITAL_TWIN_SIMULATION""]"
KW_ASSET	asset	Token from concept 'Digital Twin Simulation and Telemetry Sync': asset	"{""source"": ""concept_extraction"", ""source_concept"": ""DIGITAL_TWIN_SIMULATION"", ""extracted_at"": ""2026-08-03T12:28:05.459297""}"	2026-08-03T12:28:05.459299	2026-08-03T12:28:05.459300	"[""DIGITAL_TWIN_SIMULATION""]"
KW_MAINTENANCE	maintenance	Token from concept 'Digital Twin Simulation and Telemetry Sync': maintenance	"{""source"": ""concept_extraction"", ""source_concept"": ""DIGITAL_TWIN_SIMULATION"", ""extracted_at"": ""2026-08-03T12:28:05.459303""}"	2026-08-03T12:28:05.459305	2026-08-03T12:28:05.459306	"[""DIGITAL_TWIN_SIMULATION""]"
KW_TACTILE	tactile	Token from concept 'Spatial Audio and Haptic Perception': tactile	"{""source"": ""concept_extraction"", ""source_concept"": ""SPATIAL_AUDIO_AND_HAPTICS"", ""extracted_at"": ""2026-08-03T12:28:05.459313""}"	2026-08-03T12:28:05.459315	2026-08-03T12:28:05.459316	"[""SPATIAL_AUDIO_AND_HAPTICS""]"
KW_IMMERSIVE	immersive	Token from concept 'Spatial Audio and Haptic Perception': immersive	"{""source"": ""concept_extraction"", ""source_concept"": ""SPATIAL_AUDIO_AND_HAPTICS"", ""extracted_at"": ""2026-08-03T12:28:05.459318""}"	2026-08-03T12:28:05.459321	2026-08-03T12:28:05.459321	"[""SPATIAL_AUDIO_AND_HAPTICS""]"
KW_AUDIO	audio	Token from concept 'Spatial Audio and Haptic Perception': audio	"{""source"": ""concept_extraction"", ""source_concept"": ""SPATIAL_AUDIO_AND_HAPTICS"", ""extracted_at"": ""2026-08-03T12:28:05.459323""}"	2026-08-03T12:28:05.459326	2026-08-03T12:28:05.459326	"[""SPATIAL_AUDIO_AND_HAPTICS""]"
KW_HAPTICS	haptics	Token from concept 'Spatial Audio and Haptic Perception': haptics	"{""source"": ""concept_extraction"", ""source_concept"": ""SPATIAL_AUDIO_AND_HAPTICS"", ""extracted_at"": ""2026-08-03T12:28:05.459329""}"	2026-08-03T12:28:05.459331	2026-08-03T12:28:05.459332	"[""SPATIAL_AUDIO_AND_HAPTICS""]"
KW_REMOTE	remote	Token from concept '3D Photogrammetry and LiDAR Point Cloud Processing': remote	"{""source"": ""concept_extraction"", ""source_concept"": ""PHOTOGRAMMETRY_AND_POINT_CLOUD"", ""extracted_at"": ""2026-08-03T12:28:05.459345""}"	2026-08-03T12:28:05.459347	2026-08-03T12:28:05.459348	"[""PHOTOGRAMMETRY_AND_POINT_CLOUD""]"
KW_POINT	point	Token from concept '3D Photogrammetry and LiDAR Point Cloud Processing': point	"{""source"": ""concept_extraction"", ""source_concept"": ""PHOTOGRAMMETRY_AND_POINT_CLOUD"", ""extracted_at"": ""2026-08-03T12:28:05.459350""}"	2026-08-03T12:28:05.459353	2026-08-03T12:28:05.459353	"[""PHOTOGRAMMETRY_AND_POINT_CLOUD""]"
KW_PHOTOGRAMMETRY	photogrammetry	Token from concept '3D Photogrammetry and LiDAR Point Cloud Processing': photogrammetry	"{""source"": ""concept_extraction"", ""source_concept"": ""PHOTOGRAMMETRY_AND_POINT_CLOUD"", ""extracted_at"": ""2026-08-03T12:28:05.459356""}"	2026-08-03T12:28:05.459358	2026-08-03T12:28:05.459359	"[""PHOTOGRAMMETRY_AND_POINT_CLOUD""]"
KW_SENSING	sensing	Token from concept '3D Photogrammetry and LiDAR Point Cloud Processing': sensing	"{""source"": ""concept_extraction"", ""source_concept"": ""PHOTOGRAMMETRY_AND_POINT_CLOUD"", ""extracted_at"": ""2026-08-03T12:28:05.459363""}"	2026-08-03T12:28:05.459366	2026-08-03T12:28:05.459366	"[""PHOTOGRAMMETRY_AND_POINT_CLOUD""]"
KW_QUADCOPTER	quadcopter	Token from concept 'UAV Flight Dynamics and Attitude Control': quadcopter	"{""source"": ""concept_extraction"", ""source_concept"": ""UAV_FLIGHT_DYNAMICS_AND_CONTROL"", ""extracted_at"": ""2026-08-03T12:28:05.459377""}"	2026-08-03T12:28:05.459379	2026-08-03T12:28:05.459380	"[""UAV_FLIGHT_DYNAMICS_AND_CONTROL""]"
KW_FLIGHT	flight	Token from concept 'UAV Flight Dynamics and Attitude Control': flight	"{""source"": ""concept_extraction"", ""source_concept"": ""UAV_FLIGHT_DYNAMICS_AND_CONTROL"", ""extracted_at"": ""2026-08-03T12:28:05.459383""}"	2026-08-03T12:28:05.459386	2026-08-03T12:28:05.459387	"[""UAV_FLIGHT_DYNAMICS_AND_CONTROL""]"
KW_ATTITUDE	attitude	Token from concept 'UAV Flight Dynamics and Attitude Control': attitude	"{""source"": ""concept_extraction"", ""source_concept"": ""UAV_FLIGHT_DYNAMICS_AND_CONTROL"", ""extracted_at"": ""2026-08-03T12:28:05.459390""}"	2026-08-03T12:28:05.459392	2026-08-03T12:28:05.459393	"[""UAV_FLIGHT_DYNAMICS_AND_CONTROL""]"
KW_FORMATION	formation	Token from concept 'Swarm Robotics and Decentralized Formation Control': formation	"{""source"": ""concept_extraction"", ""source_concept"": ""SWARM_ROBOTICS_FORMATION_CONTROL"", ""extracted_at"": ""2026-08-03T12:28:05.459404""}"	2026-08-03T12:28:05.459406	2026-08-03T12:28:05.459407	"[""SWARM_ROBOTICS_FORMATION_CONTROL""]"
KW_ROUTING	routing	Token from concept 'Swarm Robotics and Decentralized Formation Control': routing	"{""source"": ""concept_extraction"", ""source_concept"": ""SWARM_ROBOTICS_FORMATION_CONTROL"", ""extracted_at"": ""2026-08-03T12:28:05.459413""}"	2026-08-03T12:28:05.459415	2026-08-03T12:28:05.459416	"[""SWARM_ROBOTICS_FORMATION_CONTROL""]"
KW_MARINE	marine	Token from concept 'Autonomous Underwater Robotics and Acoustic Sensing': marine	"{""source"": ""concept_extraction"", ""source_concept"": ""MARITIME_UNDERWATER_ROBOTICS"", ""extracted_at"": ""2026-08-03T12:28:05.459426""}"	2026-08-03T12:28:05.459429	2026-08-03T12:28:05.459430	"[""MARITIME_UNDERWATER_ROBOTICS""]"
KW_UNDERWATER	underwater	Token from concept 'Autonomous Underwater Robotics and Acoustic Sensing': underwater	"{""source"": ""concept_extraction"", ""source_concept"": ""MARITIME_UNDERWATER_ROBOTICS"", ""extracted_at"": ""2026-08-03T12:28:05.459434""}"	2026-08-03T12:28:05.459436	2026-08-03T12:28:05.459437	"[""MARITIME_UNDERWATER_ROBOTICS""]"
KW_NAVIGATION	navigation	Token from concept 'Autonomous Underwater Robotics and Acoustic Sensing': navigation	"{""source"": ""concept_extraction"", ""source_concept"": ""MARITIME_UNDERWATER_ROBOTICS"", ""extracted_at"": ""2026-08-03T12:28:05.459439""}"	2026-08-03T12:28:05.459442	2026-08-03T12:28:05.459442	"[""MARITIME_UNDERWATER_ROBOTICS""]"
KW_MICROGRID	microgrid	Token from concept 'Smart Grid Energy Optimization and Microgrid Balancing': microgrid	"{""source"": ""concept_extraction"", ""source_concept"": ""SMART_GRID_ENERGY_OPTIMIZATION"", ""extracted_at"": ""2026-08-03T12:28:05.459453""}"	2026-08-03T12:28:05.459455	2026-08-03T12:28:05.459456	"[""SMART_GRID_ENERGY_OPTIMIZATION""]"
KW_BALANCING	balancing	Token from concept 'Smart Grid Energy Optimization and Microgrid Balancing': balancing	"{""source"": ""concept_extraction"", ""source_concept"": ""SMART_GRID_ENERGY_OPTIMIZATION"", ""extracted_at"": ""2026-08-03T12:28:05.459458""}"	2026-08-03T12:28:05.459460	2026-08-03T12:28:05.459461	"[""SMART_GRID_ENERGY_OPTIMIZATION""]"
KW_LOAD	load	Token from concept 'Smart Grid Energy Optimization and Microgrid Balancing': load	"{""source"": ""concept_extraction"", ""source_concept"": ""SMART_GRID_ENERGY_OPTIMIZATION"", ""extracted_at"": ""2026-08-03T12:28:05.459464""}"	2026-08-03T12:28:05.459467	2026-08-03T12:28:05.459468	"[""SMART_GRID_ENERGY_OPTIMIZATION""]"
KW_RENEWABLE	renewable	Token from concept 'Renewable Energy Production Forecasting': renewable	"{""source"": ""concept_extraction"", ""source_concept"": ""RENEWABLE_ENERGY_FORECASTING"", ""extracted_at"": ""2026-08-03T12:28:05.459480""}"	2026-08-03T12:28:05.459482	2026-08-03T12:28:05.459483	"[""RENEWABLE_ENERGY_FORECASTING""]"
KW_PREDICTION	prediction	Token from concept 'Renewable Energy Production Forecasting': prediction	"{""source"": ""concept_extraction"", ""source_concept"": ""RENEWABLE_ENERGY_FORECASTING"", ""extracted_at"": ""2026-08-03T12:28:05.459485""}"	2026-08-03T12:28:05.459487	2026-08-03T12:28:05.459488	"[""RENEWABLE_ENERGY_FORECASTING""]"
KW_PRODUCTION	production	Token from concept 'Renewable Energy Production Forecasting': production	"{""source"": ""concept_extraction"", ""source_concept"": ""RENEWABLE_ENERGY_FORECASTING"", ""extracted_at"": ""2026-08-03T12:28:05.459490""}"	2026-08-03T12:28:05.459493	2026-08-03T12:28:05.459493	"[""RENEWABLE_ENERGY_FORECASTING""]"
KW_YIELD	yield	Token from concept 'Renewable Energy Production Forecasting': yield	"{""source"": ""concept_extraction"", ""source_concept"": ""RENEWABLE_ENERGY_FORECASTING"", ""extracted_at"": ""2026-08-03T12:28:05.459495""}"	2026-08-03T12:28:05.459498	2026-08-03T12:28:05.459498	"[""RENEWABLE_ENERGY_FORECASTING""]"
KW_SOLAR	solar	Token from concept 'Renewable Energy Production Forecasting': solar	"{""source"": ""concept_extraction"", ""source_concept"": ""RENEWABLE_ENERGY_FORECASTING"", ""extracted_at"": ""2026-08-03T12:28:05.459502""}"	2026-08-03T12:28:05.459504	2026-08-03T12:28:05.459505	"[""RENEWABLE_ENERGY_FORECASTING""]"
KW_CHARGE	charge	Token from concept 'Battery Management System (BMS) Health Algorithms': charge	"{""source"": ""concept_extraction"", ""source_concept"": ""BATTERY_MANAGEMENT_ALGORITHMS"", ""extracted_at"": ""2026-08-03T12:28:05.459518""}"	2026-08-03T12:28:05.459520	2026-08-03T12:28:05.459521	"[""BATTERY_MANAGEMENT_ALGORITHMS""]"
KW_HEALTH	health	Token from concept 'Battery Management System (BMS) Health Algorithms': health	"{""source"": ""concept_extraction"", ""source_concept"": ""BATTERY_MANAGEMENT_ALGORITHMS"", ""extracted_at"": ""2026-08-03T12:28:05.459523""}"	2026-08-03T12:28:05.459525	2026-08-03T12:28:05.459526	"[""BATTERY_MANAGEMENT_ALGORITHMS""]"
KW_BATTERY	battery	Token from concept 'Battery Management System (BMS) Health Algorithms': battery	"{""source"": ""concept_extraction"", ""source_concept"": ""BATTERY_MANAGEMENT_ALGORITHMS"", ""extracted_at"": ""2026-08-03T12:28:05.459528""}"	2026-08-03T12:28:05.459531	2026-08-03T12:28:05.459532	"[""BATTERY_MANAGEMENT_ALGORITHMS""]"
KW_SOFTWARE	software	Token from concept 'Carbon Accounting and Life-Cycle Assessment Software': software	"{""source"": ""concept_extraction"", ""source_concept"": ""CARBON_FOOTPRINT_ACCOUNTING_SOFTWARE"", ""extracted_at"": ""2026-08-03T12:28:05.459545""}"	2026-08-03T12:28:05.459548	2026-08-03T12:28:05.459548	"[""CARBON_FOOTPRINT_ACCOUNTING_SOFTWARE""]"
KW_ACCOUNTING	accounting	Token from concept 'Carbon Accounting and Life-Cycle Assessment Software': accounting	"{""source"": ""concept_extraction"", ""source_concept"": ""CARBON_FOOTPRINT_ACCOUNTING_SOFTWARE"", ""extracted_at"": ""2026-08-03T12:28:05.459551""}"	2026-08-03T12:28:05.459553	2026-08-03T12:28:05.459554	"[""CARBON_FOOTPRINT_ACCOUNTING_SOFTWARE""]"
KW_FAULT	fault	Token from concept 'Radiation-Hardened Space Computing Systems': fault	"{""source"": ""concept_extraction"", ""source_concept"": ""RADIATION_HARDENED_SPACE_COMPUTING"", ""extracted_at"": ""2026-08-03T12:28:05.459566""}"	2026-08-03T12:28:05.459568	2026-08-03T12:28:05.459569	"[""RADIATION_HARDENED_SPACE_COMPUTING""]"
KW_RADIATION	radiation	Token from concept 'Radiation-Hardened Space Computing Systems': radiation	"{""source"": ""concept_extraction"", ""source_concept"": ""RADIATION_HARDENED_SPACE_COMPUTING"", ""extracted_at"": ""2026-08-03T12:28:05.459572""}"	2026-08-03T12:28:05.459575	2026-08-03T12:28:05.459575	"[""RADIATION_HARDENED_SPACE_COMPUTING""]"
KW_TOLERANCE	tolerance	Token from concept 'Radiation-Hardened Space Computing Systems': tolerance	"{""source"": ""concept_extraction"", ""source_concept"": ""RADIATION_HARDENED_SPACE_COMPUTING"", ""extracted_at"": ""2026-08-03T12:28:05.459578""}"	2026-08-03T12:28:05.459580	2026-08-03T12:28:05.459581	"[""RADIATION_HARDENED_SPACE_COMPUTING""]"
KW_HARDENED	hardened	Token from concept 'Radiation-Hardened Space Computing Systems': hardened	"{""source"": ""concept_extraction"", ""source_concept"": ""RADIATION_HARDENED_SPACE_COMPUTING"", ""extracted_at"": ""2026-08-03T12:28:05.459583""}"	2026-08-03T12:28:05.459585	2026-08-03T12:28:05.459586	"[""RADIATION_HARDENED_SPACE_COMPUTING""]"
KW_SATELLITE	satellite	Token from concept 'Radiation-Hardened Space Computing Systems': satellite	"{""source"": ""concept_extraction"", ""source_concept"": ""RADIATION_HARDENED_SPACE_COMPUTING"", ""extracted_at"": ""2026-08-03T12:28:05.459589""}"	2026-08-03T12:28:05.459592	2026-08-03T12:28:05.459592	"[""RADIATION_HARDENED_SPACE_COMPUTING""]"
KW_LASER	laser	Token from concept 'Orbital Mechanics and Inter-Satellite Mesh Networks': laser	"{""source"": ""concept_extraction"", ""source_concept"": ""ORBITAL_MECHANICS_SATELLITE_MESH"", ""extracted_at"": ""2026-08-03T12:28:05.459600""}"	2026-08-03T12:28:05.459604	2026-08-03T12:28:05.459605	"[""ORBITAL_MECHANICS_SATELLITE_MESH""]"
KW_MECHANICS	mechanics	Token from concept 'Orbital Mechanics and Inter-Satellite Mesh Networks': mechanics	"{""source"": ""concept_extraction"", ""source_concept"": ""ORBITAL_MECHANICS_SATELLITE_MESH"", ""extracted_at"": ""2026-08-03T12:28:05.459607""}"	2026-08-03T12:28:05.459610	2026-08-03T12:28:05.459610	"[""ORBITAL_MECHANICS_SATELLITE_MESH""]"
KW_CONSTELLATION	constellation	Token from concept 'Orbital Mechanics and Inter-Satellite Mesh Networks': constellation	"{""source"": ""concept_extraction"", ""source_concept"": ""ORBITAL_MECHANICS_SATELLITE_MESH"", ""extracted_at"": ""2026-08-03T12:28:05.459616""}"	2026-08-03T12:28:05.459619	2026-08-03T12:28:05.459619	"[""ORBITAL_MECHANICS_SATELLITE_MESH""]"
KW_ORBITAL	orbital	Token from concept 'Orbital Mechanics and Inter-Satellite Mesh Networks': orbital	"{""source"": ""concept_extraction"", ""source_concept"": ""ORBITAL_MECHANICS_SATELLITE_MESH"", ""extracted_at"": ""2026-08-03T12:28:05.459622""}"	2026-08-03T12:28:05.459624	2026-08-03T12:28:05.459625	"[""ORBITAL_MECHANICS_SATELLITE_MESH""]"
KW_BRAIN	brain	Token from concept 'Neural Signal Decoding for Brain-Computer Interfaces': brain	"{""source"": ""concept_extraction"", ""source_concept"": ""NEURAL_SIGNAL_DECODING_BCI"", ""extracted_at"": ""2026-08-03T12:28:05.459636""}"	2026-08-03T12:28:05.459639	2026-08-03T12:28:05.459640	"[""NEURAL_SIGNAL_DECODING_BCI""]"
KW_NEUROTECH	neurotech	Token from concept 'Neural Signal Decoding for Brain-Computer Interfaces': neurotech	"{""source"": ""concept_extraction"", ""source_concept"": ""NEURAL_SIGNAL_DECODING_BCI"", ""extracted_at"": ""2026-08-03T12:28:05.459643""}"	2026-08-03T12:28:05.459645	2026-08-03T12:28:05.459646	"[""NEURAL_SIGNAL_DECODING_BCI""]"
KW_DECODING	decoding	Token from concept 'Neural Signal Decoding for Brain-Computer Interfaces': decoding	"{""source"": ""concept_extraction"", ""source_concept"": ""NEURAL_SIGNAL_DECODING_BCI"", ""extracted_at"": ""2026-08-03T12:28:05.459648""}"	2026-08-03T12:28:05.459651	2026-08-03T12:28:05.459651	"[""NEURAL_SIGNAL_DECODING_BCI""]"
KW_INTERFACES	interfaces	Token from concept 'Neural Signal Decoding for Brain-Computer Interfaces': interfaces	"{""source"": ""concept_extraction"", ""source_concept"": ""NEURAL_SIGNAL_DECODING_BCI"", ""extracted_at"": ""2026-08-03T12:28:05.459654""}"	2026-08-03T12:28:05.459656	2026-08-03T12:28:05.459657	"[""NEURAL_SIGNAL_DECODING_BCI""]"
KW_CLOSED	closed	Token from concept 'Closed-Loop Neurostimulation and Bio-Prosthetics': closed	"{""source"": ""concept_extraction"", ""source_concept"": ""CLOSED_LOOP_NEUROSTIMULATION"", ""extracted_at"": ""2026-08-03T12:28:05.459671""}"	2026-08-03T12:28:05.459673	2026-08-03T12:28:05.459674	"[""CLOSED_LOOP_NEUROSTIMULATION""]"
KW_NEUROSTIMULATION	neurostimulation	Token from concept 'Closed-Loop Neurostimulation and Bio-Prosthetics': neurostimulation	"{""source"": ""concept_extraction"", ""source_concept"": ""CLOSED_LOOP_NEUROSTIMULATION"", ""extracted_at"": ""2026-08-03T12:28:05.459679""}"	2026-08-03T12:28:05.459681	2026-08-03T12:28:05.459682	"[""CLOSED_LOOP_NEUROSTIMULATION""]"
KW_PROSTHETICS	prosthetics	Token from concept 'Closed-Loop Neurostimulation and Bio-Prosthetics': prosthetics	"{""source"": ""concept_extraction"", ""source_concept"": ""CLOSED_LOOP_NEUROSTIMULATION"", ""extracted_at"": ""2026-08-03T12:28:05.459687""}"	2026-08-03T12:28:05.459689	2026-08-03T12:28:05.459690	"[""CLOSED_LOOP_NEUROSTIMULATION""]"
KW_PHOTON	photon	Token from concept 'Quantum Key Distribution and BB84 Protocol': photon	"{""source"": ""concept_extraction"", ""source_concept"": ""QUANTUM_KEY_DISTRIBUTION_QKD"", ""extracted_at"": ""2026-08-03T12:28:05.459699""}"	2026-08-03T12:28:05.459702	2026-08-03T12:28:05.459702	"[""QUANTUM_KEY_DISTRIBUTION_QKD""]"
KW_POLARIZATION	polarization	Token from concept 'Quantum Key Distribution and BB84 Protocol': polarization	"{""source"": ""concept_extraction"", ""source_concept"": ""QUANTUM_KEY_DISTRIBUTION_QKD"", ""extracted_at"": ""2026-08-03T12:28:05.459705""}"	2026-08-03T12:28:05.459707	2026-08-03T12:28:05.459708	"[""QUANTUM_KEY_DISTRIBUTION_QKD""]"
KW_CRYPTOGRAPHY	cryptography	Token from concept 'Quantum Key Distribution and BB84 Protocol': cryptography	"{""source"": ""concept_extraction"", ""source_concept"": ""QUANTUM_KEY_DISTRIBUTION_QKD"", ""extracted_at"": ""2026-08-03T12:28:05.459715""}"	2026-08-03T12:28:05.459717	2026-08-03T12:28:05.459718	"[""QUANTUM_KEY_DISTRIBUTION_QKD""]"
KW_REPEATER	repeater	Token from concept 'Quantum Repeater Networks and Teleportation': repeater	"{""source"": ""concept_extraction"", ""source_concept"": ""QUANTUM_REPEATER_NETWORKS"", ""extracted_at"": ""2026-08-03T12:28:05.459726""}"	2026-08-03T12:28:05.459750	2026-08-03T12:28:05.459751	"[""QUANTUM_REPEATER_NETWORKS""]"
KW_TELEPORTATION	teleportation	Token from concept 'Quantum Repeater Networks and Teleportation': teleportation	"{""source"": ""concept_extraction"", ""source_concept"": ""QUANTUM_REPEATER_NETWORKS"", ""extracted_at"": ""2026-08-03T12:28:05.459754""}"	2026-08-03T12:28:05.459756	2026-08-03T12:28:05.459757	"[""QUANTUM_REPEATER_NETWORKS""]"
KW_MEDICAL	medical	Token from concept 'Medical Image DICOM Segmentation and Analytics': medical	"{""source"": ""concept_extraction"", ""source_concept"": ""MEDICAL_IMAGE_DICOM_SEGMENTATION"", ""extracted_at"": ""2026-08-03T12:28:05.459771""}"	2026-08-03T12:28:05.459773	2026-08-03T12:28:05.459774	"[""MEDICAL_IMAGE_DICOM_SEGMENTATION""]"
KW_SCAN	scan	Token from concept 'Medical Image DICOM Segmentation and Analytics': scan	"{""source"": ""concept_extraction"", ""source_concept"": ""MEDICAL_IMAGE_DICOM_SEGMENTATION"", ""extracted_at"": ""2026-08-03T12:28:05.459777""}"	2026-08-03T12:28:05.459780	2026-08-03T12:28:05.459781	"[""MEDICAL_IMAGE_DICOM_SEGMENTATION""]"
KW_SEGMENTATION	segmentation	Token from concept 'Medical Image DICOM Segmentation and Analytics': segmentation	"{""source"": ""concept_extraction"", ""source_concept"": ""MEDICAL_IMAGE_DICOM_SEGMENTATION"", ""extracted_at"": ""2026-08-03T12:28:05.459785""}"	2026-08-03T12:28:05.459788	2026-08-03T12:28:05.459789	"[""MEDICAL_IMAGE_DICOM_SEGMENTATION""]"
KW_ANALYTICS	analytics	Token from concept 'Medical Image DICOM Segmentation and Analytics': analytics	"{""source"": ""concept_extraction"", ""source_concept"": ""MEDICAL_IMAGE_DICOM_SEGMENTATION"", ""extracted_at"": ""2026-08-03T12:28:05.459791""}"	2026-08-03T12:28:05.459793	2026-08-03T12:28:05.459794	"[""MEDICAL_IMAGE_DICOM_SEGMENTATION""]"
KW_PHYSIOLOGICAL	physiological	Token from concept 'Wearable Real-Time Physiological Signal Monitoring': physiological	"{""source"": ""concept_extraction"", ""source_concept"": ""WEARABLE_PHYSIOLOGICAL_MONITORING"", ""extracted_at"": ""2026-08-03T12:28:05.459803""}"	2026-08-03T12:28:05.459805	2026-08-03T12:28:05.459806	"[""WEARABLE_PHYSIOLOGICAL_MONITORING""]"
KW_WEARABLE	wearable	Token from concept 'Wearable Real-Time Physiological Signal Monitoring': wearable	"{""source"": ""concept_extraction"", ""source_concept"": ""WEARABLE_PHYSIOLOGICAL_MONITORING"", ""extracted_at"": ""2026-08-03T12:28:05.459808""}"	2026-08-03T12:28:05.459811	2026-08-03T12:28:05.459812	"[""WEARABLE_PHYSIOLOGICAL_MONITORING""]"
KW_TRADING	trading	Token from concept 'Ultra-Low Latency High-Frequency Trading Architecture': trading	"{""source"": ""concept_extraction"", ""source_concept"": ""ULTRA_LOW_LATENCY_HFT_ARCHITECTURE"", ""extracted_at"": ""2026-08-03T12:28:05.459826""}"	2026-08-03T12:28:05.459829	2026-08-03T12:28:05.459830	"[""ULTRA_LOW_LATENCY_HFT_ARCHITECTURE""]"
KW_HIGH	high	Token from concept 'Ultra-Low Latency High-Frequency Trading Architecture': high	"{""source"": ""concept_extraction"", ""source_concept"": ""ULTRA_LOW_LATENCY_HFT_ARCHITECTURE"", ""extracted_at"": ""2026-08-03T12:28:05.459832""}"	2026-08-03T12:28:05.459834	2026-08-03T12:28:05.459835	"[""ULTRA_LOW_LATENCY_HFT_ARCHITECTURE""]"
KW_LATENCY	latency	Token from concept 'Ultra-Low Latency High-Frequency Trading Architecture': latency	"{""source"": ""concept_extraction"", ""source_concept"": ""ULTRA_LOW_LATENCY_HFT_ARCHITECTURE"", ""extracted_at"": ""2026-08-03T12:28:05.459842""}"	2026-08-03T12:28:05.459844	2026-08-03T12:28:05.459845	"[""ULTRA_LOW_LATENCY_HFT_ARCHITECTURE""]"
KW_CARLO	carlo	Token from concept 'Quantitative Financial Risk Modeling and Monte Carlo': carlo	"{""source"": ""concept_extraction"", ""source_concept"": ""QUANTITATIVE_FINANCIAL_RISK_MODELING"", ""extracted_at"": ""2026-08-03T12:28:05.459856""}"	2026-08-03T12:28:05.459859	2026-08-03T12:28:05.459859	"[""QUANTITATIVE_FINANCIAL_RISK_MODELING""]"
KW_MONTE	monte	Token from concept 'Quantitative Financial Risk Modeling and Monte Carlo': monte	"{""source"": ""concept_extraction"", ""source_concept"": ""QUANTITATIVE_FINANCIAL_RISK_MODELING"", ""extracted_at"": ""2026-08-03T12:28:05.459862""}"	2026-08-03T12:28:05.459864	2026-08-03T12:28:05.459865	"[""QUANTITATIVE_FINANCIAL_RISK_MODELING""]"
KW_FINANCE	finance	Token from concept 'Quantitative Financial Risk Modeling and Monte Carlo': finance	"{""source"": ""concept_extraction"", ""source_concept"": ""QUANTITATIVE_FINANCIAL_RISK_MODELING"", ""extracted_at"": ""2026-08-03T12:28:05.459868""}"	2026-08-03T12:28:05.459871	2026-08-03T12:28:05.459871	"[""QUANTITATIVE_FINANCIAL_RISK_MODELING""]"
