code	name	description	metadata	created_at	updated_at	concept_codes
KW_VAR	var	Keyword from reference glossary: var (related to: variable, declaration, assignment, scope)	"{""source"": ""reference_glossary"", ""related_concepts"": [""variable"", ""declaration"", ""assignment"", ""scope""], ""extracted_at"": ""2026-08-03T11:55:45.073880""}"	2026-08-03T11:55:45.073897	2026-08-03T11:55:45.073899	"[""CPU_ARCHITECTURE"", ""PRIMITIVE_TYPE_DECLARATION"", ""REFERENCE_TYPE_DECLARATION"", ""STATIC_MEMBERS_CONCEPT"", ""MULTI_AGENT_COOPERATION""]"
KW_LET	let	Keyword from reference glossary: let (related to: variable, declaration, assignment, scope, block)	"{""source"": ""reference_glossary"", ""related_concepts"": [""variable"", ""declaration"", ""assignment"", ""scope"", ""block""], ""extracted_at"": ""2026-08-03T11:55:45.074165""}"	2026-08-03T11:55:45.074171	2026-08-03T11:55:45.074172	"[""CREATIONAL_PATTERNS"", ""PRIMITIVE_TYPE_DECLARATION"", ""REFERENCE_TYPE_DECLARATION"", ""STATIC_MEMBERS_CONCEPT"", ""ASYNCHRONOUS_PROG_CONCEPT"", ""MULTI_AGENT_COOPERATION"", ""VISUAL_BLOCK_TO_CODE_TRANSITION"", ""DECENTRALIZED_LEDGER_CONSENSUS"", ""COLOR_THEORY_AND_PALETTE_DESIGN""]"
KW_CONST	const	Keyword from reference glossary: const (related to: constant, immutable, declaration, assignment)	"{""source"": ""reference_glossary"", ""related_concepts"": [""constant"", ""immutable"", ""declaration"", ""assignment""], ""extracted_at"": ""2026-08-03T11:55:45.074398""}"	2026-08-03T11:55:45.074402	2026-08-03T11:55:45.074403	"[""PRIMITIVE_TYPE_DECLARATION"", ""REFERENCE_TYPE_DECLARATION"", ""OBJECT_INSTANTIATION"", ""PHYSICS_CONSTRAINTS_CONCEPT"", ""MULTI_AGENT_COOPERATION"", ""SPATIAL_COMPUTING_XR_MAPPING"", ""ENGINEERING_DESIGN_CYCLE"", ""PHOTOGRAMMETRY_AND_POINT_CLOUD"", ""ORBITAL_MECHANICS_SATELLITE_MESH""]"
KW_FUNCTION	function	Keyword from reference glossary: function (related to: function, declaration, call, parameter, return)	"{""source"": ""reference_glossary"", ""related_concepts"": [""function"", ""declaration"", ""call"", ""parameter"", ""return"", ""arrow""], ""extracted_at"": ""2026-08-03T11:55:45.074683""}"	2026-08-03T11:55:45.074687	2026-08-03T11:55:45.074688	"[""NEURAL_NETWORKS_BASICS"", ""TYPES_OF_AI"", ""PRIMITIVE_TYPE_DECLARATION"", ""REFERENCE_TYPE_DECLARATION"", ""FIRST_CLASS_FUNCTIONS_CONCEPT"", ""IMMUTABILITY_CONCEPT"", ""EVENT_HANDLERS_CONCEPT"", ""ASYNCHRONOUS_PROG_CONCEPT"", ""PARAMETERIZED_QUANTUM_CIRCUITS""]"
KW_CLASS	class	Keyword from reference glossary: class (related to: class, object, instance, oop, inheritance)	"{""source"": ""reference_glossary"", ""related_concepts"": [""class"", ""object"", ""instance"", ""oop"", ""inheritance"", ""encapsulation""], ""extracted_at"": ""2026-08-03T11:55:45.074975""}"	2026-08-03T11:55:45.074979	2026-08-03T11:55:45.074980	"[""ARDUINO_BASICS"", ""REGRESSION_CLASSIFICATION"", ""OBJECT_PROPERTIES"", ""EVENT_BASED_PROGRAMMING"", ""REFERENCE_TYPE_DECLARATION"", ""FOR_LOOP"", ""WHILE_LOOP"", ""CSS_SELECTORS"", ""CLASS_DEFINITION"", ""OBJECT_INSTANTIATION""]"
KW_STRUCT	struct	Keyword from reference glossary: struct (related to: struct, value_type, data_structure)	"{""source"": ""reference_glossary"", ""related_concepts"": [""struct"", ""value_type"", ""data_structure""], ""extracted_at"": ""2026-08-03T11:55:45.075168""}"	2026-08-03T11:55:45.075171	2026-08-03T11:55:45.075172	"[""FETCH_DECODE_EXECUTE"", ""STRUCTURAL_PATTERNS"", ""ADJUSTMENT_LAYERS"", ""HTML_STRUCTURE"", ""OBJECT_INSTANTIATION"", ""LARGE_LANGUAGE_MODEL_CONCEPTS"", ""PUBLIC_KEY_INFRASTRUCTURE"", ""DURABLE_AGENT_STATE_MANAGEMENT"", ""PATTERN_RECOGNITION_CONCEPT"", ""SPATIAL_COMPUTING_XR_MAPPING""]"
KW_INTERFACE	interface	Keyword from reference glossary: interface (related to: interface, protocol, contract, abstraction)	"{""source"": ""reference_glossary"", ""related_concepts"": [""interface"", ""protocol"", ""contract"", ""abstraction""], ""extracted_at"": ""2026-08-03T11:55:45.075392""}"	2026-08-03T11:55:45.075395	2026-08-03T11:55:45.075396	"[""ABSTRACTION_LAYERS"", ""IOT_PROTOCOLS_MQTT_CONCEPT"", ""FEEDBACK_AND_RESPONSE"", ""TCP_IP_MODEL"", ""MODEL_CONTEXT_PROTOCOL_STANDARD"", ""DECENTRALIZED_LEDGER_CONSENSUS"", ""NEURAL_SIGNAL_DECODING_BCI"", ""QUANTUM_KEY_DISTRIBUTION_QKD""]"
KW_ENUM	enum	Keyword from reference glossary: enum (related to: enum, enumeration, variant, discriminated_union)	"{""source"": ""reference_glossary"", ""related_concepts"": [""enum"", ""enumeration"", ""variant"", ""discriminated_union""], ""extracted_at"": ""2026-08-03T11:55:45.075627""}"	2026-08-03T11:55:45.075630	2026-08-03T11:55:45.075631	[]
KW_IF	if	Keyword from reference glossary: if (related to: conditional, branch, control_flow)	"{""source"": ""reference_glossary"", ""related_concepts"": [""conditional"", ""branch"", ""control_flow""], ""extracted_at"": ""2026-08-03T11:55:45.075812""}"	2026-08-03T11:55:45.075815	2026-08-03T11:55:45.075816	"[""AGILE_PRINCIPLES"", ""VERSION_CONTROL_WORKFLOW"", ""REGRESSION_CLASSIFICATION"", ""AFFORDANCES_SIGNIFIERS"", ""IMAGE_WARPING"", ""IF_ELSE_STATEMENT"", ""SWITCH_CASE"", ""STACK_OPERATIONS"", ""QUEUE_OPERATIONS"", ""PHISHING_IDENTIFICATION""]"
KW_ELSE	else	Keyword from reference glossary: else (related to: conditional, branch, control_flow)	"{""source"": ""reference_glossary"", ""related_concepts"": [""conditional"", ""branch"", ""control_flow""], ""extracted_at"": ""2026-08-03T11:55:45.075998""}"	2026-08-03T11:55:45.076001	2026-08-03T11:55:45.076002	"[""VERSION_CONTROL_WORKFLOW"", ""IF_ELSE_STATEMENT"", ""SWITCH_CASE""]"
KW_ELIF	elif	Keyword from reference glossary: elif (related to: conditional, branch, control_flow)	"{""source"": ""reference_glossary"", ""related_concepts"": [""conditional"", ""branch"", ""control_flow""], ""extracted_at"": ""2026-08-03T11:55:45.076178""}"	2026-08-03T11:55:45.076181	2026-08-03T11:55:45.076181	"[""VERSION_CONTROL_WORKFLOW"", ""IF_ELSE_STATEMENT"", ""SWITCH_CASE""]"
KW_SWITCH	switch	Keyword from reference glossary: switch (related to: switch, case, pattern_matching, control_flow)	"{""source"": ""reference_glossary"", ""related_concepts"": [""switch"", ""case"", ""pattern_matching"", ""control_flow""], ""extracted_at"": ""2026-08-03T11:55:45.076395""}"	2026-08-03T11:55:45.076399	2026-08-03T11:55:45.076400	"[""ROUTERS_SWITCHES_CONCEPT"", ""SWITCH_CASE"", ""UNIT_TESTING""]"
KW_CASE	case	Keyword from reference glossary: case (related to: case, pattern, match)	"{""source"": ""reference_glossary"", ""related_concepts"": [""case"", ""pattern"", ""match""], ""extracted_at"": ""2026-08-03T11:55:45.076607""}"	2026-08-03T11:55:45.076610	2026-08-03T11:55:45.076611	"[""CREATIONAL_PATTERNS"", ""STRUCTURAL_PATTERNS"", ""BEHAVIORAL_PATTERNS"", ""SWITCH_CASE"", ""UNIT_TESTING"", ""MVVM_PATTERN"", ""PATTERN_RECOGNITION_CONCEPT""]"
KW_FOR	for	Keyword from reference glossary: for (related to: loop, iteration, range, collection)	"{""source"": ""reference_glossary"", ""related_concepts"": [""loop"", ""iteration"", ""range"", ""collection""], ""extracted_at"": ""2026-08-03T11:55:45.076834""}"	2026-08-03T11:55:45.076836	2026-08-03T11:55:45.076837	"[""ARDUINO_BASICS"", ""ABSTRACTION_LAYERS"", ""REINFORCEMENT_LEARNING_BASICS"", ""2D_3D_TRANSFORMATIONS_MATH"", ""AFFORDANCES_SIGNIFIERS"", ""INFORMATION_CREDIBILITY"", ""EVENT_BASED_PROGRAMMING"", ""TRANSFORMATION_OPERATIONS"", ""FOR_LOOP"", ""WHILE_LOOP""]"
KW_WHILE	while	Keyword from reference glossary: while (related to: loop, iteration, condition)	"{""source"": ""reference_glossary"", ""related_concepts"": [""loop"", ""iteration"", ""condition""], ""extracted_at"": ""2026-08-03T11:55:45.077031""}"	2026-08-03T11:55:45.077034	2026-08-03T11:55:45.077035	"[""ARDUINO_BASICS"", ""EVENT_BASED_PROGRAMMING"", ""IF_ELSE_STATEMENT"", ""FOR_LOOP"", ""WHILE_LOOP"", ""ARRAY_OPERATIONS"", ""GAME_LOOP"", ""GRAPH_BASED_AGENTIC_WORKFLOW"", ""MECHATRONICS_SYSTEMS_DIAGNOSTICS"", ""CLOSED_LOOP_NEUROSTIMULATION""]"
KW_DO	do	Keyword from reference glossary: do (related to: do_while, loop, iteration)	"{""source"": ""reference_glossary"", ""related_concepts"": [""do_while"", ""loop"", ""iteration""], ""extracted_at"": ""2026-08-03T11:55:45.077242""}"	2026-08-03T11:55:45.077245	2026-08-03T11:55:45.077246	"[""ARDUINO_BASICS"", ""PROBLEM_DECOMPOSITION"", ""EVENT_BASED_PROGRAMMING"", ""LIGHTING_AND_SHADOWS"", ""FOR_LOOP"", ""WHILE_LOOP"", ""ARRAY_OPERATIONS"", ""HTML_STRUCTURE"", ""DOM_MANIPULATION"", ""SHARED_EDITING_ETIQUETTE""]"
KW_BREAK	break	Keyword from reference glossary: break (related to: break, loop_control, exit)	"{""source"": ""reference_glossary"", ""related_concepts"": [""break"", ""loop_control"", ""exit""], ""extracted_at"": ""2026-08-03T11:55:45.077440""}"	2026-08-03T11:55:45.077443	2026-08-03T11:55:45.077444	"[""PROBLEM_DECOMPOSITION"", ""BIG_O_NOTATION"", ""BREAKPOINTS""]"
KW_CONTINUE	continue	Keyword from reference glossary: continue (related to: continue, loop_control, skip)	"{""source"": ""reference_glossary"", ""related_concepts"": [""continue"", ""loop_control"", ""skip""], ""extracted_at"": ""2026-08-03T11:55:45.077637""}"	2026-08-03T11:55:45.077640	2026-08-03T11:55:45.077641	[]
KW_RETURN	return	Keyword from reference glossary: return (related to: return, function, value, exit)	"{""source"": ""reference_glossary"", ""related_concepts"": [""return"", ""function"", ""value"", ""exit""], ""extracted_at"": ""2026-08-03T11:55:45.077898""}"	2026-08-03T11:55:45.077902	2026-08-03T11:55:45.077903	"[""NEURAL_NETWORKS_BASICS"", ""BIG_O_NOTATION"", ""FIRST_CLASS_FUNCTIONS_CONCEPT"", ""IMMUTABILITY_CONCEPT"", ""KEY_VALUE_PERSISTENCE"", ""SINGULAR_VALUE_DECOMPOSITION""]"
KW_ASYNC	async	Keyword from reference glossary: async (related to: async, await, promise, future, concurrency)	"{""source"": ""reference_glossary"", ""related_concepts"": [""async"", ""await"", ""promise"", ""future"", ""concurrency""], ""extracted_at"": ""2026-08-03T11:55:45.078159""}"	2026-08-03T11:55:45.078162	2026-08-03T11:55:45.078163	"[""EVENT_BASED_PROGRAMMING"", ""ASYNCHRONOUS_PROG_CONCEPT""]"
KW_AWAIT	await	Keyword from reference glossary: await (related to: await, async, promise, concurrency)	"{""source"": ""reference_glossary"", ""related_concepts"": [""await"", ""async"", ""promise"", ""concurrency""], ""extracted_at"": ""2026-08-03T11:55:45.078384""}"	2026-08-03T11:55:45.078387	2026-08-03T11:55:45.078388	"[""EVENT_BASED_PROGRAMMING"", ""ASYNCHRONOUS_PROG_CONCEPT""]"
KW_TRY	try	Keyword from reference glossary: try (related to: try, catch, exception, error_handling)	"{""source"": ""reference_glossary"", ""related_concepts"": [""try"", ""catch"", ""exception"", ""error_handling""], ""extracted_at"": ""2026-08-03T11:55:45.078613""}"	2026-08-03T11:55:45.078616	2026-08-03T11:55:45.078617	"[""ERROR_MESSAGES_CONCEPT"", ""RUNTIME_ERRORS"", ""DIGITAL_TWIN_SIMULATION"", ""PHOTOGRAMMETRY_AND_POINT_CLOUD""]"
KW_CATCH	catch	Keyword from reference glossary: catch (related to: catch, exception, error_handling)	"{""source"": ""reference_glossary"", ""related_concepts"": [""catch"", ""exception"", ""error_handling""], ""extracted_at"": ""2026-08-03T11:55:45.078799""}"	2026-08-03T11:55:45.078802	2026-08-03T11:55:45.078803	"[""ERROR_MESSAGES_CONCEPT"", ""RUNTIME_ERRORS""]"
KW_FINALLY	finally	Keyword from reference glossary: finally (related to: finally, cleanup, error_handling)	"{""source"": ""reference_glossary"", ""related_concepts"": [""finally"", ""cleanup"", ""error_handling""], ""extracted_at"": ""2026-08-03T11:55:45.078982""}"	2026-08-03T11:55:45.078985	2026-08-03T11:55:45.078985	[]
KW_THROW	throw	Keyword from reference glossary: throw (related to: throw, exception, raise, error)	"{""source"": ""reference_glossary"", ""related_concepts"": [""throw"", ""exception"", ""raise"", ""error""], ""extracted_at"": ""2026-08-03T11:55:45.079207""}"	2026-08-03T11:55:45.079210	2026-08-03T11:55:45.079211	"[""ERROR_MESSAGES_CONCEPT"", ""LOGIC_ERRORS"", ""SYNTAX_ERRORS"", ""RUNTIME_ERRORS""]"
KW_IMPORT	import	Keyword from reference glossary: import (related to: import, module, dependency, package)	"{""source"": ""reference_glossary"", ""related_concepts"": [""import"", ""module"", ""dependency"", ""package""], ""extracted_at"": ""2026-08-03T11:55:45.079430""}"	2026-08-03T11:55:45.079433	2026-08-03T11:55:45.079434	[]
KW_EXPORT	export	Keyword from reference glossary: export (related to: export, module, public_api)	"{""source"": ""reference_glossary"", ""related_concepts"": [""export"", ""module"", ""public_api""], ""extracted_at"": ""2026-08-03T11:55:45.079627""}"	2026-08-03T11:55:45.079630	2026-08-03T11:55:45.079631	[]
KW_FROM	from	Keyword from reference glossary: from (related to: import, module, source)	"{""source"": ""reference_glossary"", ""related_concepts"": [""import"", ""module"", ""source""], ""extracted_at"": ""2026-08-03T11:55:45.079829""}"	2026-08-03T11:55:45.079832	2026-08-03T11:55:45.079833	"[""LIGHTING_AND_SHADOWS"", ""SQL_SELECT"", ""SUSTAINABLE_COMPUTING_AND_EFFICIENT_AI""]"
KW_AS	as	Keyword from reference glossary: as (related to: alias, rename, import)	"{""source"": ""reference_glossary"", ""related_concepts"": [""alias"", ""rename"", ""import""], ""extracted_at"": ""2026-08-03T11:55:45.080018""}"	2026-08-03T11:55:45.080020	2026-08-03T11:55:45.080021	"[""PROCESS_VS_THREAD"", ""ARDUINO_BASICS"", ""SBC_BASICS"", ""FRONTEND_FRAMEWORKS"", ""RELATIONAL_VS_NONRELATIONAL"", ""CLOUD_MODELS_IAAS_PAAS_SAAS"", ""REGRESSION_CLASSIFICATION"", ""NEURAL_NETWORKS_BASICS"", ""REINFORCEMENT_LEARNING_BASICS"", ""AI_BIAS""]"
KW_NEW	new	Keyword from reference glossary: new (related to: new, instance, constructor, allocation)	"{""source"": ""reference_glossary"", ""related_concepts"": [""new"", ""instance"", ""constructor"", ""allocation""], ""extracted_at"": ""2026-08-03T11:55:45.080247""}"	2026-08-03T11:55:45.080250	2026-08-03T11:55:45.080251	"[""FILE_ALLOCATION"", ""OBJECT_INSTANTIATION"", ""RENEWABLE_ENERGY_FORECASTING""]"
KW_THIS	this	Keyword from reference glossary: this (related to: this, self, instance, context)	"{""source"": ""reference_glossary"", ""related_concepts"": [""this"", ""self"", ""instance"", ""context""], ""extracted_at"": ""2026-08-03T11:55:45.080485""}"	2026-08-03T11:55:45.080488	2026-08-03T11:55:45.080489	"[""OBJECT_INSTANTIATION"", ""TRANSFORMER_ARCHITECTURE"", ""RETRIEVAL_AUGMENTED_GENERATION"", ""AGENTIC_WORKFLOW_ORCHESTRATION"", ""AGENT_MEMORY_SYSTEMS"", ""MODEL_CONTEXT_PROTOCOL_STANDARD"", ""AUTONOMOUS_DRONE_NAVIGATION""]"
KW_SUPER	super	Keyword from reference glossary: super (related to: super, parent, inheritance, base_class)	"{""source"": ""reference_glossary"", ""related_concepts"": [""super"", ""parent"", ""inheritance"", ""base_class""], ""extracted_at"": ""2026-08-03T11:55:45.080711""}"	2026-08-03T11:55:45.080715	2026-08-03T11:55:45.080715	"[""REGRESSION_CLASSIFICATION"", ""CLUSTERING_ALGORITHMS"", ""INHERITANCE_SYNTAX"", ""QUANTUM_STATES_SUPERPOSITION""]"
KW_EXTENDS	extends	Keyword from reference glossary: extends (related to: extends, inheritance, subclass)	"{""source"": ""reference_glossary"", ""related_concepts"": [""extends"", ""inheritance"", ""subclass""], ""extracted_at"": ""2026-08-03T11:55:45.080899""}"	2026-08-03T11:55:45.080903	2026-08-03T11:55:45.080904	"[""INHERITANCE_SYNTAX""]"
KW_IMPLEMENTS	implements	Keyword from reference glossary: implements (related to: implements, interface, contract)	"{""source"": ""reference_glossary"", ""related_concepts"": [""implements"", ""interface"", ""contract""], ""extracted_at"": ""2026-08-03T11:55:45.081083""}"	2026-08-03T11:55:45.081086	2026-08-03T11:55:45.081087	"[""FEEDBACK_AND_RESPONSE"", ""MODEL_CONTEXT_PROTOCOL_STANDARD"", ""DECENTRALIZED_LEDGER_CONSENSUS"", ""NEURAL_SIGNAL_DECODING_BCI""]"
KW_ABSTRACT	abstract	Keyword from reference glossary: abstract (related to: abstract, base_class, inheritance)	"{""source"": ""reference_glossary"", ""related_concepts"": [""abstract"", ""base_class"", ""inheritance""], ""extracted_at"": ""2026-08-03T11:55:45.081259""}"	2026-08-03T11:55:45.081263	2026-08-03T11:55:45.081264	"[""ABSTRACTION_LAYERS"", ""INHERITANCE_SYNTAX"", ""STATIC_PROGRAM_ANALYSIS""]"
KW_STATIC	static	Keyword from reference glossary: static (related to: static, class_member, shared)	"{""source"": ""reference_glossary"", ""related_concepts"": [""static"", ""class_member"", ""shared""], ""extracted_at"": ""2026-08-03T11:55:45.081443""}"	2026-08-03T11:55:45.081445	2026-08-03T11:55:45.081446	"[""STATIC_MEMBERS_CONCEPT"", ""SHARED_OBSERVABLE_STATE"", ""TYPE_SYSTEMS_AND_SAFETY"", ""STATIC_PROGRAM_ANALYSIS""]"
KW_PUBLIC	public	Keyword from reference glossary: public (related to: public, access_modifier, visibility)	"{""source"": ""reference_glossary"", ""related_concepts"": [""public"", ""access_modifier"", ""visibility""], ""extracted_at"": ""2026-08-03T11:55:45.081614""}"	2026-08-03T11:55:45.081617	2026-08-03T11:55:45.081618	"[""CLOUD_DEPLOYMENT_MODELS"", ""ACCESS_MODIFIERS"", ""PUBLIC_KEY_INFRASTRUCTURE""]"
KW_PRIVATE	private	Keyword from reference glossary: private (related to: private, access_modifier, encapsulation)	"{""source"": ""reference_glossary"", ""related_concepts"": [""private"", ""access_modifier"", ""encapsulation""], ""extracted_at"": ""2026-08-03T11:55:45.081799""}"	2026-08-03T11:55:45.081802	2026-08-03T11:55:45.081802	"[""CLOUD_DEPLOYMENT_MODELS"", ""ACCESS_MODIFIERS""]"
KW_PROTECTED	protected	Keyword from reference glossary: protected (related to: protected, access_modifier, inheritance)	"{""source"": ""reference_glossary"", ""related_concepts"": [""protected"", ""access_modifier"", ""inheritance""], ""extracted_at"": ""2026-08-03T11:55:45.081971""}"	2026-08-03T11:55:45.081974	2026-08-03T11:55:45.081975	"[""INHERITANCE_SYNTAX""]"
KW_READONLY	readonly	Keyword from reference glossary: readonly (related to: readonly, immutable, property)	"{""source"": ""reference_glossary"", ""related_concepts"": [""readonly"", ""immutable"", ""property""], ""extracted_at"": ""2026-08-03T11:55:45.082149""}"	2026-08-03T11:55:45.082152	2026-08-03T11:55:45.082153	"[""COPYRIGHT_CREATIVE_COMMONS""]"
KW_GET	get	Keyword from reference glossary: get (related to: getter, property, accessor)	"{""source"": ""reference_glossary"", ""related_concepts"": [""getter"", ""property"", ""accessor""], ""extracted_at"": ""2026-08-03T11:55:45.082341""}"	2026-08-03T11:55:45.082344	2026-08-03T11:55:45.082344	"[""COPYRIGHT_CREATIVE_COMMONS"", ""HTTP_METHODS"", ""APP_EXTENSION_MODEL""]"
KW_SET	set	Keyword from reference glossary: set (related to: set, unique, collection, union, intersection)	"{""source"": ""reference_glossary"", ""related_concepts"": [""set"", ""unique"", ""collection"", ""union"", ""intersection""], ""extracted_at"": ""2026-08-03T11:55:45.082617""}"	2026-08-03T11:55:45.082621	2026-08-03T11:55:45.082621	"[""ARDUINO_BASICS"", ""SET_THEORY"", ""SCIENTIFIC_INQUIRY_METHOD"", ""DIGITAL_TWIN_SIMULATION""]"
KW_STRING	string	Keyword from reference glossary: string (related to: string, text, unicode, utf8, ascii)	"{""source"": ""reference_glossary"", ""related_concepts"": [""string"", ""text"", ""unicode"", ""utf8"", ""ascii""], ""extracted_at"": ""2026-08-03T11:55:45.082876""}"	2026-08-03T11:55:45.082879	2026-08-03T11:55:45.082880	"[""MATERIAL_AND_TEXTURE"", ""REFERENCE_TYPE_DECLARATION"", ""RETRIEVAL_AUGMENTED_GENERATION"", ""AGENT_MEMORY_SYSTEMS"", ""MODEL_CONTEXT_PROTOCOL_STANDARD"", ""VISUAL_BLOCK_TO_CODE_TRANSITION""]"
KW_NUMBER	number	Keyword from reference glossary: number (related to: number, integer, float, double, decimal)	"{""source"": ""reference_glossary"", ""related_concepts"": [""number"", ""integer"", ""float"", ""double"", ""decimal""], ""extracted_at"": ""2026-08-03T11:55:45.083147""}"	2026-08-03T11:55:45.083151	2026-08-03T11:55:45.083152	"[""TAP_GESTURE""]"
KW_BOOLEAN	boolean	Keyword from reference glossary: boolean (related to: boolean, bool, true, false, logic)	"{""source"": ""reference_glossary"", ""related_concepts"": [""boolean"", ""bool"", ""true"", ""false"", ""logic""], ""extracted_at"": ""2026-08-03T11:55:45.083428""}"	2026-08-03T11:55:45.083431	2026-08-03T11:55:45.083432	"[""SHAPE_BUILDING"", ""BOOLEAN_OPERATIONS_3D"", ""TRUTH_TABLES"", ""LOGIC_GATES"", ""PRIMITIVE_TYPE_DECLARATION"", ""LOGIC_ERRORS"", ""PROPOSITIONAL_LOGIC"", ""QUANTUM_LOGIC_GATES"", ""PATTERN_RECOGNITION_CONCEPT"", ""PROBABILISTIC_VS_DETERMINISTIC_REASONING""]"
KW_ARRAY	array	Keyword from reference glossary: array (related to: array, list, collection, index, element)	"{""source"": ""reference_glossary"", ""related_concepts"": [""array"", ""list"", ""collection"", ""index"", ""element""], ""extracted_at"": ""2026-08-03T11:55:45.083685""}"	2026-08-03T11:55:45.083688	2026-08-03T11:55:45.083689	"[""FILE_ALLOCATION"", ""ARRAY_OPERATIONS"", ""LIST_OPERATIONS"", ""DOM_MANIPULATION"", ""EVENT_HANDLERS_CONCEPT"", ""VECTOR_EMBEDDING_SEARCH"", ""PROBABILISTIC_VS_DETERMINISTIC_REASONING"", ""SCIENTIFIC_INQUIRY_METHOD""]"
KW_OBJECT	object	Keyword from reference glossary: object (related to: object, dictionary, map, key, value)	"{""source"": ""reference_glossary"", ""related_concepts"": [""object"", ""dictionary"", ""map"", ""key"", ""value""], ""extracted_at"": ""2026-08-03T11:55:45.083949""}"	2026-08-03T11:55:45.083952	2026-08-03T11:55:45.083953	"[""MAPREDUCE_CONCEPT"", ""OBJECT_PROPERTIES"", ""MATERIAL_AND_TEXTURE"", ""KEYFRAME_ANIMATION"", ""REFERENCE_TYPE_DECLARATION"", ""USER_PERSONAS"", ""OBJECT_INSTANTIATION"", ""SHARED_OBSERVABLE_STATE"", ""MAP_INTEGRATION"", ""KEY_VALUE_PERSISTENCE""]"
KW_NULL	null	Keyword from reference glossary: null (related to: null, nil, none, undefined, empty)	"{""source"": ""reference_glossary"", ""related_concepts"": [""null"", ""nil"", ""none"", ""undefined"", ""empty""], ""extracted_at"": ""2026-08-03T11:55:45.084208""}"	2026-08-03T11:55:45.084211	2026-08-03T11:55:45.084212	[]
KW_UNDEFINED	undefined	Keyword from reference glossary: undefined (related to: undefined, null, uninitialized)	"{""source"": ""reference_glossary"", ""related_concepts"": [""undefined"", ""null"", ""uninitialized""], ""extracted_at"": ""2026-08-03T11:55:45.084381""}"	2026-08-03T11:55:45.084383	2026-08-03T11:55:45.084384	[]
KW_	=	Keyword from reference glossary: = (related to: assignment, equals)	"{""source"": ""reference_glossary"", ""related_concepts"": [""assignment"", ""equals""], ""extracted_at"": ""2026-08-03T11:55:45.084523""}"	2026-08-03T11:55:45.084526	2026-08-03T11:55:45.084527	"[""MULTI_AGENT_COOPERATION""]"
KW_STACK	stack	Keyword from reference glossary: stack (related to: stack, lifo, push, pop)	"{""source"": ""reference_glossary"", ""related_concepts"": [""stack"", ""lifo"", ""push"", ""pop""], ""extracted_at"": ""2026-08-03T11:55:45.088469""}"	2026-08-03T11:55:45.088473	2026-08-03T11:55:45.088474	"[""BACKEND_FRAMEWORKS"", ""STACK_OPERATIONS""]"
KW_QUEUE	queue	Keyword from reference glossary: queue (related to: queue, fifo, enqueue, dequeue)	"{""source"": ""reference_glossary"", ""related_concepts"": [""queue"", ""fifo"", ""enqueue"", ""dequeue""], ""extracted_at"": ""2026-08-03T11:55:45.088712""}"	2026-08-03T11:55:45.088715	2026-08-03T11:55:45.088716	"[""QUEUE_OPERATIONS""]"
KW_TREE	tree	Keyword from reference glossary: tree (related to: tree, node, root, leaf, branch)	"{""source"": ""reference_glossary"", ""related_concepts"": [""tree"", ""node"", ""root"", ""leaf"", ""branch"", ""traversal""], ""extracted_at"": ""2026-08-03T11:55:45.089032""}"	2026-08-03T11:55:45.089036	2026-08-03T11:55:45.089036	"[""VERSION_CONTROL_WORKFLOW"", ""SWITCH_CASE"", ""GRAPH_MODELS"", ""DECENTRALIZED_LEDGER_CONSENSUS"", ""NATURAL_LANGUAGE_PARSING""]"
KW_GRAPH	graph	Keyword from reference glossary: graph (related to: graph, node, edge, vertex, adjacency)	"{""source"": ""reference_glossary"", ""related_concepts"": [""graph"", ""node"", ""edge"", ""vertex"", ""adjacency"", ""traversal""], ""extracted_at"": ""2026-08-03T11:55:45.089314""}"	2026-08-03T11:55:45.089318	2026-08-03T11:55:45.089319	"[""CHART_TYPES"", ""RENDERING_PIPELINE"", ""LAYER_BLEND_MODES"", ""ADJUSTMENT_LAYERS"", ""LAYER_MASKING"", ""POLYGON_MESH"", ""GRAPH_MODELS"", ""EDGE_MODEL_QUANTIZATION"", ""AIOT_DATA_PIPELINE"", ""GRAPH_BASED_AGENTIC_WORKFLOW""]"
KW_HASH	hash	Keyword from reference glossary: hash (related to: hash, sha256, md5, bcrypt, pbkdf2)	"{""source"": ""reference_glossary"", ""related_concepts"": [""hash"", ""sha256"", ""md5"", ""bcrypt"", ""pbkdf2""], ""extracted_at"": ""2026-08-03T11:55:45.089576""}"	2026-08-03T11:55:45.089579	2026-08-03T11:55:45.089580	[]
KW_MAP	map	Keyword from reference glossary: map (related to: map, dictionary, key_value, lookup)	"{""source"": ""reference_glossary"", ""related_concepts"": [""map"", ""dictionary"", ""key_value"", ""lookup""], ""extracted_at"": ""2026-08-03T11:55:45.089812""}"	2026-08-03T11:55:45.089817	2026-08-03T11:55:45.089818	"[""MAPREDUCE_CONCEPT"", ""MATERIAL_AND_TEXTURE"", ""USER_PERSONAS"", ""DNS_LOOKUP"", ""MAP_INTEGRATION"", ""LEVEL_LAYOUT"", ""SIMULTANEOUS_LOCALIZATION_MAPPING"", ""SPATIAL_COMPUTING_XR_MAPPING""]"
KW_LINKED_LIST	linked_list	Keyword from reference glossary: linked_list (related to: linked_list, node, pointer, next, prev)	"{""source"": ""reference_glossary"", ""related_concepts"": [""linked_list"", ""node"", ""pointer"", ""next"", ""prev""], ""extracted_at"": ""2026-08-03T11:55:45.090096""}"	2026-08-03T11:55:45.090099	2026-08-03T11:55:45.090100	[]
KW_HEAP	heap	Keyword from reference glossary: heap (related to: heap, priority_queue, min_heap, max_heap)	"{""source"": ""reference_glossary"", ""related_concepts"": [""heap"", ""priority_queue"", ""min_heap"", ""max_heap""], ""extracted_at"": ""2026-08-03T11:55:45.090314""}"	2026-08-03T11:55:45.090317	2026-08-03T11:55:45.090318	[]
KW_TRIE	trie	Keyword from reference glossary: trie (related to: trie, prefix_tree, autocomplete)	"{""source"": ""reference_glossary"", ""related_concepts"": [""trie"", ""prefix_tree"", ""autocomplete""], ""extracted_at"": ""2026-08-03T11:55:45.090522""}"	2026-08-03T11:55:45.090525	2026-08-03T11:55:45.090525	"[""RETRIEVAL_AUGMENTED_GENERATION"", ""KNOWLEDGE_GRAPH_RETRIEVAL_AUGMENTATION"", ""HYBRID_VECTOR_SPARSE_SEARCH""]"
KW_SORT	sort	Keyword from reference glossary: sort (related to: sort, sorting, quicksort, mergesort, heapsort)	"{""source"": ""reference_glossary"", ""related_concepts"": [""sort"", ""sorting"", ""quicksort"", ""mergesort"", ""heapsort"", ""bubblesort""], ""extracted_at"": ""2026-08-03T11:55:45.090824""}"	2026-08-03T11:55:45.090828	2026-08-03T11:55:45.090829	"[""DIVIDE_CONQUER"", ""BUBBLE_INSERTION_SORT""]"
KW_SEARCH	search	Keyword from reference glossary: search (related to: search, binary_search, linear_search, dfs, bfs)	"{""source"": ""reference_glossary"", ""related_concepts"": [""search"", ""binary_search"", ""linear_search"", ""dfs"", ""bfs""], ""extracted_at"": ""2026-08-03T11:55:45.091103""}"	2026-08-03T11:55:45.091106	2026-08-03T11:55:45.091107	"[""LINEAR_BINARY_SEARCH"", ""LIST_OPERATIONS"", ""USER_PERSONAS"", ""RETRIEVAL_AUGMENTED_GENERATION"", ""VECTOR_EMBEDDING_SEARCH"", ""KNOWLEDGE_GRAPH_RETRIEVAL_AUGMENTATION"", ""HYBRID_VECTOR_SPARSE_SEARCH""]"
KW_RECURSION	recursion	Keyword from reference glossary: recursion (related to: recursion, recursive, base_case, divide_conquer)	"{""source"": ""reference_glossary"", ""related_concepts"": [""recursion"", ""recursive"", ""base_case"", ""divide_conquer""], ""extracted_at"": ""2026-08-03T11:55:45.091351""}"	2026-08-03T11:55:45.091354	2026-08-03T11:55:45.091355	"[""DIVIDE_CONQUER""]"
KW_DYNAMIC_PROGRAMMING	dynamic_programming	Keyword from reference glossary: dynamic_programming (related to: dynamic_programming, dp, memoization, tabulation)	"{""source"": ""reference_glossary"", ""related_concepts"": [""dynamic_programming"", ""dp"", ""memoization"", ""tabulation""], ""extracted_at"": ""2026-08-03T11:55:45.091582""}"	2026-08-03T11:55:45.091585	2026-08-03T11:55:45.091587	"[""DYNAMIC_PROGRAMMING""]"
KW_GREEDY	greedy	Keyword from reference glossary: greedy (related to: greedy, algorithm, optimization)	"{""source"": ""reference_glossary"", ""related_concepts"": [""greedy"", ""algorithm"", ""optimization""], ""extracted_at"": ""2026-08-03T11:55:45.091775""}"	2026-08-03T11:55:45.091778	2026-08-03T11:55:45.091779	"[""SCHEDULING_ALGORITHMS"", ""CLUSTERING_ALGORITHMS"", ""ALGORITHMIC_BIAS_SOCIETY"", ""GREEDY_ALGORITHMS"", ""LINEAR_BINARY_SEARCH"", ""BUBBLE_INSERTION_SORT"", ""EDGE_MODEL_QUANTIZATION"", ""ROBOTIC_PATH_PLANNING"", ""SMALL_LANGUAGE_MODEL_OPTIMIZATION"", ""UNPLUGGED_ALGORITHM_MIMICRY""]"
KW_BACKTRACKING	backtracking	Keyword from reference glossary: backtracking (related to: backtracking, dfs, constraint_satisfaction)	"{""source"": ""reference_glossary"", ""related_concepts"": [""backtracking"", ""dfs"", ""constraint_satisfaction""], ""extracted_at"": ""2026-08-03T11:55:45.091957""}"	2026-08-03T11:55:45.091960	2026-08-03T11:55:45.091961	[]
KW_CPU	cpu	Keyword from reference glossary: cpu (related to: cpu, processor, core, thread, instruction)	"{""source"": ""reference_glossary"", ""related_concepts"": [""cpu"", ""processor"", ""core"", ""thread"", ""instruction""], ""extracted_at"": ""2026-08-03T11:55:45.092222""}"	2026-08-03T11:55:45.092225	2026-08-03T11:55:45.092226	"[""CPU_ARCHITECTURE"", ""FETCH_DECODE_EXECUTE"", ""PROCESS_VS_THREAD"", ""SCHEDULING_ALGORITHMS"", ""LOCATION_SERVICES_API"", ""CORE_DATA_ORM"", ""LARGE_LANGUAGE_MODEL_CONCEPTS""]"
KW_MEMORY	memory	Keyword from reference glossary: memory (related to: memory, ram, rom, cache, register)	"{""source"": ""reference_glossary"", ""related_concepts"": [""memory"", ""ram"", ""rom"", ""cache"", ""register"", ""stack"", ""heap""], ""extracted_at"": ""2026-08-03T11:55:45.092540""}"	2026-08-03T11:55:45.092544	2026-08-03T11:55:45.092545	"[""MEMORY_TYPES"", ""CACHE_HIERARCHY"", ""DMA_CONCEPT"", ""VIRTUAL_MEMORY"", ""FRONTEND_FRAMEWORKS"", ""BACKEND_FRAMEWORKS"", ""EVENT_BASED_PROGRAMMING"", ""KEYFRAME_ANIMATION"", ""DYNAMIC_PROGRAMMING"", ""SQL_SELECT""]"
KW_DISK	disk	Keyword from reference glossary: disk (related to: disk, storage, ssd, hdd, file_system)	"{""source"": ""reference_glossary"", ""related_concepts"": [""disk"", ""storage"", ""ssd"", ""hdd"", ""file_system""], ""extracted_at"": ""2026-08-03T11:55:45.092807""}"	2026-08-03T11:55:45.092810	2026-08-03T11:55:45.092810	"[""HDD_VS_SSD"", ""KEY_VALUE_PERSISTENCE"", ""BATTERY_MANAGEMENT_ALGORITHMS""]"
KW_NETWORK	network	Keyword from reference glossary: network (related to: network, tcp, udp, ip, http)	"{""source"": ""reference_glossary"", ""related_concepts"": [""network"", ""tcp"", ""udp"", ""ip"", ""http"", ""dns"", ""socket""], ""extracted_at"": ""2026-08-03T11:55:45.093145""}"	2026-08-03T11:55:45.093148	2026-08-03T11:55:45.093149	"[""ROUTERS_SWITCHES_CONCEPT"", ""NETWORK_TOPOLOGIES_CONCEPT"", ""AGILE_PRINCIPLES"", ""NEURAL_NETWORKS_BASICS"", ""RENDERING_PIPELINE"", ""IMAGE_WARPING"", ""COMPOSITION_PRINCIPLES"", ""CIRCUIT_PRINCIPLES_CONCEPT"", ""OSI_MODEL"", ""TCP_IP_MODEL""]"
KW_PROCESS	process	Keyword from reference glossary: process (related to: process, thread, scheduler, context_switch)	"{""source"": ""reference_glossary"", ""related_concepts"": [""process"", ""thread"", ""scheduler"", ""context_switch""], ""extracted_at"": ""2026-08-03T11:55:45.093360""}"	2026-08-03T11:55:45.093363	2026-08-03T11:55:45.093364	"[""PROCESS_VS_THREAD"", ""DATA_CLEANING_TECHNIQUES"", ""MAPREDUCE_CONCEPT"", ""USER_CENTERED_DESIGN"", ""DNS_LOOKUP"", ""FOURIER_TRANSFORM_SIGNAL_ANALYSIS"", ""NEUROMORPHIC_COMPUTING_SPIKING_NEURONS"", ""PHOTOGRAMMETRY_AND_POINT_CLOUD""]"
KW_OS	os	Keyword from reference glossary: os (related to: os, operating_system, kernel, syscall, driver)	"{""source"": ""reference_glossary"", ""related_concepts"": [""os"", ""operating_system"", ""kernel"", ""syscall"", ""driver""], ""extracted_at"": ""2026-08-03T11:55:45.093630""}"	2026-08-03T11:55:45.093633	2026-08-03T11:55:45.093634	"[""TROUBLESHOOTING_METHODOLOGY_CONCEPT"", ""SBC_BASICS"", ""PROBLEM_DECOMPOSITION"", ""RELATIONAL_VS_NONRELATIONAL"", ""CHART_TYPES"", ""PERSONAS_AND_SCENARIOS"", ""IMAGE_COMPOSITING"", ""COMPOSITION_PRINCIPLES"", ""OSI_MODEL"", ""TRUTH_TABLES""]"
KW_HTML	html	Keyword from reference glossary: html (related to: html, tag, element, attribute, dom)	"{""source"": ""reference_glossary"", ""related_concepts"": [""html"", ""tag"", ""element"", ""attribute"", ""dom""], ""extracted_at"": ""2026-08-03T11:55:45.093932""}"	2026-08-03T11:55:45.093935	2026-08-03T11:55:45.093936	"[""IMAGE_COMPOSITING"", ""OBJECT_PROPERTIES"", ""BASIC_MECHANISMS_CONCEPT"", ""HTML_STRUCTURE"", ""DOM_MANIPULATION"", ""CLASS_DEFINITION"", ""DNS_LOOKUP"", ""SCREEN_READERS"", ""FOURIER_TRANSFORM_SIGNAL_ANALYSIS"", ""NATURAL_LANGUAGE_PARSING""]"
KW_CSS	css	Keyword from reference glossary: css (related to: css, selector, property, value, layout)	"{""source"": ""reference_glossary"", ""related_concepts"": [""css"", ""selector"", ""property"", ""value"", ""layout"", ""flexbox"", ""grid""], ""extracted_at"": ""2026-08-03T11:55:45.094267""}"	2026-08-03T11:55:45.094270	2026-08-03T11:55:45.094271	"[""COPYRIGHT_CREATIVE_COMMONS"", ""COMPOSITION_PRINCIPLES"", ""CSS_SELECTORS"", ""WIREFRAMING"", ""KEY_VALUE_PERSISTENCE"", ""LEVEL_LAYOUT"", ""SINGULAR_VALUE_DECOMPOSITION"", ""LAYOUT_GRID_AND_COMPOSITION_RULES"", ""SMART_GRID_ENERGY_OPTIMIZATION""]"
KW_JAVASCRIPT	javascript	Keyword from reference glossary: javascript (related to: javascript, js, ecmascript, typescript, ts)	"{""source"": ""reference_glossary"", ""related_concepts"": [""javascript"", ""js"", ""ecmascript"", ""typescript"", ""ts""], ""extracted_at"": ""2026-08-03T11:55:45.094535""}"	2026-08-03T11:55:45.094538	2026-08-03T11:55:45.094539	"[""SCRUM_ROLES_EVENTS"", ""CHART_TYPES"", ""IOT_SECURITY_THREATS"", ""BASIC_ELECTRONIC_COMPONENTS_CONCEPT"", ""BREAKPOINTS"", ""PHISHING_IDENTIFICATION"", ""IMMUTABILITY_CONCEPT"", ""EVENT_HANDLERS_CONCEPT"", ""SHARED_EDITING_ETIQUETTE"", ""VIEW_TRANSITIONS""]"
KW_DOM	dom	Keyword from reference glossary: dom (related to: dom, document, element, event, node)	"{""source"": ""reference_glossary"", ""related_concepts"": [""dom"", ""document"", ""element"", ""event"", ""node""], ""extracted_at"": ""2026-08-03T11:55:45.094821""}"	2026-08-03T11:55:45.094824	2026-08-03T11:55:45.094825	"[""SCRUM_ROLES_EVENTS"", ""EVENT_BASED_PROGRAMMING"", ""HTML_STRUCTURE"", ""DOM_MANIPULATION"", ""PROBABILITY_BASICS"", ""EVENT_HANDLERS_CONCEPT"", ""DNS_LOOKUP"", ""FOURIER_TRANSFORM_SIGNAL_ANALYSIS"", ""NEUROMORPHIC_COMPUTING_SPIKING_NEURONS""]"
KW_API	api	Keyword from reference glossary: api (related to: api, rest, graphql, endpoint, request)	"{""source"": ""reference_glossary"", ""related_concepts"": [""api"", ""rest"", ""graphql"", ""endpoint"", ""request"", ""response""], ""extracted_at"": ""2026-08-03T11:55:45.095132""}"	2026-08-03T11:55:45.095135	2026-08-03T11:55:45.095136	"[""FEEDBACK_AND_RESPONSE"", ""CYBERBULLYING"", ""API_INTEGRATION"", ""REST_PRINCIPLES"", ""HTTP_METHODS"", ""LOCATION_SERVICES_API"", ""MEDIA_PICKER_API"", ""LOCAL_NOTIFICATION_API"", ""CORE_DATA_ORM"", ""SMART_GRID_ENERGY_OPTIMIZATION""]"
KW_JSON	json	Keyword from reference glossary: json (related to: json, serialize, deserialize, parse, stringify)	"{""source"": ""reference_glossary"", ""related_concepts"": [""json"", ""serialize"", ""deserialize"", ""parse"", ""stringify""], ""extracted_at"": ""2026-08-03T11:55:45.095406""}"	2026-08-03T11:55:45.095409	2026-08-03T11:55:45.095410	"[""JSON_SERIALIZATION"", ""HYBRID_VECTOR_SPARSE_SEARCH""]"
KW_XML	xml	Keyword from reference glossary: xml (related to: xml, tag, attribute, namespace, schema)	"{""source"": ""reference_glossary"", ""related_concepts"": [""xml"", ""tag"", ""attribute"", ""namespace"", ""schema""], ""extracted_at"": ""2026-08-03T11:55:45.095713""}"	2026-08-03T11:55:45.095717	2026-08-03T11:55:45.095718	"[""IMAGE_COMPOSITING"", ""OBJECT_PROPERTIES"", ""BASIC_MECHANISMS_CONCEPT"", ""CLASS_DEFINITION"", ""NATURAL_LANGUAGE_PARSING""]"
KW_SQL	sql	Keyword from reference glossary: sql (related to: sql, query, select, insert, update)	"{""source"": ""reference_glossary"", ""related_concepts"": [""sql"", ""query"", ""select"", ""insert"", ""update"", ""delete"", ""join""], ""extracted_at"": ""2026-08-03T11:55:45.096055""}"	2026-08-03T11:55:45.096059	2026-08-03T11:55:45.096059	"[""RELATIONAL_VS_NONRELATIONAL"", ""CHART_TYPES"", ""BUBBLE_INSERTION_SORT"", ""IF_ELSE_STATEMENT"", ""SWITCH_CASE"", ""CSS_SELECTORS"", ""DOM_MANIPULATION"", ""SQL_SELECT"", ""SQL_JOIN"", ""GAME_LOOP""]"
KW_DATABASE	database	Keyword from reference glossary: database (related to: database, table, row, column, index)	"{""source"": ""reference_glossary"", ""related_concepts"": [""database"", ""table"", ""row"", ""column"", ""index"", ""transaction""], ""extracted_at"": ""2026-08-03T11:55:45.096354""}"	2026-08-03T11:55:45.096357	2026-08-03T11:55:45.096358	"[""FILE_ALLOCATION"", ""RELATIONAL_VS_NONRELATIONAL"", ""TYPES_OF_AI"", ""TRUTH_TABLES"", ""ARRAY_OPERATIONS"", ""DATABASE_NORMALIZATION"", ""VECTOR_EMBEDDING_SEARCH""]"
KW_NOSQL	nosql	Keyword from reference glossary: nosql (related to: nosql, document, collection, mongodb, redis)	"{""source"": ""reference_glossary"", ""related_concepts"": [""nosql"", ""document"", ""collection"", ""mongodb"", ""redis""], ""extracted_at"": ""2026-08-03T11:55:45.096609""}"	2026-08-03T11:55:45.096612	2026-08-03T11:55:45.096613	"[""RELATIONAL_VS_NONRELATIONAL"", ""HTML_STRUCTURE"", ""SCIENTIFIC_INQUIRY_METHOD""]"
KW_TEST	test	Keyword from reference glossary: test (related to: test, unit_test, integration_test, e2e_test)	"{""source"": ""reference_glossary"", ""related_concepts"": [""test"", ""unit_test"", ""integration_test"", ""e2e_test""], ""extracted_at"": ""2026-08-03T11:55:45.096854""}"	2026-08-03T11:55:45.096857	2026-08-03T11:55:45.096858	"[""AI_HISTORY_MILESTONES"", ""UNIT_TESTING"", ""USABILITY_TESTING"", ""AI_ARTIFACT_VERIFICATION_AND_EVALUATION""]"
KW_ASSERT	assert	Keyword from reference glossary: assert (related to: assert, expect, verify, check)	"{""source"": ""reference_glossary"", ""related_concepts"": [""assert"", ""expect"", ""verify"", ""check""], ""extracted_at"": ""2026-08-03T11:55:45.097093""}"	2026-08-03T11:55:45.097096	2026-08-03T11:55:45.097097	"[""INFORMATION_CREDIBILITY"", ""UNIT_TESTING"", ""FORMAL_PROGRAM_VERIFICATION""]"
KW_MOCK	mock	Keyword from reference glossary: mock (related to: mock, stub, spy, fake, test_double)	"{""source"": ""reference_glossary"", ""related_concepts"": [""mock"", ""stub"", ""spy"", ""fake"", ""test_double""], ""extracted_at"": ""2026-08-03T11:55:45.097364""}"	2026-08-03T11:55:45.097368	2026-08-03T11:55:45.097368	"[""PROTOTYPING""]"
KW_COVERAGE	coverage	Keyword from reference glossary: coverage (related to: coverage, code_coverage, branch_coverage)	"{""source"": ""reference_glossary"", ""related_concepts"": [""coverage"", ""code_coverage"", ""branch_coverage""], ""extracted_at"": ""2026-08-03T11:55:45.097562""}"	2026-08-03T11:55:45.097565	2026-08-03T11:55:45.097566	[]
KW_GIT	git	Keyword from reference glossary: git (related to: git, commit, push, pull, merge)	"{""source"": ""reference_glossary"", ""related_concepts"": [""git"", ""commit"", ""push"", ""pull"", ""merge"", ""branch"", ""rebase""], ""extracted_at"": ""2026-08-03T11:55:45.097908""}"	2026-08-03T11:55:45.097912	2026-08-03T11:55:45.097913	"[""DIGITAL_ANALOG_IO"", ""VERSION_CONTROL_WORKFLOW"", ""DIGITAL_IDENTITY"", ""DIGITAL_FOOTPRINT"", ""DIGITAL_DIVIDE"", ""BASIC_MECHANISMS_CONCEPT"", ""DIVIDE_CONQUER"", ""LOGIC_GATES"", ""SWITCH_CASE"", ""STACK_OPERATIONS""]"
KW_GITHUB	github	Keyword from reference glossary: github (related to: github, gitlab, bitbucket, pr, mr)	"{""source"": ""reference_glossary"", ""related_concepts"": [""github"", ""gitlab"", ""bitbucket"", ""pr"", ""mr"", ""review""], ""extracted_at"": ""2026-08-03T11:55:45.098209""}"	2026-08-03T11:55:45.098213	2026-08-03T11:55:45.098214	"[""PROCESS_VS_THREAD"", ""TROUBLESHOOTING_METHODOLOGY_CONCEPT"", ""ERROR_MESSAGES_CONCEPT"", ""PROBLEM_DECOMPOSITION"", ""AGILE_PRINCIPLES"", ""SCRUM_ROLES_EVENTS"", ""FRONTEND_FRAMEWORKS"", ""BACKEND_FRAMEWORKS"", ""DATA_CLEANING_TECHNIQUES"", ""CHART_TYPES""]"
KW_ENCRYPT	encrypt	Keyword from reference glossary: encrypt (related to: encrypt, decrypt, cipher, aes, rsa)	"{""source"": ""reference_glossary"", ""related_concepts"": [""encrypt"", ""decrypt"", ""cipher"", ""aes"", ""rsa""], ""extracted_at"": ""2026-08-03T11:55:45.098495""}"	2026-08-03T11:55:45.098498	2026-08-03T11:55:45.098499	"[""AGENT_MEMORY_SYSTEMS"", ""PUBLIC_KEY_INFRASTRUCTURE""]"
KW_AUTH	auth	Keyword from reference glossary: auth (related to: auth, authentication, authorization, oauth, jwt)	"{""source"": ""reference_glossary"", ""related_concepts"": [""auth"", ""authentication"", ""authorization"", ""oauth"", ""jwt"", ""session""], ""extracted_at"": ""2026-08-03T11:55:45.098790""}"	2026-08-03T11:55:45.098793	2026-08-03T11:55:45.098794	"[""PASSWORD_STRENGTH_CONCEPT"", ""TWO_FACTOR_AUTH"", ""IDENTITY_AND_ACCESS_MANAGEMENT"", ""PUBLIC_KEY_INFRASTRUCTURE""]"
KW_SSL	ssl	Keyword from reference glossary: ssl (related to: ssl, tls, certificate, https, pki)	"{""source"": ""reference_glossary"", ""related_concepts"": [""ssl"", ""tls"", ""certificate"", ""https"", ""pki""], ""extracted_at"": ""2026-08-03T11:55:45.099083""}"	2026-08-03T11:55:45.099086	2026-08-03T11:55:45.099087	"[""MAP_INTEGRATION"", ""PUBLIC_KEY_INFRASTRUCTURE""]"
KW_MODEL	model	Keyword from reference glossary: model (related to: model, neural_network, training, inference, weights)	"{""source"": ""reference_glossary"", ""related_concepts"": [""model"", ""neural_network"", ""training"", ""inference"", ""weights""], ""extracted_at"": ""2026-08-03T11:55:45.099331""}"	2026-08-03T11:55:45.099334	2026-08-03T11:55:45.099335	"[""CLOUD_MODELS_IAAS_PAAS_SAAS"", ""CLOUD_DEPLOYMENT_MODELS"", ""AI_BIAS"", ""SIMULATION_MODELING"", ""EVENT_BASED_PROGRAMMING"", ""BOOLEAN_OPERATIONS_3D"", ""MESH_EXTRUSION"", ""POLYGON_MESH"", ""OSI_MODEL"", ""TCP_IP_MODEL""]"
KW_TENSOR	tensor	Keyword from reference glossary: tensor (related to: tensor, matrix, vector, dimension, shape)	"{""source"": ""reference_glossary"", ""related_concepts"": [""tensor"", ""matrix"", ""vector"", ""dimension"", ""shape""], ""extracted_at"": ""2026-08-03T11:55:45.099589""}"	2026-08-03T11:55:45.099592	2026-08-03T11:55:45.099593	"[""2D_3D_TRANSFORMATIONS_MATH"", ""QR_CODE_GENERATION"", ""STROKE_PROPERTIES"", ""SHAPE_BUILDING"", ""RETRIEVAL_AUGMENTED_GENERATION"", ""VECTOR_EMBEDDING_SEARCH"", ""KNOWLEDGE_GRAPH_RETRIEVAL_AUGMENTATION"", ""HYBRID_VECTOR_SPARSE_SEARCH"", ""SINGULAR_VALUE_DECOMPOSITION""]"
KW_GRADIENT	gradient	Keyword from reference glossary: gradient (related to: gradient, backpropagation, optimizer, learning_rate)	"{""source"": ""reference_glossary"", ""related_concepts"": [""gradient"", ""backpropagation"", ""optimizer"", ""learning_rate""], ""extracted_at"": ""2026-08-03T11:55:45.099808""}"	2026-08-03T11:55:45.099812	2026-08-03T11:55:45.099812	"[""GRADIENT_DESCENT_OPTIMIZATION""]"
KW_DATASET	dataset	Keyword from reference glossary: dataset (related to: dataset, training_data, validation, test, batch)	"{""source"": ""reference_glossary"", ""related_concepts"": [""dataset"", ""training_data"", ""validation"", ""test"", ""batch""], ""extracted_at"": ""2026-08-03T11:55:45.100063""}"	2026-08-03T11:55:45.100066	2026-08-03T11:55:45.100067	"[""AI_HISTORY_MILESTONES"", ""UNIT_TESTING"", ""USABILITY_TESTING"", ""AI_ARTIFACT_VERIFICATION_AND_EVALUATION""]"
KW_SWIFT	swift	Keyword from reference glossary: swift (related to: swift, ios, macos, xcode, cocoa)	"{""source"": ""reference_glossary"", ""related_concepts"": [""swift"", ""ios"", ""macos"", ""xcode"", ""cocoa""], ""extracted_at"": ""2026-08-03T11:55:45.100350""}"	2026-08-03T11:55:45.100359	2026-08-03T11:55:45.100360	"[""PERSONAS_AND_SCENARIOS""]"
KW_OPTIONAL	optional	Keyword from reference glossary: optional (related to: optional, nil, unwrap, binding, guard)	"{""source"": ""reference_glossary"", ""related_concepts"": [""optional"", ""nil"", ""unwrap"", ""binding"", ""guard""], ""extracted_at"": ""2026-08-03T11:55:45.100614""}"	2026-08-03T11:55:45.100617	2026-08-03T11:55:45.100618	"[""TWO_WAY_BINDING"", ""AI_GOVERNANCE_AND_RED_TEAMING""]"
KW_PROTOCOL	protocol	Keyword from reference glossary: protocol (related to: protocol, conformance, extension, pat)	"{""source"": ""reference_glossary"", ""related_concepts"": [""protocol"", ""conformance"", ""extension"", ""pat""], ""extracted_at"": ""2026-08-03T11:55:45.100844""}"	2026-08-03T11:55:45.100847	2026-08-03T11:55:45.100848	"[""CREATIONAL_PATTERNS"", ""STRUCTURAL_PATTERNS"", ""BEHAVIORAL_PATTERNS"", ""IOT_PROTOCOLS_MQTT_CONCEPT"", ""STROKE_PROPERTIES"", ""SHAPE_BUILDING"", ""TCP_IP_MODEL"", ""USER_PERSONAS"", ""METHOD_OVERRIDING"", ""MVVM_PATTERN""]"
KW_CLOSURE	closure	Keyword from reference glossary: closure (related to: closure, capture, escaping, autoclosure)	"{""source"": ""reference_glossary"", ""related_concepts"": [""closure"", ""capture"", ""escaping"", ""autoclosure""], ""extracted_at"": ""2026-08-03T11:55:45.101083""}"	2026-08-03T11:55:45.101086	2026-08-03T11:55:45.101087	"[""FIRST_CLASS_FUNCTIONS_CONCEPT""]"
KW_PROPERTY_WRAPPER	property_wrapper	Keyword from reference glossary: property_wrapper (related to: property_wrapper, wrapped_value, projected_value)	"{""source"": ""reference_glossary"", ""related_concepts"": [""property_wrapper"", ""wrapped_value"", ""projected_value""], ""extracted_at"": ""2026-08-03T11:55:45.101252""}"	2026-08-03T11:55:45.101255	2026-08-03T11:55:45.101256	[]
KW_RESULT_BUILDER	result_builder	Keyword from reference glossary: result_builder (related to: result_builder, dsl, swiftui)	"{""source"": ""reference_glossary"", ""related_concepts"": [""result_builder"", ""dsl"", ""swiftui""], ""extracted_at"": ""2026-08-03T11:55:45.101441""}"	2026-08-03T11:55:45.101444	2026-08-03T11:55:45.101445	[]
KW_ASYNC_AWAIT	async_await	Keyword from reference glossary: async_await (related to: async_await, structured_concurrency, task)	"{""source"": ""reference_glossary"", ""related_concepts"": [""async_await"", ""structured_concurrency"", ""task""], ""extracted_at"": ""2026-08-03T11:55:45.101624""}"	2026-08-03T11:55:45.101628	2026-08-03T11:55:45.101628	"[""PROCESS_VS_THREAD""]"
KW_ACTOR	actor	Keyword from reference glossary: actor (related to: actor, isolation, concurrency, data_race)	"{""source"": ""reference_glossary"", ""related_concepts"": [""actor"", ""isolation"", ""concurrency"", ""data_race""], ""extracted_at"": ""2026-08-03T11:55:45.101855""}"	2026-08-03T11:55:45.101858	2026-08-03T11:55:45.101859	"[""CREATIONAL_PATTERNS"", ""TWO_FACTOR_AUTH"", ""SINGULAR_VALUE_DECOMPOSITION""]"
KW_ARCHITECTURE	architecture	Keyword extracted from concept 'CPU Architecture': architecture	"{""source"": ""concept_extraction"", ""source_concept"": ""CPU_ARCHITECTURE"", ""extracted_at"": ""2026-08-03T11:55:45.101868""}"	2026-08-03T11:55:45.101872	2026-08-03T11:55:45.101873	"[""CPU_ARCHITECTURE""]"
KW_VON	von	Keyword extracted from concept 'CPU Architecture': von	"{""source"": ""concept_extraction"", ""source_concept"": ""CPU_ARCHITECTURE"", ""extracted_at"": ""2026-08-03T11:55:45.101876""}"	2026-08-03T11:55:45.101879	2026-08-03T11:55:45.101880	"[""CPU_ARCHITECTURE""]"
KW_HARVARD	harvard	Keyword extracted from concept 'CPU Architecture': harvard	"{""source"": ""concept_extraction"", ""source_concept"": ""CPU_ARCHITECTURE"", ""extracted_at"": ""2026-08-03T11:55:45.101882""}"	2026-08-03T11:55:45.101885	2026-08-03T11:55:45.101886	"[""CPU_ARCHITECTURE""]"
KW_CONTROL	control	Keyword extracted from concept 'CPU Architecture': control	"{""source"": ""concept_extraction"", ""source_concept"": ""CPU_ARCHITECTURE"", ""extracted_at"": ""2026-08-03T11:55:45.101888""}"	2026-08-03T11:55:45.101890	2026-08-03T11:55:45.101891	"[""CPU_ARCHITECTURE""]"
KW_NEUMANN	neumann	Keyword extracted from concept 'CPU Architecture': neumann	"{""source"": ""concept_extraction"", ""source_concept"": ""CPU_ARCHITECTURE"", ""extracted_at"": ""2026-08-03T11:55:45.101893""}"	2026-08-03T11:55:45.101896	2026-08-03T11:55:45.101897	"[""CPU_ARCHITECTURE""]"
KW_UNIT	unit	Keyword extracted from concept 'CPU Architecture': unit	"{""source"": ""concept_extraction"", ""source_concept"": ""CPU_ARCHITECTURE"", ""extracted_at"": ""2026-08-03T11:55:45.101899""}"	2026-08-03T11:55:45.101901	2026-08-03T11:55:45.101902	"[""CPU_ARCHITECTURE""]"
KW_INSTRUCTION	instruction	Keyword extracted from concept 'Fetch-Decode-Execute Cycle': instruction	"{""source"": ""concept_extraction"", ""source_concept"": ""FETCH_DECODE_EXECUTE"", ""extracted_at"": ""2026-08-03T11:55:45.101905""}"	2026-08-03T11:55:45.101908	2026-08-03T11:55:45.101909	"[""FETCH_DECODE_EXECUTE""]"
KW_FETCH	fetch	Keyword extracted from concept 'Fetch-Decode-Execute Cycle': fetch	"{""source"": ""concept_extraction"", ""source_concept"": ""FETCH_DECODE_EXECUTE"", ""extracted_at"": ""2026-08-03T11:55:45.101911""}"	2026-08-03T11:55:45.101913	2026-08-03T11:55:45.101914	"[""FETCH_DECODE_EXECUTE""]"
KW_EXECUTE	execute	Keyword extracted from concept 'Fetch-Decode-Execute Cycle': execute	"{""source"": ""concept_extraction"", ""source_concept"": ""FETCH_DECODE_EXECUTE"", ""extracted_at"": ""2026-08-03T11:55:45.101915""}"	2026-08-03T11:55:45.101918	2026-08-03T11:55:45.101919	"[""FETCH_DECODE_EXECUTE""]"
KW_DECODE	decode	Keyword extracted from concept 'Fetch-Decode-Execute Cycle': decode	"{""source"": ""concept_extraction"", ""source_concept"": ""FETCH_DECODE_EXECUTE"", ""extracted_at"": ""2026-08-03T11:55:45.101921""}"	2026-08-03T11:55:45.101923	2026-08-03T11:55:45.101924	"[""FETCH_DECODE_EXECUTE""]"
KW_CYCLE	cycle	Keyword extracted from concept 'Fetch-Decode-Execute Cycle': cycle	"{""source"": ""concept_extraction"", ""source_concept"": ""FETCH_DECODE_EXECUTE"", ""extracted_at"": ""2026-08-03T11:55:45.101926""}"	2026-08-03T11:55:45.101928	2026-08-03T11:55:45.101929	"[""FETCH_DECODE_EXECUTE""]"
KW_VOLATILE	volatile	Keyword extracted from concept 'Memory Types': volatile	"{""source"": ""concept_extraction"", ""source_concept"": ""MEMORY_TYPES"", ""extracted_at"": ""2026-08-03T11:55:45.101932""}"	2026-08-03T11:55:45.101935	2026-08-03T11:55:45.101935	"[""MEMORY_TYPES""]"
KW_TRUY	truy	Keyword extracted from concept 'Memory Types': truy	"{""source"": ""concept_extraction"", ""source_concept"": ""MEMORY_TYPES"", ""extracted_at"": ""2026-08-03T11:55:45.101937""}"	2026-08-03T11:55:45.101940	2026-08-03T11:55:45.101940	"[""MEMORY_TYPES""]"
KW_NON	non	Keyword extracted from concept 'Memory Types': non	"{""source"": ""concept_extraction"", ""source_concept"": ""MEMORY_TYPES"", ""extracted_at"": ""2026-08-03T11:55:45.101942""}"	2026-08-03T11:55:45.101945	2026-08-03T11:55:45.101945	"[""MEMORY_TYPES""]"
KW_TYPES	types	Keyword extracted from concept 'Memory Types': types	"{""source"": ""concept_extraction"", ""source_concept"": ""MEMORY_TYPES"", ""extracted_at"": ""2026-08-03T11:55:45.101947""}"	2026-08-03T11:55:45.101950	2026-08-03T11:55:45.101950	"[""MEMORY_TYPES""]"
KW_TRONG	trong	Keyword extracted from concept 'Cache Hierarchy': trong	"{""source"": ""concept_extraction"", ""source_concept"": ""CACHE_HIERARCHY"", ""extracted_at"": ""2026-08-03T11:55:45.101958""}"	2026-08-03T11:55:45.101960	2026-08-03T11:55:45.101961	"[""CACHE_HIERARCHY""]"
KW_HIERARCHY	hierarchy	Keyword extracted from concept 'Cache Hierarchy': hierarchy	"{""source"": ""concept_extraction"", ""source_concept"": ""CACHE_HIERARCHY"", ""extracted_at"": ""2026-08-03T11:55:45.101963""}"	2026-08-03T11:55:45.101966	2026-08-03T11:55:45.101966	"[""CACHE_HIERARCHY""]"
KW_CACHE	cache	Keyword extracted from concept 'Cache Hierarchy': cache	"{""source"": ""concept_extraction"", ""source_concept"": ""CACHE_HIERARCHY"", ""extracted_at"": ""2026-08-03T11:55:45.101974""}"	2026-08-03T11:55:45.101976	2026-08-03T11:55:45.101977	"[""CACHE_HIERARCHY""]"
KW_LOCALITY	locality	Keyword extracted from concept 'Cache Hierarchy': locality	"{""source"": ""concept_extraction"", ""source_concept"": ""CACHE_HIERARCHY"", ""extracted_at"": ""2026-08-03T11:55:45.101979""}"	2026-08-03T11:55:45.101981	2026-08-03T11:55:45.101982	"[""CACHE_HIERARCHY""]"
KW_PERSISTENT	persistent	Keyword extracted from concept 'HDD vs. SSD': persistent	"{""source"": ""concept_extraction"", ""source_concept"": ""HDD_VS_SSD"", ""extracted_at"": ""2026-08-03T11:55:45.101984""}"	2026-08-03T11:55:45.101987	2026-08-03T11:55:45.101987	"[""HDD_VS_SSD""]"
KW_STORAGE	storage	Keyword extracted from concept 'HDD vs. SSD': storage	"{""source"": ""concept_extraction"", ""source_concept"": ""HDD_VS_SSD"", ""extracted_at"": ""2026-08-03T11:55:45.101989""}"	2026-08-03T11:55:45.101991	2026-08-03T11:55:45.101992	"[""HDD_VS_SSD""]"
KW_POLLING	polling	Keyword extracted from concept 'I/O Methods: Polling vs. Interrupt': polling	"{""source"": ""concept_extraction"", ""source_concept"": ""IO_METHODS_POLLING_INTERRUPT"", ""extracted_at"": ""2026-08-03T11:55:45.101995""}"	2026-08-03T11:55:45.101997	2026-08-03T11:55:45.101998	"[""IO_METHODS_POLLING_INTERRUPT""]"
KW_INTERRUPT	interrupt	Keyword extracted from concept 'I/O Methods: Polling vs. Interrupt': interrupt	"{""source"": ""concept_extraction"", ""source_concept"": ""IO_METHODS_POLLING_INTERRUPT"", ""extracted_at"": ""2026-08-03T11:55:45.102000""}"	2026-08-03T11:55:45.102003	2026-08-03T11:55:45.102004	"[""IO_METHODS_POLLING_INTERRUPT""]"
KW_METHODS	methods	Keyword extracted from concept 'I/O Methods: Polling vs. Interrupt': methods	"{""source"": ""concept_extraction"", ""source_concept"": ""IO_METHODS_POLLING_INTERRUPT"", ""extracted_at"": ""2026-08-03T11:55:45.102006""}"	2026-08-03T11:55:45.102008	2026-08-03T11:55:45.102009	"[""IO_METHODS_POLLING_INTERRUPT""]"
KW_MANAGEMENT	management	Keyword extracted from concept 'I/O Methods: Polling vs. Interrupt': management	"{""source"": ""concept_extraction"", ""source_concept"": ""IO_METHODS_POLLING_INTERRUPT"", ""extracted_at"": ""2026-08-03T11:55:45.102011""}"	2026-08-03T11:55:45.102013	2026-08-03T11:55:45.102014	"[""IO_METHODS_POLLING_INTERRUPT""]"
KW_DIRECT	direct	Keyword extracted from concept 'Direct Memory Access (DMA)': direct	"{""source"": ""concept_extraction"", ""source_concept"": ""DMA_CONCEPT"", ""extracted_at"": ""2026-08-03T11:55:45.102016""}"	2026-08-03T11:55:45.102019	2026-08-03T11:55:45.102020	"[""DMA_CONCEPT""]"
KW_HARDWARE	hardware	Keyword extracted from concept 'Direct Memory Access (DMA)': hardware	"{""source"": ""concept_extraction"", ""source_concept"": ""DMA_CONCEPT"", ""extracted_at"": ""2026-08-03T11:55:45.102026""}"	2026-08-03T11:55:45.102029	2026-08-03T11:55:45.102029	"[""DMA_CONCEPT""]"
KW_ACCESS	access	Keyword extracted from concept 'Direct Memory Access (DMA)': access	"{""source"": ""concept_extraction"", ""source_concept"": ""DMA_CONCEPT"", ""extracted_at"": ""2026-08-03T11:55:45.102031""}"	2026-08-03T11:55:45.102033	2026-08-03T11:55:45.102034	"[""DMA_CONCEPT""]"
KW_MULTITASKING	multitasking	Keyword extracted from concept 'Process vs. Thread': multitasking	"{""source"": ""concept_extraction"", ""source_concept"": ""PROCESS_VS_THREAD"", ""extracted_at"": ""2026-08-03T11:55:45.102042""}"	2026-08-03T11:55:45.102044	2026-08-03T11:55:45.102045	"[""PROCESS_VS_THREAD""]"
KW_GIAN	gian	Keyword extracted from concept 'Process vs. Thread': gian	"{""source"": ""concept_extraction"", ""source_concept"": ""PROCESS_VS_THREAD"", ""extracted_at"": ""2026-08-03T11:55:45.102046""}"	2026-08-03T11:55:45.102049	2026-08-03T11:55:45.102049	"[""PROCESS_VS_THREAD""]"
KW_MULTITHREADING	multithreading	Keyword extracted from concept 'Process vs. Thread': multithreading	"{""source"": ""concept_extraction"", ""source_concept"": ""PROCESS_VS_THREAD"", ""extracted_at"": ""2026-08-03T11:55:45.102066""}"	2026-08-03T11:55:45.102068	2026-08-03T11:55:45.102069	"[""PROCESS_VS_THREAD""]"
KW_THREAD	thread	Keyword extracted from concept 'Process vs. Thread': thread	"{""source"": ""concept_extraction"", ""source_concept"": ""PROCESS_VS_THREAD"", ""extracted_at"": ""2026-08-03T11:55:45.102076""}"	2026-08-03T11:55:45.102078	2026-08-03T11:55:45.102079	"[""PROCESS_VS_THREAD""]"
KW_NHAU	nhau	Keyword extracted from concept 'Process vs. Thread': nhau	"{""source"": ""concept_extraction"", ""source_concept"": ""PROCESS_VS_THREAD"", ""extracted_at"": ""2026-08-03T11:55:45.102081""}"	2026-08-03T11:55:45.102083	2026-08-03T11:55:45.102084	"[""PROCESS_VS_THREAD""]"
KW_SCHEDULING	scheduling	Keyword extracted from concept 'CPU Scheduling Algorithms': scheduling	"{""source"": ""concept_extraction"", ""source_concept"": ""SCHEDULING_ALGORITHMS"", ""extracted_at"": ""2026-08-03T11:55:45.102087""}"	2026-08-03T11:55:45.102089	2026-08-03T11:55:45.102090	"[""SCHEDULING_ALGORITHMS""]"
KW_ALGORITHMS	algorithms	Keyword extracted from concept 'CPU Scheduling Algorithms': algorithms	"{""source"": ""concept_extraction"", ""source_concept"": ""SCHEDULING_ALGORITHMS"", ""extracted_at"": ""2026-08-03T11:55:45.102092""}"	2026-08-03T11:55:45.102094	2026-08-03T11:55:45.102095	"[""SCHEDULING_ALGORITHMS""]"
KW_ROUND	round	Keyword extracted from concept 'CPU Scheduling Algorithms': round	"{""source"": ""concept_extraction"", ""source_concept"": ""SCHEDULING_ALGORITHMS"", ""extracted_at"": ""2026-08-03T11:55:45.102097""}"	2026-08-03T11:55:45.102099	2026-08-03T11:55:45.102100	"[""SCHEDULING_ALGORITHMS""]"
KW_FIRST	first	Keyword extracted from concept 'CPU Scheduling Algorithms': first	"{""source"": ""concept_extraction"", ""source_concept"": ""SCHEDULING_ALGORITHMS"", ""extracted_at"": ""2026-08-03T11:55:45.102102""}"	2026-08-03T11:55:45.102104	2026-08-03T11:55:45.102105	"[""SCHEDULING_ALGORITHMS""]"
KW_SHORTEST	shortest	Keyword extracted from concept 'CPU Scheduling Algorithms': shortest	"{""source"": ""concept_extraction"", ""source_concept"": ""SCHEDULING_ALGORITHMS"", ""extracted_at"": ""2026-08-03T11:55:45.102106""}"	2026-08-03T11:55:45.102109	2026-08-03T11:55:45.102109	"[""SCHEDULING_ALGORITHMS""]"
KW_ROBIN	robin	Keyword extracted from concept 'CPU Scheduling Algorithms': robin	"{""source"": ""concept_extraction"", ""source_concept"": ""SCHEDULING_ALGORITHMS"", ""extracted_at"": ""2026-08-03T11:55:45.102111""}"	2026-08-03T11:55:45.102113	2026-08-03T11:55:45.102114	"[""SCHEDULING_ALGORITHMS""]"
KW_COME	come	Keyword extracted from concept 'CPU Scheduling Algorithms': come	"{""source"": ""concept_extraction"", ""source_concept"": ""SCHEDULING_ALGORITHMS"", ""extracted_at"": ""2026-08-03T11:55:45.102116""}"	2026-08-03T11:55:45.102118	2026-08-03T11:55:45.102119	"[""SCHEDULING_ALGORITHMS""]"
KW_SERVED	served	Keyword extracted from concept 'CPU Scheduling Algorithms': served	"{""source"": ""concept_extraction"", ""source_concept"": ""SCHEDULING_ALGORITHMS"", ""extracted_at"": ""2026-08-03T11:55:45.102121""}"	2026-08-03T11:55:45.102123	2026-08-03T11:55:45.102123	"[""SCHEDULING_ALGORITHMS""]"
KW_VIRTUAL	virtual	Keyword extracted from concept 'Virtual Memory Concept': virtual	"{""source"": ""concept_extraction"", ""source_concept"": ""VIRTUAL_MEMORY"", ""extracted_at"": ""2026-08-03T11:55:45.102126""}"	2026-08-03T11:55:45.102128	2026-08-03T11:55:45.102129	"[""VIRTUAL_MEMORY""]"
KW_SPACE	space	Keyword extracted from concept 'Virtual Memory Concept': space	"{""source"": ""concept_extraction"", ""source_concept"": ""VIRTUAL_MEMORY"", ""extracted_at"": ""2026-08-03T11:55:45.102131""}"	2026-08-03T11:55:45.102134	2026-08-03T11:55:45.102134	"[""VIRTUAL_MEMORY""]"
KW_CONCEPT	concept	Keyword extracted from concept 'Virtual Memory Concept': concept	"{""source"": ""concept_extraction"", ""source_concept"": ""VIRTUAL_MEMORY"", ""extracted_at"": ""2026-08-03T11:55:45.102147""}"	2026-08-03T11:55:45.102150	2026-08-03T11:55:45.102151	"[""VIRTUAL_MEMORY""]"
KW_ADDRESS	address	Keyword extracted from concept 'Virtual Memory Concept': address	"{""source"": ""concept_extraction"", ""source_concept"": ""VIRTUAL_MEMORY"", ""extracted_at"": ""2026-08-03T11:55:45.102153""}"	2026-08-03T11:55:45.102156	2026-08-03T11:55:45.102157	"[""VIRTUAL_MEMORY""]"
KW_PAGING	paging	Keyword extracted from concept 'Virtual Memory Concept': paging	"{""source"": ""concept_extraction"", ""source_concept"": ""VIRTUAL_MEMORY"", ""extracted_at"": ""2026-08-03T11:55:45.102159""}"	2026-08-03T11:55:45.102162	2026-08-03T11:55:45.102163	"[""VIRTUAL_MEMORY""]"
KW_FILE	file	Keyword extracted from concept 'File Allocation Methods': file	"{""source"": ""concept_extraction"", ""source_concept"": ""FILE_ALLOCATION"", ""extracted_at"": ""2026-08-03T11:55:45.102171""}"	2026-08-03T11:55:45.102173	2026-08-03T11:55:45.102174	"[""FILE_ALLOCATION""]"
KW_LINKED	linked	Keyword extracted from concept 'File Allocation Methods': linked	"{""source"": ""concept_extraction"", ""source_concept"": ""FILE_ALLOCATION"", ""extracted_at"": ""2026-08-03T11:55:45.102181""}"	2026-08-03T11:55:45.102186	2026-08-03T11:55:45.102187	"[""FILE_ALLOCATION""]"
KW_INDEXED	indexed	Keyword extracted from concept 'File Allocation Methods': indexed	"{""source"": ""concept_extraction"", ""source_concept"": ""FILE_ALLOCATION"", ""extracted_at"": ""2026-08-03T11:55:45.102188""}"	2026-08-03T11:55:45.102191	2026-08-03T11:55:45.102192	"[""FILE_ALLOCATION""]"
KW_CONTIGUOUS	contiguous	Keyword extracted from concept 'File Allocation Methods': contiguous	"{""source"": ""concept_extraction"", ""source_concept"": ""FILE_ALLOCATION"", ""extracted_at"": ""2026-08-03T11:55:45.102193""}"	2026-08-03T11:55:45.102197	2026-08-03T11:55:45.102198	"[""FILE_ALLOCATION""]"
KW_DANH	danh	Keyword extracted from concept 'File Allocation Methods': danh	"{""source"": ""concept_extraction"", ""source_concept"": ""FILE_ALLOCATION"", ""extracted_at"": ""2026-08-03T11:55:45.102200""}"	2026-08-03T11:55:45.102203	2026-08-03T11:55:45.102203	"[""FILE_ALLOCATION""]"
KW_ALLOCATION	allocation	Keyword extracted from concept 'File Allocation Methods': allocation	"{""source"": ""concept_extraction"", ""source_concept"": ""FILE_ALLOCATION"", ""extracted_at"": ""2026-08-03T11:55:45.102205""}"	2026-08-03T11:55:45.102208	2026-08-03T11:55:45.102208	"[""FILE_ALLOCATION""]"
KW_TROUBLESHOOTING	troubleshooting	Keyword extracted from concept 'Systematic Troubleshooting': troubleshooting	"{""source"": ""concept_extraction"", ""source_concept"": ""TROUBLESHOOTING_METHODOLOGY_CONCEPT"", ""extracted_at"": ""2026-08-03T11:55:45.102217""}"	2026-08-03T11:55:45.102219	2026-08-03T11:55:45.102220	"[""TROUBLESHOOTING_METHODOLOGY_CONCEPT""]"
KW_DIAGNOSTICS	diagnostics	Keyword extracted from concept 'Systematic Troubleshooting': diagnostics	"{""source"": ""concept_extraction"", ""source_concept"": ""TROUBLESHOOTING_METHODOLOGY_CONCEPT"", ""extracted_at"": ""2026-08-03T11:55:45.102222""}"	2026-08-03T11:55:45.102225	2026-08-03T11:55:45.102225	"[""TROUBLESHOOTING_METHODOLOGY_CONCEPT""]"
KW_SOLVING	solving	Keyword extracted from concept 'Systematic Troubleshooting': solving	"{""source"": ""concept_extraction"", ""source_concept"": ""TROUBLESHOOTING_METHODOLOGY_CONCEPT"", ""extracted_at"": ""2026-08-03T11:55:45.102227""}"	2026-08-03T11:55:45.102230	2026-08-03T11:55:45.102230	"[""TROUBLESHOOTING_METHODOLOGY_CONCEPT""]"
KW_PROBLEM	problem	Keyword extracted from concept 'Systematic Troubleshooting': problem	"{""source"": ""concept_extraction"", ""source_concept"": ""TROUBLESHOOTING_METHODOLOGY_CONCEPT"", ""extracted_at"": ""2026-08-03T11:55:45.102232""}"	2026-08-03T11:55:45.102235	2026-08-03T11:55:45.102235	"[""TROUBLESHOOTING_METHODOLOGY_CONCEPT""]"
KW_SYSTEMATIC	systematic	Keyword extracted from concept 'Systematic Troubleshooting': systematic	"{""source"": ""concept_extraction"", ""source_concept"": ""TROUBLESHOOTING_METHODOLOGY_CONCEPT"", ""extracted_at"": ""2026-08-03T11:55:45.102237""}"	2026-08-03T11:55:45.102241	2026-08-03T11:55:45.102242	"[""TROUBLESHOOTING_METHODOLOGY_CONCEPT""]"
KW_ANALYSIS	analysis	Keyword extracted from concept 'Interpreting Error Messages': analysis	"{""source"": ""concept_extraction"", ""source_concept"": ""ERROR_MESSAGES_CONCEPT"", ""extracted_at"": ""2026-08-03T11:55:45.102245""}"	2026-08-03T11:55:45.102248	2026-08-03T11:55:45.102248	"[""ERROR_MESSAGES_CONCEPT""]"
KW_DEBUGGING	debugging	Keyword extracted from concept 'Interpreting Error Messages': debugging	"{""source"": ""concept_extraction"", ""source_concept"": ""ERROR_MESSAGES_CONCEPT"", ""extracted_at"": ""2026-08-03T11:55:45.102250""}"	2026-08-03T11:55:45.102253	2026-08-03T11:55:45.102253	"[""ERROR_MESSAGES_CONCEPT""]"
KW_EXCEPTIONS	exceptions	Keyword extracted from concept 'Interpreting Error Messages': exceptions	"{""source"": ""concept_extraction"", ""source_concept"": ""ERROR_MESSAGES_CONCEPT"", ""extracted_at"": ""2026-08-03T11:55:45.102255""}"	2026-08-03T11:55:45.102258	2026-08-03T11:55:45.102258	"[""ERROR_MESSAGES_CONCEPT""]"
KW_CUNG	cung	Keyword extracted from concept 'Interpreting Error Messages': cung	"{""source"": ""concept_extraction"", ""source_concept"": ""ERROR_MESSAGES_CONCEPT"", ""extracted_at"": ""2026-08-03T11:55:45.102260""}"	2026-08-03T11:55:45.102270	2026-08-03T11:55:45.102272	"[""ERROR_MESSAGES_CONCEPT""]"
KW_HANDLING	handling	Keyword extracted from concept 'Interpreting Error Messages': handling	"{""source"": ""concept_extraction"", ""source_concept"": ""ERROR_MESSAGES_CONCEPT"", ""extracted_at"": ""2026-08-03T11:55:45.102275""}"	2026-08-03T11:55:45.102279	2026-08-03T11:55:45.102279	"[""ERROR_MESSAGES_CONCEPT""]"
KW_INTERPRETING	interpreting	Keyword extracted from concept 'Interpreting Error Messages': interpreting	"{""source"": ""concept_extraction"", ""source_concept"": ""ERROR_MESSAGES_CONCEPT"", ""extracted_at"": ""2026-08-03T11:55:45.102281""}"	2026-08-03T11:55:45.102284	2026-08-03T11:55:45.102285	"[""ERROR_MESSAGES_CONCEPT""]"
KW_LOG	log	Keyword extracted from concept 'Interpreting Error Messages': log	"{""source"": ""concept_extraction"", ""source_concept"": ""ERROR_MESSAGES_CONCEPT"", ""extracted_at"": ""2026-08-03T11:55:45.102286""}"	2026-08-03T11:55:45.102289	2026-08-03T11:55:45.102289	"[""ERROR_MESSAGES_CONCEPT""]"
KW_ERROR	error	Keyword extracted from concept 'Interpreting Error Messages': error	"{""source"": ""concept_extraction"", ""source_concept"": ""ERROR_MESSAGES_CONCEPT"", ""extracted_at"": ""2026-08-03T11:55:45.102291""}"	2026-08-03T11:55:45.102294	2026-08-03T11:55:45.102294	"[""ERROR_MESSAGES_CONCEPT""]"
KW_MESSAGES	messages	Keyword extracted from concept 'Interpreting Error Messages': messages	"{""source"": ""concept_extraction"", ""source_concept"": ""ERROR_MESSAGES_CONCEPT"", ""extracted_at"": ""2026-08-03T11:55:45.102298""}"	2026-08-03T11:55:45.102300	2026-08-03T11:55:45.102301	"[""ERROR_MESSAGES_CONCEPT""]"
KW_LOOP	loop	Keyword extracted from concept 'microcontroller Basics': loop	"{""source"": ""concept_extraction"", ""source_concept"": ""ARDUINO_BASICS"", ""extracted_at"": ""2026-08-03T11:55:45.102304""}"	2026-08-03T11:55:45.102306	2026-08-03T11:55:45.102307	"[""ARDUINO_BASICS""]"
KW_SETUP	setup	Keyword extracted from concept 'microcontroller Basics': setup	"{""source"": ""concept_extraction"", ""source_concept"": ""ARDUINO_BASICS"", ""extracted_at"": ""2026-08-03T11:55:45.102309""}"	2026-08-03T11:55:45.102311	2026-08-03T11:55:45.102312	"[""ARDUINO_BASICS""]"
KW_SKETCH	sketch	Keyword extracted from concept 'microcontroller Basics': sketch	"{""source"": ""concept_extraction"", ""source_concept"": ""ARDUINO_BASICS"", ""extracted_at"": ""2026-08-03T11:55:45.102314""}"	2026-08-03T11:55:45.102316	2026-08-03T11:55:45.102317	"[""ARDUINO_BASICS""]"
KW_BASICS	basics	Keyword extracted from concept 'microcontroller Basics': basics	"{""source"": ""concept_extraction"", ""source_concept"": ""ARDUINO_BASICS"", ""extracted_at"": ""2026-08-03T11:55:45.102318""}"	2026-08-03T11:55:45.102321	2026-08-03T11:55:45.102321	"[""ARDUINO_BASICS""]"
KW_MICROCONTROLLER	microcontroller	Keyword extracted from concept 'microcontroller Basics': microcontroller	"{""source"": ""concept_extraction"", ""source_concept"": ""ARDUINO_BASICS"", ""extracted_at"": ""2026-08-03T11:55:45.102323""}"	2026-08-03T11:55:45.102326	2026-08-03T11:55:45.102326	"[""ARDUINO_BASICS""]"
KW_EMBEDDED	embedded	Keyword extracted from concept 'Single Board Computer Basics': embedded	"{""source"": ""concept_extraction"", ""source_concept"": ""SBC_BASICS"", ""extracted_at"": ""2026-08-03T11:55:45.102329""}"	2026-08-03T11:55:45.102331	2026-08-03T11:55:45.102332	"[""SBC_BASICS""]"
KW_BOARD	board	Keyword extracted from concept 'Single Board Computer Basics': board	"{""source"": ""concept_extraction"", ""source_concept"": ""SBC_BASICS"", ""extracted_at"": ""2026-08-03T11:55:45.102334""}"	2026-08-03T11:55:45.102336	2026-08-03T11:55:45.102337	"[""SBC_BASICS""]"
KW_LINUX	linux	Keyword extracted from concept 'Single Board Computer Basics': linux	"{""source"": ""concept_extraction"", ""source_concept"": ""SBC_BASICS"", ""extracted_at"": ""2026-08-03T11:55:45.102339""}"	2026-08-03T11:55:45.102341	2026-08-03T11:55:45.102342	"[""SBC_BASICS""]"
KW_SINGLE	single	Keyword extracted from concept 'Single Board Computer Basics': single	"{""source"": ""concept_extraction"", ""source_concept"": ""SBC_BASICS"", ""extracted_at"": ""2026-08-03T11:55:45.102343""}"	2026-08-03T11:55:45.102346	2026-08-03T11:55:45.102346	"[""SBC_BASICS""]"
KW_COMPUTER	computer	Keyword extracted from concept 'Single Board Computer Basics': computer	"{""source"": ""concept_extraction"", ""source_concept"": ""SBC_BASICS"", ""extracted_at"": ""2026-08-03T11:55:45.102348""}"	2026-08-03T11:55:45.102350	2026-08-03T11:55:45.102351	"[""SBC_BASICS""]"
KW_SBC	sbc	Keyword extracted from concept 'Single Board Computer Basics': sbc	"{""source"": ""concept_extraction"", ""source_concept"": ""SBC_BASICS"", ""extracted_at"": ""2026-08-03T11:55:45.102353""}"	2026-08-03T11:55:45.102355	2026-08-03T11:55:45.102356	"[""SBC_BASICS""]"
KW_BASED	based	Keyword extracted from concept 'Single Board Computer Basics': based	"{""source"": ""concept_extraction"", ""source_concept"": ""SBC_BASICS"", ""extracted_at"": ""2026-08-03T11:55:45.102357""}"	2026-08-03T11:55:45.102360	2026-08-03T11:55:45.102360	"[""SBC_BASICS""]"
KW_PINS	pins	Keyword extracted from concept 'Digital vs. Analog I/O Pins': pins	"{""source"": ""concept_extraction"", ""source_concept"": ""DIGITAL_ANALOG_IO"", ""extracted_at"": ""2026-08-03T11:55:45.102367""}"	2026-08-03T11:55:45.102369	2026-08-03T11:55:45.102370	"[""DIGITAL_ANALOG_IO""]"
KW_ANALOG	analog	Keyword extracted from concept 'Digital vs. Analog I/O Pins': analog	"{""source"": ""concept_extraction"", ""source_concept"": ""DIGITAL_ANALOG_IO"", ""extracted_at"": ""2026-08-03T11:55:45.102377""}"	2026-08-03T11:55:45.102379	2026-08-03T11:55:45.102380	"[""DIGITAL_ANALOG_IO""]"
KW_DIGITAL	digital	Keyword extracted from concept 'Digital vs. Analog I/O Pins': digital	"{""source"": ""concept_extraction"", ""source_concept"": ""DIGITAL_ANALOG_IO"", ""extracted_at"": ""2026-08-03T11:55:45.102381""}"	2026-08-03T11:55:45.102383	2026-08-03T11:55:45.102384	"[""DIGITAL_ANALOG_IO""]"
KW_XUNG	xung	Keyword extracted from concept 'Pulse Width Modulation (PWM)': xung	"{""source"": ""concept_extraction"", ""source_concept"": ""PWM"", ""extracted_at"": ""2026-08-03T11:55:45.102387""}"	2026-08-03T11:55:45.102389	2026-08-03T11:55:45.102390	"[""PWM""]"
KW_PULSE	pulse	Keyword extracted from concept 'Pulse Width Modulation (PWM)': pulse	"{""source"": ""concept_extraction"", ""source_concept"": ""PWM"", ""extracted_at"": ""2026-08-03T11:55:45.102391""}"	2026-08-03T11:55:45.102393	2026-08-03T11:55:45.102394	"[""PWM""]"
KW_WIDTH	width	Keyword extracted from concept 'Pulse Width Modulation (PWM)': width	"{""source"": ""concept_extraction"", ""source_concept"": ""PWM"", ""extracted_at"": ""2026-08-03T11:55:45.102396""}"	2026-08-03T11:55:45.102398	2026-08-03T11:55:45.102399	"[""PWM""]"
KW_DUTY	duty	Keyword extracted from concept 'Pulse Width Modulation (PWM)': duty	"{""source"": ""concept_extraction"", ""source_concept"": ""PWM"", ""extracted_at"": ""2026-08-03T11:55:45.102401""}"	2026-08-03T11:55:45.102403	2026-08-03T11:55:45.102404	"[""PWM""]"
KW_MODULATION	modulation	Keyword extracted from concept 'Pulse Width Modulation (PWM)': modulation	"{""source"": ""concept_extraction"", ""source_concept"": ""PWM"", ""extracted_at"": ""2026-08-03T11:55:45.102405""}"	2026-08-03T11:55:45.102407	2026-08-03T11:55:45.102408	"[""PWM""]"
KW_TEMP	temp	Keyword extracted from concept 'Reading Temp/Humidity Sensors': temp	"{""source"": ""concept_extraction"", ""source_concept"": ""TEMP_HUMIDITY_SENSORS"", ""extracted_at"": ""2026-08-03T11:55:45.102415""}"	2026-08-03T11:55:45.102418	2026-08-03T11:55:45.102418	"[""TEMP_HUMIDITY_SENSORS""]"
KW_READING	reading	Keyword extracted from concept 'Reading Temp/Humidity Sensors': reading	"{""source"": ""concept_extraction"", ""source_concept"": ""TEMP_HUMIDITY_SENSORS"", ""extracted_at"": ""2026-08-03T11:55:45.102420""}"	2026-08-03T11:55:45.102424	2026-08-03T11:55:45.102425	"[""TEMP_HUMIDITY_SENSORS""]"
KW_HUMIDITY	humidity	Keyword extracted from concept 'Reading Temp/Humidity Sensors': humidity	"{""source"": ""concept_extraction"", ""source_concept"": ""TEMP_HUMIDITY_SENSORS"", ""extracted_at"": ""2026-08-03T11:55:45.102427""}"	2026-08-03T11:55:45.102429	2026-08-03T11:55:45.102430	"[""TEMP_HUMIDITY_SENSORS""]"
KW_SENSORS	sensors	Keyword extracted from concept 'Reading Temp/Humidity Sensors': sensors	"{""source"": ""concept_extraction"", ""source_concept"": ""TEMP_HUMIDITY_SENSORS"", ""extracted_at"": ""2026-08-03T11:55:45.102431""}"	2026-08-03T11:55:45.102433	2026-08-03T11:55:45.102434	"[""TEMP_HUMIDITY_SENSORS""]"
KW_TEMPERATURE	temperature	Keyword extracted from concept 'Reading Temp/Humidity Sensors': temperature	"{""source"": ""concept_extraction"", ""source_concept"": ""TEMP_HUMIDITY_SENSORS"", ""extracted_at"": ""2026-08-03T11:55:45.102436""}"	2026-08-03T11:55:45.102438	2026-08-03T11:55:45.102439	"[""TEMP_HUMIDITY_SENSORS""]"
KW_SENSOR	sensor	Keyword extracted from concept 'Reading Temp/Humidity Sensors': sensor	"{""source"": ""concept_extraction"", ""source_concept"": ""TEMP_HUMIDITY_SENSORS"", ""extracted_at"": ""2026-08-03T11:55:45.102441""}"	2026-08-03T11:55:45.102443	2026-08-03T11:55:45.102444	"[""TEMP_HUMIDITY_SENSORS""]"
KW_QUANG	quang	Keyword extracted from concept 'Reading Light/Motion Sensors': quang	"{""source"": ""concept_extraction"", ""source_concept"": ""LIGHT_MOTION_SENSORS"", ""extracted_at"": ""2026-08-03T11:55:45.102446""}"	2026-08-03T11:55:45.102449	2026-08-03T11:55:45.102449	"[""LIGHT_MOTION_SENSORS""]"
KW_MOTION	motion	Keyword extracted from concept 'Reading Light/Motion Sensors': motion	"{""source"": ""concept_extraction"", ""source_concept"": ""LIGHT_MOTION_SENSORS"", ""extracted_at"": ""2026-08-03T11:55:45.102462""}"	2026-08-03T11:55:45.102464	2026-08-03T11:55:45.102465	"[""LIGHT_MOTION_SENSORS""]"
KW_DETECTION	detection	Keyword extracted from concept 'Reading Light/Motion Sensors': detection	"{""source"": ""concept_extraction"", ""source_concept"": ""LIGHT_MOTION_SENSORS"", ""extracted_at"": ""2026-08-03T11:55:45.102467""}"	2026-08-03T11:55:45.102469	2026-08-03T11:55:45.102470	"[""LIGHT_MOTION_SENSORS""]"
KW_LIGHT	light	Keyword extracted from concept 'Reading Light/Motion Sensors': light	"{""source"": ""concept_extraction"", ""source_concept"": ""LIGHT_MOTION_SENSORS"", ""extracted_at"": ""2026-08-03T11:55:45.102472""}"	2026-08-03T11:55:45.102474	2026-08-03T11:55:45.102475	"[""LIGHT_MOTION_SENSORS""]"
KW_PHOTORESISTOR	photoresistor	Keyword extracted from concept 'Reading Light/Motion Sensors': photoresistor	"{""source"": ""concept_extraction"", ""source_concept"": ""LIGHT_MOTION_SENSORS"", ""extracted_at"": ""2026-08-03T11:55:45.102481""}"	2026-08-03T11:55:45.102483	2026-08-03T11:55:45.102484	"[""LIGHT_MOTION_SENSORS""]"
KW_ACTUATOR	actuator	Keyword extracted from concept 'DC Motor and Servo Control': actuator	"{""source"": ""concept_extraction"", ""source_concept"": ""MOTOR_CONTROL"", ""extracted_at"": ""2026-08-03T11:55:45.102491""}"	2026-08-03T11:55:45.102494	2026-08-03T11:55:45.102494	"[""MOTOR_CONTROL""]"
KW_MOTOR	motor	Keyword extracted from concept 'DC Motor and Servo Control': motor	"{""source"": ""concept_extraction"", ""source_concept"": ""MOTOR_CONTROL"", ""extracted_at"": ""2026-08-03T11:55:45.102496""}"	2026-08-03T11:55:45.102498	2026-08-03T11:55:45.102499	"[""MOTOR_CONTROL""]"
KW_SERVO	servo	Keyword extracted from concept 'DC Motor and Servo Control': servo	"{""source"": ""concept_extraction"", ""source_concept"": ""MOTOR_CONTROL"", ""extracted_at"": ""2026-08-03T11:55:45.102505""}"	2026-08-03T11:55:45.102507	2026-08-03T11:55:45.102508	"[""MOTOR_CONTROL""]"
KW_ROUTER	router	Keyword extracted from concept 'Routers and Switches': router	"{""source"": ""concept_extraction"", ""source_concept"": ""ROUTERS_SWITCHES_CONCEPT"", ""extracted_at"": ""2026-08-03T11:55:45.102511""}"	2026-08-03T11:55:45.102513	2026-08-03T11:55:45.102514	"[""ROUTERS_SWITCHES_CONCEPT""]"
KW_ROUTERS	routers	Keyword extracted from concept 'Routers and Switches': routers	"{""source"": ""concept_extraction"", ""source_concept"": ""ROUTERS_SWITCHES_CONCEPT"", ""extracted_at"": ""2026-08-03T11:55:45.102515""}"	2026-08-03T11:55:45.102517	2026-08-03T11:55:45.102518	"[""ROUTERS_SWITCHES_CONCEPT""]"
KW_SWITCHES	switches	Keyword extracted from concept 'Routers and Switches': switches	"{""source"": ""concept_extraction"", ""source_concept"": ""ROUTERS_SWITCHES_CONCEPT"", ""extracted_at"": ""2026-08-03T11:55:45.102525""}"	2026-08-03T11:55:45.102527	2026-08-03T11:55:45.102528	"[""ROUTERS_SWITCHES_CONCEPT""]"
KW_NETWORKING	networking	Keyword extracted from concept 'Routers and Switches': networking	"{""source"": ""concept_extraction"", ""source_concept"": ""ROUTERS_SWITCHES_CONCEPT"", ""extracted_at"": ""2026-08-03T11:55:45.102534""}"	2026-08-03T11:55:45.102538	2026-08-03T11:55:45.102539	"[""ROUTERS_SWITCHES_CONCEPT""]"
KW_CABLE	cable	Keyword extracted from concept 'Physical Media & Wireless': cable	"{""source"": ""concept_extraction"", ""source_concept"": ""PHYSICAL_MEDIA_CONCEPT"", ""extracted_at"": ""2026-08-03T11:55:45.102553""}"	2026-08-03T11:55:45.102555	2026-08-03T11:55:45.102556	"[""PHYSICAL_MEDIA_CONCEPT""]"
KW_MEDIA	media	Keyword extracted from concept 'Physical Media & Wireless': media	"{""source"": ""concept_extraction"", ""source_concept"": ""PHYSICAL_MEDIA_CONCEPT"", ""extracted_at"": ""2026-08-03T11:55:45.102557""}"	2026-08-03T11:55:45.102559	2026-08-03T11:55:45.102560	"[""PHYSICAL_MEDIA_CONCEPT""]"
KW_PHYSICAL	physical	Keyword extracted from concept 'Physical Media & Wireless': physical	"{""source"": ""concept_extraction"", ""source_concept"": ""PHYSICAL_MEDIA_CONCEPT"", ""extracted_at"": ""2026-08-03T11:55:45.102562""}"	2026-08-03T11:55:45.102564	2026-08-03T11:55:45.102565	"[""PHYSICAL_MEDIA_CONCEPT""]"
KW_OPTIC	optic	Keyword extracted from concept 'Physical Media & Wireless': optic	"{""source"": ""concept_extraction"", ""source_concept"": ""PHYSICAL_MEDIA_CONCEPT"", ""extracted_at"": ""2026-08-03T11:55:45.102566""}"	2026-08-03T11:55:45.102569	2026-08-03T11:55:45.102569	"[""PHYSICAL_MEDIA_CONCEPT""]"
KW_BLUETOOTH	bluetooth	Keyword extracted from concept 'Physical Media & Wireless': bluetooth	"{""source"": ""concept_extraction"", ""source_concept"": ""PHYSICAL_MEDIA_CONCEPT"", ""extracted_at"": ""2026-08-03T11:55:45.102571""}"	2026-08-03T11:55:45.102573	2026-08-03T11:55:45.102574	"[""PHYSICAL_MEDIA_CONCEPT""]"
KW_WIRELESS	wireless	Keyword extracted from concept 'Physical Media & Wireless': wireless	"{""source"": ""concept_extraction"", ""source_concept"": ""PHYSICAL_MEDIA_CONCEPT"", ""extracted_at"": ""2026-08-03T11:55:45.102576""}"	2026-08-03T11:55:45.102578	2026-08-03T11:55:45.102579	"[""PHYSICAL_MEDIA_CONCEPT""]"
KW_FIBER	fiber	Keyword extracted from concept 'Physical Media & Wireless': fiber	"{""source"": ""concept_extraction"", ""source_concept"": ""PHYSICAL_MEDIA_CONCEPT"", ""extracted_at"": ""2026-08-03T11:55:45.102580""}"	2026-08-03T11:55:45.102583	2026-08-03T11:55:45.102583	"[""PHYSICAL_MEDIA_CONCEPT""]"
KW_ETHERNET	ethernet	Keyword extracted from concept 'Physical Media & Wireless': ethernet	"{""source"": ""concept_extraction"", ""source_concept"": ""PHYSICAL_MEDIA_CONCEPT"", ""extracted_at"": ""2026-08-03T11:55:45.102585""}"	2026-08-03T11:55:45.102587	2026-08-03T11:55:45.102588	"[""PHYSICAL_MEDIA_CONCEPT""]"
KW_STAR	star	Keyword extracted from concept 'Network Topologies': star	"{""source"": ""concept_extraction"", ""source_concept"": ""NETWORK_TOPOLOGIES_CONCEPT"", ""extracted_at"": ""2026-08-03T11:55:45.102591""}"	2026-08-03T11:55:45.102593	2026-08-03T11:55:45.102594	"[""NETWORK_TOPOLOGIES_CONCEPT""]"
KW_TOPOLOGY	topology	Keyword extracted from concept 'Network Topologies': topology	"{""source"": ""concept_extraction"", ""source_concept"": ""NETWORK_TOPOLOGIES_CONCEPT"", ""extracted_at"": ""2026-08-03T11:55:45.102595""}"	2026-08-03T11:55:45.102598	2026-08-03T11:55:45.102598	"[""NETWORK_TOPOLOGIES_CONCEPT""]"
KW_TOPOLOGIES	topologies	Keyword extracted from concept 'Network Topologies': topologies	"{""source"": ""concept_extraction"", ""source_concept"": ""NETWORK_TOPOLOGIES_CONCEPT"", ""extracted_at"": ""2026-08-03T11:55:45.102605""}"	2026-08-03T11:55:45.102607	2026-08-03T11:55:45.102608	"[""NETWORK_TOPOLOGIES_CONCEPT""]"
KW_RING	ring	Keyword extracted from concept 'Network Topologies': ring	"{""source"": ""concept_extraction"", ""source_concept"": ""NETWORK_TOPOLOGIES_CONCEPT"", ""extracted_at"": ""2026-08-03T11:55:45.102610""}"	2026-08-03T11:55:45.102612	2026-08-03T11:55:45.102613	"[""NETWORK_TOPOLOGIES_CONCEPT""]"
KW_BUS	bus	Keyword extracted from concept 'Network Topologies': bus	"{""source"": ""concept_extraction"", ""source_concept"": ""NETWORK_TOPOLOGIES_CONCEPT"", ""extracted_at"": ""2026-08-03T11:55:45.102614""}"	2026-08-03T11:55:45.102616	2026-08-03T11:55:45.102617	"[""NETWORK_TOPOLOGIES_CONCEPT""]"
KW_MESH	mesh	Keyword extracted from concept 'Network Topologies': mesh	"{""source"": ""concept_extraction"", ""source_concept"": ""NETWORK_TOPOLOGIES_CONCEPT"", ""extracted_at"": ""2026-08-03T11:55:45.102619""}"	2026-08-03T11:55:45.102621	2026-08-03T11:55:45.102622	"[""NETWORK_TOPOLOGIES_CONCEPT""]"
KW_INFORMATION	information	Keyword extracted from concept 'Layers of Abstraction': information	"{""source"": ""concept_extraction"", ""source_concept"": ""ABSTRACTION_LAYERS"", ""extracted_at"": ""2026-08-03T11:55:45.102624""}"	2026-08-03T11:55:45.102626	2026-08-03T11:55:45.102627	"[""ABSTRACTION_LAYERS""]"
KW_LAYERS	layers	Keyword extracted from concept 'Layers of Abstraction': layers	"{""source"": ""concept_extraction"", ""source_concept"": ""ABSTRACTION_LAYERS"", ""extracted_at"": ""2026-08-03T11:55:45.102629""}"	2026-08-03T11:55:45.102631	2026-08-03T11:55:45.102632	"[""ABSTRACTION_LAYERS""]"
KW_ABSTRACTION	abstraction	Keyword extracted from concept 'Layers of Abstraction': abstraction	"{""source"": ""concept_extraction"", ""source_concept"": ""ABSTRACTION_LAYERS"", ""extracted_at"": ""2026-08-03T11:55:45.102634""}"	2026-08-03T11:55:45.102636	2026-08-03T11:55:45.102636	"[""ABSTRACTION_LAYERS""]"
KW_HIDING	hiding	Keyword extracted from concept 'Layers of Abstraction': hiding	"{""source"": ""concept_extraction"", ""source_concept"": ""ABSTRACTION_LAYERS"", ""extracted_at"": ""2026-08-03T11:55:45.102638""}"	2026-08-03T11:55:45.102640	2026-08-03T11:55:45.102641	"[""ABSTRACTION_LAYERS""]"
KW_CONQUER	conquer	Keyword extracted from concept 'Problem Decomposition': conquer	"{""source"": ""concept_extraction"", ""source_concept"": ""PROBLEM_DECOMPOSITION"", ""extracted_at"": ""2026-08-03T11:55:45.102644""}"	2026-08-03T11:55:45.102646	2026-08-03T11:55:45.102647	"[""PROBLEM_DECOMPOSITION""]"
KW_DECOMPOSITION	decomposition	Keyword extracted from concept 'Problem Decomposition': decomposition	"{""source"": ""concept_extraction"", ""source_concept"": ""PROBLEM_DECOMPOSITION"", ""extracted_at"": ""2026-08-03T11:55:45.102650""}"	2026-08-03T11:55:45.102652	2026-08-03T11:55:45.102653	"[""PROBLEM_DECOMPOSITION""]"
KW_BREAKDOWN	breakdown	Keyword extracted from concept 'Problem Decomposition': breakdown	"{""source"": ""concept_extraction"", ""source_concept"": ""PROBLEM_DECOMPOSITION"", ""extracted_at"": ""2026-08-03T11:55:45.102655""}"	2026-08-03T11:55:45.102658	2026-08-03T11:55:45.102659	"[""PROBLEM_DECOMPOSITION""]"
KW_CHIA	chia	Keyword extracted from concept 'Problem Decomposition': chia	"{""source"": ""concept_extraction"", ""source_concept"": ""PROBLEM_DECOMPOSITION"", ""extracted_at"": ""2026-08-03T11:55:45.102667""}"	2026-08-03T11:55:45.102670	2026-08-03T11:55:45.102670	"[""PROBLEM_DECOMPOSITION""]"
KW_DIVIDE	divide	Keyword extracted from concept 'Problem Decomposition': divide	"{""source"": ""concept_extraction"", ""source_concept"": ""PROBLEM_DECOMPOSITION"", ""extracted_at"": ""2026-08-03T11:55:45.102673""}"	2026-08-03T11:55:45.102675	2026-08-03T11:55:45.102676	"[""PROBLEM_DECOMPOSITION""]"
KW_AND	and	Keyword extracted from concept 'Problem Decomposition': and	"{""source"": ""concept_extraction"", ""source_concept"": ""PROBLEM_DECOMPOSITION"", ""extracted_at"": ""2026-08-03T11:55:45.102684""}"	2026-08-03T11:55:45.102686	2026-08-03T11:55:45.102687	"[""PROBLEM_DECOMPOSITION""]"
KW_MODULARIZATION	modularization	Keyword extracted from concept 'Problem Decomposition': modularization	"{""source"": ""concept_extraction"", ""source_concept"": ""PROBLEM_DECOMPOSITION"", ""extracted_at"": ""2026-08-03T11:55:45.102689""}"	2026-08-03T11:55:45.102691	2026-08-03T11:55:45.102692	"[""PROBLEM_DECOMPOSITION""]"
KW_PROBLEMS	problems	Keyword extracted from concept 'Problem Decomposition': problems	"{""source"": ""concept_extraction"", ""source_concept"": ""PROBLEM_DECOMPOSITION"", ""extracted_at"": ""2026-08-03T11:55:45.102694""}"	2026-08-03T11:55:45.102696	2026-08-03T11:55:45.102697	"[""PROBLEM_DECOMPOSITION""]"
KW_SYSTEM	system	Keyword extracted from concept 'Problem Decomposition': system	"{""source"": ""concept_extraction"", ""source_concept"": ""PROBLEM_DECOMPOSITION"", ""extracted_at"": ""2026-08-03T11:55:45.102699""}"	2026-08-03T11:55:45.102701	2026-08-03T11:55:45.102702	"[""PROBLEM_DECOMPOSITION""]"
KW_SUB	sub	Keyword extracted from concept 'Problem Decomposition': sub	"{""source"": ""concept_extraction"", ""source_concept"": ""PROBLEM_DECOMPOSITION"", ""extracted_at"": ""2026-08-03T11:55:45.102703""}"	2026-08-03T11:55:45.102706	2026-08-03T11:55:45.102707	"[""PROBLEM_DECOMPOSITION""]"
KW_FACTORY	factory	Keyword extracted from concept 'Creational Design Patterns': factory	"{""source"": ""concept_extraction"", ""source_concept"": ""CREATIONAL_PATTERNS"", ""extracted_at"": ""2026-08-03T11:55:45.102709""}"	2026-08-03T11:55:45.102713	2026-08-03T11:55:45.102714	"[""CREATIONAL_PATTERNS""]"
KW_PATTERNS	patterns	Keyword extracted from concept 'Creational Design Patterns': patterns	"{""source"": ""concept_extraction"", ""source_concept"": ""CREATIONAL_PATTERNS"", ""extracted_at"": ""2026-08-03T11:55:45.102716""}"	2026-08-03T11:55:45.102718	2026-08-03T11:55:45.102719	"[""CREATIONAL_PATTERNS""]"
KW_CREATIONAL	creational	Keyword extracted from concept 'Creational Design Patterns': creational	"{""source"": ""concept_extraction"", ""source_concept"": ""CREATIONAL_PATTERNS"", ""extracted_at"": ""2026-08-03T11:55:45.102721""}"	2026-08-03T11:55:45.102723	2026-08-03T11:55:45.102724	"[""CREATIONAL_PATTERNS""]"
KW_SINGLETON	singleton	Keyword extracted from concept 'Creational Design Patterns': singleton	"{""source"": ""concept_extraction"", ""source_concept"": ""CREATIONAL_PATTERNS"", ""extracted_at"": ""2026-08-03T11:55:45.102726""}"	2026-08-03T11:55:45.102728	2026-08-03T11:55:45.102729	"[""CREATIONAL_PATTERNS""]"
KW_DESIGN	design	Keyword extracted from concept 'Creational Design Patterns': design	"{""source"": ""concept_extraction"", ""source_concept"": ""CREATIONAL_PATTERNS"", ""extracted_at"": ""2026-08-03T11:55:45.102731""}"	2026-08-03T11:55:45.102733	2026-08-03T11:55:45.102734	"[""CREATIONAL_PATTERNS""]"
KW_ADAPTER	adapter	Keyword extracted from concept 'Structural Design Patterns': adapter	"{""source"": ""concept_extraction"", ""source_concept"": ""STRUCTURAL_PATTERNS"", ""extracted_at"": ""2026-08-03T11:55:45.102737""}"	2026-08-03T11:55:45.102739	2026-08-03T11:55:45.102740	"[""STRUCTURAL_PATTERNS""]"
KW_LINH	linh	Keyword extracted from concept 'Structural Design Patterns': linh	"{""source"": ""concept_extraction"", ""source_concept"": ""STRUCTURAL_PATTERNS"", ""extracted_at"": ""2026-08-03T11:55:45.102742""}"	2026-08-03T11:55:45.102744	2026-08-03T11:55:45.102745	"[""STRUCTURAL_PATTERNS""]"
KW_STRUCTURAL	structural	Keyword extracted from concept 'Structural Design Patterns': structural	"{""source"": ""concept_extraction"", ""source_concept"": ""STRUCTURAL_PATTERNS"", ""extracted_at"": ""2026-08-03T11:55:45.102751""}"	2026-08-03T11:55:45.102754	2026-08-03T11:55:45.102754	"[""STRUCTURAL_PATTERNS""]"
KW_GIAO	giao	Keyword extracted from concept 'Structural Design Patterns': giao	"{""source"": ""concept_extraction"", ""source_concept"": ""STRUCTURAL_PATTERNS"", ""extracted_at"": ""2026-08-03T11:55:45.102756""}"	2026-08-03T11:55:45.102759	2026-08-03T11:55:45.102759	"[""STRUCTURAL_PATTERNS""]"
KW_DECORATOR	decorator	Keyword extracted from concept 'Structural Design Patterns': decorator	"{""source"": ""concept_extraction"", ""source_concept"": ""STRUCTURAL_PATTERNS"", ""extracted_at"": ""2026-08-03T11:55:45.102762""}"	2026-08-03T11:55:45.102764	2026-08-03T11:55:45.102765	"[""STRUCTURAL_PATTERNS""]"
KW_OBSERVER	observer	Keyword extracted from concept 'Behavioral Design Patterns': observer	"{""source"": ""concept_extraction"", ""source_concept"": ""BEHAVIORAL_PATTERNS"", ""extracted_at"": ""2026-08-03T11:55:45.102780""}"	2026-08-03T11:55:45.102815	2026-08-03T11:55:45.102816	"[""BEHAVIORAL_PATTERNS""]"
KW_BEHAVIORAL	behavioral	Keyword extracted from concept 'Behavioral Design Patterns': behavioral	"{""source"": ""concept_extraction"", ""source_concept"": ""BEHAVIORAL_PATTERNS"", ""extracted_at"": ""2026-08-03T11:55:45.102818""}"	2026-08-03T11:55:45.102821	2026-08-03T11:55:45.102822	"[""BEHAVIORAL_PATTERNS""]"
KW_STRATEGY	strategy	Keyword extracted from concept 'Behavioral Design Patterns': strategy	"{""source"": ""concept_extraction"", ""source_concept"": ""BEHAVIORAL_PATTERNS"", ""extracted_at"": ""2026-08-03T11:55:45.102830""}"	2026-08-03T11:55:45.102833	2026-08-03T11:55:45.102834	"[""BEHAVIORAL_PATTERNS""]"
KW_THAY	thay	Keyword extracted from concept 'Agile Principles': thay	"{""source"": ""concept_extraction"", ""source_concept"": ""AGILE_PRINCIPLES"", ""extracted_at"": ""2026-08-03T11:55:45.102847""}"	2026-08-03T11:55:45.102849	2026-08-03T11:55:45.102850	"[""AGILE_PRINCIPLES""]"
KW_ITERATIVE	iterative	Keyword extracted from concept 'Agile Principles': iterative	"{""source"": ""concept_extraction"", ""source_concept"": ""AGILE_PRINCIPLES"", ""extracted_at"": ""2026-08-03T11:55:45.102852""}"	2026-08-03T11:55:45.102854	2026-08-03T11:55:45.102855	"[""AGILE_PRINCIPLES""]"
KW_MANIFESTO	manifesto	Keyword extracted from concept 'Agile Principles': manifesto	"{""source"": ""concept_extraction"", ""source_concept"": ""AGILE_PRINCIPLES"", ""extracted_at"": ""2026-08-03T11:55:45.102857""}"	2026-08-03T11:55:45.102859	2026-08-03T11:55:45.102859	"[""AGILE_PRINCIPLES""]"
KW_PRINCIPLES	principles	Keyword extracted from concept 'Agile Principles': principles	"{""source"": ""concept_extraction"", ""source_concept"": ""AGILE_PRINCIPLES"", ""extracted_at"": ""2026-08-03T11:55:45.102861""}"	2026-08-03T11:55:45.102863	2026-08-03T11:55:45.102864	"[""AGILE_PRINCIPLES""]"
KW_AGILE	agile	Keyword extracted from concept 'Agile Principles': agile	"{""source"": ""concept_extraction"", ""source_concept"": ""AGILE_PRINCIPLES"", ""extracted_at"": ""2026-08-03T11:55:45.102866""}"	2026-08-03T11:55:45.102868	2026-08-03T11:55:45.102869	"[""AGILE_PRINCIPLES""]"
KW_DEVELOPMENT	development	Keyword extracted from concept 'Agile Principles': development	"{""source"": ""concept_extraction"", ""source_concept"": ""AGILE_PRINCIPLES"", ""extracted_at"": ""2026-08-03T11:55:45.102871""}"	2026-08-03T11:55:45.102873	2026-08-03T11:55:45.102873	"[""AGILE_PRINCIPLES""]"
KW_ROLES	roles	Keyword extracted from concept 'Scrum Roles and Events': roles	"{""source"": ""concept_extraction"", ""source_concept"": ""SCRUM_ROLES_EVENTS"", ""extracted_at"": ""2026-08-03T11:55:45.102876""}"	2026-08-03T11:55:45.102879	2026-08-03T11:55:45.102879	"[""SCRUM_ROLES_EVENTS""]"
KW_BACKLOG	backlog	Keyword extracted from concept 'Scrum Roles and Events': backlog	"{""source"": ""concept_extraction"", ""source_concept"": ""SCRUM_ROLES_EVENTS"", ""extracted_at"": ""2026-08-03T11:55:45.102881""}"	2026-08-03T11:55:45.102883	2026-08-03T11:55:45.102884	"[""SCRUM_ROLES_EVENTS""]"
KW_MASTER	master	Keyword extracted from concept 'Scrum Roles and Events': master	"{""source"": ""concept_extraction"", ""source_concept"": ""SCRUM_ROLES_EVENTS"", ""extracted_at"": ""2026-08-03T11:55:45.102887""}"	2026-08-03T11:55:45.102889	2026-08-03T11:55:45.102889	"[""SCRUM_ROLES_EVENTS""]"
KW_PRODUCT	product	Keyword extracted from concept 'Scrum Roles and Events': product	"{""source"": ""concept_extraction"", ""source_concept"": ""SCRUM_ROLES_EVENTS"", ""extracted_at"": ""2026-08-03T11:55:45.102891""}"	2026-08-03T11:55:45.102893	2026-08-03T11:55:45.102894	"[""SCRUM_ROLES_EVENTS""]"
KW_DAILY	daily	Keyword extracted from concept 'Scrum Roles and Events': daily	"{""source"": ""concept_extraction"", ""source_concept"": ""SCRUM_ROLES_EVENTS"", ""extracted_at"": ""2026-08-03T11:55:45.102896""}"	2026-08-03T11:55:45.102898	2026-08-03T11:55:45.102899	"[""SCRUM_ROLES_EVENTS""]"
KW_OWNER	owner	Keyword extracted from concept 'Scrum Roles and Events': owner	"{""source"": ""concept_extraction"", ""source_concept"": ""SCRUM_ROLES_EVENTS"", ""extracted_at"": ""2026-08-03T11:55:45.102900""}"	2026-08-03T11:55:45.102902	2026-08-03T11:55:45.102903	"[""SCRUM_ROLES_EVENTS""]"
KW_EVENTS	events	Keyword extracted from concept 'Scrum Roles and Events': events	"{""source"": ""concept_extraction"", ""source_concept"": ""SCRUM_ROLES_EVENTS"", ""extracted_at"": ""2026-08-03T11:55:45.102909""}"	2026-08-03T11:55:45.102911	2026-08-03T11:55:45.102912	"[""SCRUM_ROLES_EVENTS""]"
KW_STANDUP	standup	Keyword extracted from concept 'Scrum Roles and Events': standup	"{""source"": ""concept_extraction"", ""source_concept"": ""SCRUM_ROLES_EVENTS"", ""extracted_at"": ""2026-08-03T11:55:45.102914""}"	2026-08-03T11:55:45.102916	2026-08-03T11:55:45.102917	"[""SCRUM_ROLES_EVENTS""]"
KW_SPRINT	sprint	Keyword extracted from concept 'Scrum Roles and Events': sprint	"{""source"": ""concept_extraction"", ""source_concept"": ""SCRUM_ROLES_EVENTS"", ""extracted_at"": ""2026-08-03T11:55:45.102919""}"	2026-08-03T11:55:45.102921	2026-08-03T11:55:45.102921	"[""SCRUM_ROLES_EVENTS""]"
KW_RETROSPECTIVE	retrospective	Keyword extracted from concept 'Scrum Roles and Events': retrospective	"{""source"": ""concept_extraction"", ""source_concept"": ""SCRUM_ROLES_EVENTS"", ""extracted_at"": ""2026-08-03T11:55:45.102923""}"	2026-08-03T11:55:45.102925	2026-08-03T11:55:45.102926	"[""SCRUM_ROLES_EVENTS""]"
KW_SCRUM	scrum	Keyword extracted from concept 'Scrum Roles and Events': scrum	"{""source"": ""concept_extraction"", ""source_concept"": ""SCRUM_ROLES_EVENTS"", ""extracted_at"": ""2026-08-03T11:55:45.102928""}"	2026-08-03T11:55:45.102930	2026-08-03T11:55:45.102931	"[""SCRUM_ROLES_EVENTS""]"
KW_BRANCHING	branching	Keyword extracted from concept 'Version Control Workflow': branching	"{""source"": ""concept_extraction"", ""source_concept"": ""VERSION_CONTROL_WORKFLOW"", ""extracted_at"": ""2026-08-03T11:55:45.102934""}"	2026-08-03T11:55:45.102937	2026-08-03T11:55:45.102938	"[""VERSION_CONTROL_WORKFLOW""]"
KW_WORKFLOW	workflow	Keyword extracted from concept 'Version Control Workflow': workflow	"{""source"": ""concept_extraction"", ""source_concept"": ""VERSION_CONTROL_WORKFLOW"", ""extracted_at"": ""2026-08-03T11:55:45.102945""}"	2026-08-03T11:55:45.102947	2026-08-03T11:55:45.102947	"[""VERSION_CONTROL_WORKFLOW""]"
KW_RELEASE	release	Keyword extracted from concept 'Version Control Workflow': release	"{""source"": ""concept_extraction"", ""source_concept"": ""VERSION_CONTROL_WORKFLOW"", ""extracted_at"": ""2026-08-03T11:55:45.102954""}"	2026-08-03T11:55:45.102956	2026-08-03T11:55:45.102957	"[""VERSION_CONTROL_WORKFLOW""]"
KW_FLOW	flow	Keyword extracted from concept 'Version Control Workflow': flow	"{""source"": ""concept_extraction"", ""source_concept"": ""VERSION_CONTROL_WORKFLOW"", ""extracted_at"": ""2026-08-03T11:55:45.102958""}"	2026-08-03T11:55:45.102961	2026-08-03T11:55:45.102961	"[""VERSION_CONTROL_WORKFLOW""]"
KW_FEATURE	feature	Keyword extracted from concept 'Version Control Workflow': feature	"{""source"": ""concept_extraction"", ""source_concept"": ""VERSION_CONTROL_WORKFLOW"", ""extracted_at"": ""2026-08-03T11:55:45.102968""}"	2026-08-03T11:55:45.102970	2026-08-03T11:55:45.102971	"[""VERSION_CONTROL_WORKFLOW""]"
KW_VERSION	version	Keyword extracted from concept 'Version Control Workflow': version	"{""source"": ""concept_extraction"", ""source_concept"": ""VERSION_CONTROL_WORKFLOW"", ""extracted_at"": ""2026-08-03T11:55:45.102977""}"	2026-08-03T11:55:45.102981	2026-08-03T11:55:45.102981	"[""VERSION_CONTROL_WORKFLOW""]"
KW_DEVELOP	develop	Keyword extracted from concept 'Version Control Workflow': develop	"{""source"": ""concept_extraction"", ""source_concept"": ""VERSION_CONTROL_WORKFLOW"", ""extracted_at"": ""2026-08-03T11:55:45.102983""}"	2026-08-03T11:55:45.102985	2026-08-03T11:55:45.102986	"[""VERSION_CONTROL_WORKFLOW""]"
KW_FEATURED	featured	Keyword extracted from concept 'Frontend Frameworks/Libraries': featured	"{""source"": ""concept_extraction"", ""source_concept"": ""FRONTEND_FRAMEWORKS"", ""extracted_at"": ""2026-08-03T11:55:45.102990""}"	2026-08-03T11:55:45.102992	2026-08-03T11:55:45.102993	"[""FRONTEND_FRAMEWORKS""]"
KW_PROGRESSIVE	progressive	Keyword extracted from concept 'Frontend Frameworks/Libraries': progressive	"{""source"": ""concept_extraction"", ""source_concept"": ""FRONTEND_FRAMEWORKS"", ""extracted_at"": ""2026-08-03T11:55:45.102999""}"	2026-08-03T11:55:45.103001	2026-08-03T11:55:45.103002	"[""FRONTEND_FRAMEWORKS""]"
KW_FRAMEWORKS	frameworks	Keyword extracted from concept 'Frontend Frameworks/Libraries': frameworks	"{""source"": ""concept_extraction"", ""source_concept"": ""FRONTEND_FRAMEWORKS"", ""extracted_at"": ""2026-08-03T11:55:45.103004""}"	2026-08-03T11:55:45.103006	2026-08-03T11:55:45.103007	"[""FRONTEND_FRAMEWORKS""]"
KW_LIBRARIES	libraries	Keyword extracted from concept 'Frontend Frameworks/Libraries': libraries	"{""source"": ""concept_extraction"", ""source_concept"": ""FRONTEND_FRAMEWORKS"", ""extracted_at"": ""2026-08-03T11:55:45.103009""}"	2026-08-03T11:55:45.103011	2026-08-03T11:55:45.103012	"[""FRONTEND_FRAMEWORKS""]"
KW_FRONTEND	frontend	Keyword extracted from concept 'Frontend Frameworks/Libraries': frontend	"{""source"": ""concept_extraction"", ""source_concept"": ""FRONTEND_FRAMEWORKS"", ""extracted_at"": ""2026-08-03T11:55:45.103013""}"	2026-08-03T11:55:45.103015	2026-08-03T11:55:45.103016	"[""FRONTEND_FRAMEWORKS""]"
KW_COMPONENT	component	Keyword extracted from concept 'Frontend Frameworks/Libraries': component	"{""source"": ""concept_extraction"", ""source_concept"": ""FRONTEND_FRAMEWORKS"", ""extracted_at"": ""2026-08-03T11:55:45.103018""}"	2026-08-03T11:55:45.103020	2026-08-03T11:55:45.103021	"[""FRONTEND_FRAMEWORKS""]"
KW_FRAMEWORK	framework	Keyword extracted from concept 'Frontend Frameworks/Libraries': framework	"{""source"": ""concept_extraction"", ""source_concept"": ""FRONTEND_FRAMEWORKS"", ""extracted_at"": ""2026-08-03T11:55:45.103023""}"	2026-08-03T11:55:45.103025	2026-08-03T11:55:45.103025	"[""FRONTEND_FRAMEWORKS""]"
KW_FULL	full	Keyword extracted from concept 'Frontend Frameworks/Libraries': full	"{""source"": ""concept_extraction"", ""source_concept"": ""FRONTEND_FRAMEWORKS"", ""extracted_at"": ""2026-08-03T11:55:45.103027""}"	2026-08-03T11:55:45.103029	2026-08-03T11:55:45.103030	"[""FRONTEND_FRAMEWORKS""]"
KW_APPLICATION	application	Keyword extracted from concept 'Backend Frameworks': application	"{""source"": ""concept_extraction"", ""source_concept"": ""BACKEND_FRAMEWORKS"", ""extracted_at"": ""2026-08-03T11:55:45.103047""}"	2026-08-03T11:55:45.103050	2026-08-03T11:55:45.103050	"[""BACKEND_FRAMEWORKS""]"
KW_LOGIC	logic	Keyword extracted from concept 'Backend Frameworks': logic	"{""source"": ""concept_extraction"", ""source_concept"": ""BACKEND_FRAMEWORKS"", ""extracted_at"": ""2026-08-03T11:55:45.103071""}"	2026-08-03T11:55:45.103073	2026-08-03T11:55:45.103074	"[""BACKEND_FRAMEWORKS""]"
KW_WEB	web	Keyword extracted from concept 'Backend Frameworks': web	"{""source"": ""concept_extraction"", ""source_concept"": ""BACKEND_FRAMEWORKS"", ""extracted_at"": ""2026-08-03T11:55:45.103076""}"	2026-08-03T11:55:45.103078	2026-08-03T11:55:45.103079	"[""BACKEND_FRAMEWORKS""]"
KW_ENTERPRISE	enterprise	Keyword extracted from concept 'Backend Frameworks': enterprise	"{""source"": ""concept_extraction"", ""source_concept"": ""BACKEND_FRAMEWORKS"", ""extracted_at"": ""2026-08-03T11:55:45.103082""}"	2026-08-03T11:55:45.103084	2026-08-03T11:55:45.103085	"[""BACKEND_FRAMEWORKS""]"
KW_BACKEND	backend	Keyword extracted from concept 'Backend Frameworks': backend	"{""source"": ""concept_extraction"", ""source_concept"": ""BACKEND_FRAMEWORKS"", ""extracted_at"": ""2026-08-03T11:55:45.103087""}"	2026-08-03T11:55:45.103090	2026-08-03T11:55:45.103091	"[""BACKEND_FRAMEWORKS""]"
KW_RELATIONAL	relational	Keyword extracted from concept 'Relational vs. NoSQL Databases': relational	"{""source"": ""concept_extraction"", ""source_concept"": ""RELATIONAL_VS_NONRELATIONAL"", ""extracted_at"": ""2026-08-03T11:55:45.103098""}"	2026-08-03T11:55:45.103100	2026-08-03T11:55:45.103101	"[""RELATIONAL_VS_NONRELATIONAL""]"
KW_DATABASES	databases	Keyword extracted from concept 'Relational vs. NoSQL Databases': databases	"{""source"": ""concept_extraction"", ""source_concept"": ""RELATIONAL_VS_NONRELATIONAL"", ""extracted_at"": ""2026-08-03T11:55:45.103106""}"	2026-08-03T11:55:45.103108	2026-08-03T11:55:45.103109	"[""RELATIONAL_VS_NONRELATIONAL""]"
KW_QUAN	quan	Keyword extracted from concept 'Relational vs. NoSQL Databases': quan	"{""source"": ""concept_extraction"", ""source_concept"": ""RELATIONAL_VS_NONRELATIONAL"", ""extracted_at"": ""2026-08-03T11:55:45.103111""}"	2026-08-03T11:55:45.103113	2026-08-03T11:55:45.103113	"[""RELATIONAL_VS_NONRELATIONAL""]"
KW_EXPLORATORY	exploratory	Keyword extracted from concept 'Exploratory Data Analysis (EDA)': exploratory	"{""source"": ""concept_extraction"", ""source_concept"": ""DATA_EXPLORATION_EDA"", ""extracted_at"": ""2026-08-03T11:55:45.103123""}"	2026-08-03T11:55:45.103125	2026-08-03T11:55:45.103126	"[""DATA_EXPLORATION_EDA""]"
KW_DATA	data	Keyword extracted from concept 'Exploratory Data Analysis (EDA)': data	"{""source"": ""concept_extraction"", ""source_concept"": ""DATA_EXPLORATION_EDA"", ""extracted_at"": ""2026-08-03T11:55:45.103128""}"	2026-08-03T11:55:45.103131	2026-08-03T11:55:45.103132	"[""DATA_EXPLORATION_EDA""]"
KW_EXPLORATION	exploration	Keyword extracted from concept 'Exploratory Data Analysis (EDA)': exploration	"{""source"": ""concept_extraction"", ""source_concept"": ""DATA_EXPLORATION_EDA"", ""extracted_at"": ""2026-08-03T11:55:45.103135""}"	2026-08-03T11:55:45.103138	2026-08-03T11:55:45.103139	"[""DATA_EXPLORATION_EDA""]"
KW_NOISE	noise	Keyword extracted from concept 'Data Cleaning Techniques': noise	"{""source"": ""concept_extraction"", ""source_concept"": ""DATA_CLEANING_TECHNIQUES"", ""extracted_at"": ""2026-08-03T11:55:45.103153""}"	2026-08-03T11:55:45.103155	2026-08-03T11:55:45.103156	"[""DATA_CLEANING_TECHNIQUES""]"
KW_PREPROCESSING	preprocessing	Keyword extracted from concept 'Data Cleaning Techniques': preprocessing	"{""source"": ""concept_extraction"", ""source_concept"": ""DATA_CLEANING_TECHNIQUES"", ""extracted_at"": ""2026-08-03T11:55:45.103158""}"	2026-08-03T11:55:45.103160	2026-08-03T11:55:45.103161	"[""DATA_CLEANING_TECHNIQUES""]"
KW_MISSING	missing	Keyword extracted from concept 'Data Cleaning Techniques': missing	"{""source"": ""concept_extraction"", ""source_concept"": ""DATA_CLEANING_TECHNIQUES"", ""extracted_at"": ""2026-08-03T11:55:45.103162""}"	2026-08-03T11:55:45.103165	2026-08-03T11:55:45.103165	"[""DATA_CLEANING_TECHNIQUES""]"
KW_VALUES	values	Keyword extracted from concept 'Data Cleaning Techniques': values	"{""source"": ""concept_extraction"", ""source_concept"": ""DATA_CLEANING_TECHNIQUES"", ""extracted_at"": ""2026-08-03T11:55:45.103167""}"	2026-08-03T11:55:45.103169	2026-08-03T11:55:45.103170	"[""DATA_CLEANING_TECHNIQUES""]"
KW_CLEANING	cleaning	Keyword extracted from concept 'Data Cleaning Techniques': cleaning	"{""source"": ""concept_extraction"", ""source_concept"": ""DATA_CLEANING_TECHNIQUES"", ""extracted_at"": ""2026-08-03T11:55:45.103172""}"	2026-08-03T11:55:45.103174	2026-08-03T11:55:45.103175	"[""DATA_CLEANING_TECHNIQUES""]"
KW_TECHNIQUES	techniques	Keyword extracted from concept 'Data Cleaning Techniques': techniques	"{""source"": ""concept_extraction"", ""source_concept"": ""DATA_CLEANING_TECHNIQUES"", ""extracted_at"": ""2026-08-03T11:55:45.103177""}"	2026-08-03T11:55:45.103179	2026-08-03T11:55:45.103180	"[""DATA_CLEANING_TECHNIQUES""]"
KW_VISUALIZATION	visualization	Keyword extracted from concept 'Choosing Appropriate Chart Types': visualization	"{""source"": ""concept_extraction"", ""source_concept"": ""CHART_TYPES"", ""extracted_at"": ""2026-08-03T11:55:45.103183""}"	2026-08-03T11:55:45.103185	2026-08-03T11:55:45.103186	"[""CHART_TYPES""]"
KW_CHART	chart	Keyword extracted from concept 'Choosing Appropriate Chart Types': chart	"{""source"": ""concept_extraction"", ""source_concept"": ""CHART_TYPES"", ""extracted_at"": ""2026-08-03T11:55:45.103188""}"	2026-08-03T11:55:45.103190	2026-08-03T11:55:45.103191	"[""CHART_TYPES""]"
KW_SELECTION	selection	Keyword extracted from concept 'Choosing Appropriate Chart Types': selection	"{""source"": ""concept_extraction"", ""source_concept"": ""CHART_TYPES"", ""extracted_at"": ""2026-08-03T11:55:45.103192""}"	2026-08-03T11:55:45.103195	2026-08-03T11:55:45.103195	"[""CHART_TYPES""]"
KW_CHOOSING	choosing	Keyword extracted from concept 'Choosing Appropriate Chart Types': choosing	"{""source"": ""concept_extraction"", ""source_concept"": ""CHART_TYPES"", ""extracted_at"": ""2026-08-03T11:55:45.103197""}"	2026-08-03T11:55:45.103199	2026-08-03T11:55:45.103200	"[""CHART_TYPES""]"
KW_APPROPRIATE	appropriate	Keyword extracted from concept 'Choosing Appropriate Chart Types': appropriate	"{""source"": ""concept_extraction"", ""source_concept"": ""CHART_TYPES"", ""extracted_at"": ""2026-08-03T11:55:45.103202""}"	2026-08-03T11:55:45.103204	2026-08-03T11:55:45.103205	"[""CHART_TYPES""]"
KW_GRAPHS	graphs	Keyword extracted from concept 'Choosing Appropriate Chart Types': graphs	"{""source"": ""concept_extraction"", ""source_concept"": ""CHART_TYPES"", ""extracted_at"": ""2026-08-03T11:55:45.103207""}"	2026-08-03T11:55:45.103211	2026-08-03T11:55:45.103212	"[""CHART_TYPES""]"
KW_CHARTS	charts	Keyword extracted from concept 'Choosing Appropriate Chart Types': charts	"{""source"": ""concept_extraction"", ""source_concept"": ""CHART_TYPES"", ""extracted_at"": ""2026-08-03T11:55:45.103219""}"	2026-08-03T11:55:45.103222	2026-08-03T11:55:45.103222	"[""CHART_TYPES""]"
KW_SERVICES	services	Keyword extracted from concept 'Cloud Service Models': services	"{""source"": ""concept_extraction"", ""source_concept"": ""CLOUD_MODELS_IAAS_PAAS_SAAS"", ""extracted_at"": ""2026-08-03T11:55:45.103231""}"	2026-08-03T11:55:45.103233	2026-08-03T11:55:45.103234	"[""CLOUD_MODELS_IAAS_PAAS_SAAS""]"
KW_SERVICE	service	Keyword extracted from concept 'Cloud Service Models': service	"{""source"": ""concept_extraction"", ""source_concept"": ""CLOUD_MODELS_IAAS_PAAS_SAAS"", ""extracted_at"": ""2026-08-03T11:55:45.103236""}"	2026-08-03T11:55:45.103238	2026-08-03T11:55:45.103239	"[""CLOUD_MODELS_IAAS_PAAS_SAAS""]"
KW_MODELS	models	Keyword extracted from concept 'Cloud Service Models': models	"{""source"": ""concept_extraction"", ""source_concept"": ""CLOUD_MODELS_IAAS_PAAS_SAAS"", ""extracted_at"": ""2026-08-03T11:55:45.103241""}"	2026-08-03T11:55:45.103243	2026-08-03T11:55:45.103244	"[""CLOUD_MODELS_IAAS_PAAS_SAAS""]"
KW_CLOUD	cloud	Keyword extracted from concept 'Cloud Service Models': cloud	"{""source"": ""concept_extraction"", ""source_concept"": ""CLOUD_MODELS_IAAS_PAAS_SAAS"", ""extracted_at"": ""2026-08-03T11:55:45.103245""}"	2026-08-03T11:55:45.103248	2026-08-03T11:55:45.103248	"[""CLOUD_MODELS_IAAS_PAAS_SAAS""]"
KW_KHAI	khai	Keyword extracted from concept 'Cloud Deployment Models': khai	"{""source"": ""concept_extraction"", ""source_concept"": ""CLOUD_DEPLOYMENT_MODELS"", ""extracted_at"": ""2026-08-03T11:55:45.103260""}"	2026-08-03T11:55:45.103263	2026-08-03T11:55:45.103263	"[""CLOUD_DEPLOYMENT_MODELS""]"
KW_DEPLOYMENT	deployment	Keyword extracted from concept 'Cloud Deployment Models': deployment	"{""source"": ""concept_extraction"", ""source_concept"": ""CLOUD_DEPLOYMENT_MODELS"", ""extracted_at"": ""2026-08-03T11:55:45.103270""}"	2026-08-03T11:55:45.103272	2026-08-03T11:55:45.103273	"[""CLOUD_DEPLOYMENT_MODELS""]"
KW_HYBRID	hybrid	Keyword extracted from concept 'Cloud Deployment Models': hybrid	"{""source"": ""concept_extraction"", ""source_concept"": ""CLOUD_DEPLOYMENT_MODELS"", ""extracted_at"": ""2026-08-03T11:55:45.103274""}"	2026-08-03T11:55:45.103277	2026-08-03T11:55:45.103277	"[""CLOUD_DEPLOYMENT_MODELS""]"
KW_VIRTUALIZATION	virtualization	Keyword extracted from concept 'Virtualization Concept': virtualization	"{""source"": ""concept_extraction"", ""source_concept"": ""VIRTUALIZATION"", ""extracted_at"": ""2026-08-03T11:55:45.103285""}"	2026-08-03T11:55:45.103287	2026-08-03T11:55:45.103288	"[""VIRTUALIZATION""]"
KW_HYPERVISOR	hypervisor	Keyword extracted from concept 'Virtualization Concept': hypervisor	"{""source"": ""concept_extraction"", ""source_concept"": ""VIRTUALIZATION"", ""extracted_at"": ""2026-08-03T11:55:45.103294""}"	2026-08-03T11:55:45.103297	2026-08-03T11:55:45.103297	"[""VIRTUALIZATION""]"
KW_PROCESSING	processing	Keyword extracted from concept 'MapReduce Concept': processing	"{""source"": ""concept_extraction"", ""source_concept"": ""MAPREDUCE_CONCEPT"", ""extracted_at"": ""2026-08-03T11:55:45.103300""}"	2026-08-03T11:55:45.103302	2026-08-03T11:55:45.103303	"[""MAPREDUCE_CONCEPT""]"
KW_BIG	big	Keyword extracted from concept 'MapReduce Concept': big	"{""source"": ""concept_extraction"", ""source_concept"": ""MAPREDUCE_CONCEPT"", ""extracted_at"": ""2026-08-03T11:55:45.103310""}"	2026-08-03T11:55:45.103312	2026-08-03T11:55:45.103312	"[""MAPREDUCE_CONCEPT""]"
KW_SONG	song	Keyword extracted from concept 'MapReduce Concept': song	"{""source"": ""concept_extraction"", ""source_concept"": ""MAPREDUCE_CONCEPT"", ""extracted_at"": ""2026-08-03T11:55:45.103319""}"	2026-08-03T11:55:45.103321	2026-08-03T11:55:45.103322	"[""MAPREDUCE_CONCEPT""]"
KW_DISTRIBUTED	distributed	Keyword extracted from concept 'MapReduce Concept': distributed	"{""source"": ""concept_extraction"", ""source_concept"": ""MAPREDUCE_CONCEPT"", ""extracted_at"": ""2026-08-03T11:55:45.103324""}"	2026-08-03T11:55:45.103326	2026-08-03T11:55:45.103327	"[""MAPREDUCE_CONCEPT""]"
KW_REDUCE	reduce	Keyword extracted from concept 'MapReduce Concept': reduce	"{""source"": ""concept_extraction"", ""source_concept"": ""MAPREDUCE_CONCEPT"", ""extracted_at"": ""2026-08-03T11:55:45.103328""}"	2026-08-03T11:55:45.103331	2026-08-03T11:55:45.103331	"[""MAPREDUCE_CONCEPT""]"
KW_TOLERANCE	tolerance	Keyword extracted from concept 'CAP Theorem': tolerance	"{""source"": ""concept_extraction"", ""source_concept"": ""CAP_THEOREM"", ""extracted_at"": ""2026-08-03T11:55:45.103334""}"	2026-08-03T11:55:45.103336	2026-08-03T11:55:45.103337	"[""CAP_THEOREM""]"
KW_AVAILABILITY	availability	Keyword extracted from concept 'CAP Theorem': availability	"{""source"": ""concept_extraction"", ""source_concept"": ""CAP_THEOREM"", ""extracted_at"": ""2026-08-03T11:55:45.103339""}"	2026-08-03T11:55:45.103341	2026-08-03T11:55:45.103342	"[""CAP_THEOREM""]"
KW_CONSISTENCY	consistency	Keyword extracted from concept 'CAP Theorem': consistency	"{""source"": ""concept_extraction"", ""source_concept"": ""CAP_THEOREM"", ""extracted_at"": ""2026-08-03T11:55:45.103348""}"	2026-08-03T11:55:45.103351	2026-08-03T11:55:45.103351	"[""CAP_THEOREM""]"
KW_PARTITION	partition	Keyword extracted from concept 'CAP Theorem': partition	"{""source"": ""concept_extraction"", ""source_concept"": ""CAP_THEOREM"", ""extracted_at"": ""2026-08-03T11:55:45.103358""}"	2026-08-03T11:55:45.103361	2026-08-03T11:55:45.103361	"[""CAP_THEOREM""]"
KW_SYSTEMS	systems	Keyword extracted from concept 'CAP Theorem': systems	"{""source"": ""concept_extraction"", ""source_concept"": ""CAP_THEOREM"", ""extracted_at"": ""2026-08-03T11:55:45.103363""}"	2026-08-03T11:55:45.103365	2026-08-03T11:55:45.103366	"[""CAP_THEOREM""]"
KW_THEOREM	theorem	Keyword extracted from concept 'CAP Theorem': theorem	"{""source"": ""concept_extraction"", ""source_concept"": ""CAP_THEOREM"", ""extracted_at"": ""2026-08-03T11:55:45.103368""}"	2026-08-03T11:55:45.103370	2026-08-03T11:55:45.103371	"[""CAP_THEOREM""]"
KW_SUPERVISED	supervised	Keyword extracted from concept 'Regression vs. Classification': supervised	"{""source"": ""concept_extraction"", ""source_concept"": ""REGRESSION_CLASSIFICATION"", ""extracted_at"": ""2026-08-03T11:55:45.103378""}"	2026-08-03T11:55:45.103380	2026-08-03T11:55:45.103381	"[""REGRESSION_CLASSIFICATION""]"
KW_CLASSIFICATION	classification	Keyword extracted from concept 'Regression vs. Classification': classification	"{""source"": ""concept_extraction"", ""source_concept"": ""REGRESSION_CLASSIFICATION"", ""extracted_at"": ""2026-08-03T11:55:45.103383""}"	2026-08-03T11:55:45.103386	2026-08-03T11:55:45.103386	"[""REGRESSION_CLASSIFICATION""]"
KW_LEARNING	learning	Keyword extracted from concept 'Regression vs. Classification': learning	"{""source"": ""concept_extraction"", ""source_concept"": ""REGRESSION_CLASSIFICATION"", ""extracted_at"": ""2026-08-03T11:55:45.103388""}"	2026-08-03T11:55:45.103390	2026-08-03T11:55:45.103391	"[""REGRESSION_CLASSIFICATION""]"
KW_REGRESSION	regression	Keyword extracted from concept 'Regression vs. Classification': regression	"{""source"": ""concept_extraction"", ""source_concept"": ""REGRESSION_CLASSIFICATION"", ""extracted_at"": ""2026-08-03T11:55:45.103393""}"	2026-08-03T11:55:45.103395	2026-08-03T11:55:45.103396	"[""REGRESSION_CLASSIFICATION""]"
KW_CLUSTERING	clustering	Keyword extracted from concept 'Clustering Algorithms': clustering	"{""source"": ""concept_extraction"", ""source_concept"": ""CLUSTERING_ALGORITHMS"", ""extracted_at"": ""2026-08-03T11:55:45.103403""}"	2026-08-03T11:55:45.103405	2026-08-03T11:55:45.103406	"[""CLUSTERING_ALGORITHMS""]"
KW_MEANS	means	Keyword extracted from concept 'Clustering Algorithms': means	"{""source"": ""concept_extraction"", ""source_concept"": ""CLUSTERING_ALGORITHMS"", ""extracted_at"": ""2026-08-03T11:55:45.103408""}"	2026-08-03T11:55:45.103410	2026-08-03T11:55:45.103411	"[""CLUSTERING_ALGORITHMS""]"
KW_UNSUPERVISED	unsupervised	Keyword extracted from concept 'Clustering Algorithms': unsupervised	"{""source"": ""concept_extraction"", ""source_concept"": ""CLUSTERING_ALGORITHMS"", ""extracted_at"": ""2026-08-03T11:55:45.103413""}"	2026-08-03T11:55:45.103415	2026-08-03T11:55:45.103416	"[""CLUSTERING_ALGORITHMS""]"
KW_NEURAL	neural	Keyword extracted from concept 'Neural Networks Basics': neural	"{""source"": ""concept_extraction"", ""source_concept"": ""NEURAL_NETWORKS_BASICS"", ""extracted_at"": ""2026-08-03T11:55:45.103433""}"	2026-08-03T11:55:45.103436	2026-08-03T11:55:45.103437	"[""NEURAL_NETWORKS_BASICS""]"
KW_NETWORKS	networks	Keyword extracted from concept 'Neural Networks Basics': networks	"{""source"": ""concept_extraction"", ""source_concept"": ""NEURAL_NETWORKS_BASICS"", ""extracted_at"": ""2026-08-03T11:55:45.103439""}"	2026-08-03T11:55:45.103441	2026-08-03T11:55:45.103442	"[""NEURAL_NETWORKS_BASICS""]"
KW_LAYER	layer	Keyword extracted from concept 'Neural Networks Basics': layer	"{""source"": ""concept_extraction"", ""source_concept"": ""NEURAL_NETWORKS_BASICS"", ""extracted_at"": ""2026-08-03T11:55:45.103444""}"	2026-08-03T11:55:45.103446	2026-08-03T11:55:45.103447	"[""NEURAL_NETWORKS_BASICS""]"
KW_ACTIVATION	activation	Keyword extracted from concept 'Neural Networks Basics': activation	"{""source"": ""concept_extraction"", ""source_concept"": ""NEURAL_NETWORKS_BASICS"", ""extracted_at"": ""2026-08-03T11:55:45.103453""}"	2026-08-03T11:55:45.103455	2026-08-03T11:55:45.103456	"[""NEURAL_NETWORKS_BASICS""]"
KW_NEURON	neuron	Keyword extracted from concept 'Neural Networks Basics': neuron	"{""source"": ""concept_extraction"", ""source_concept"": ""NEURAL_NETWORKS_BASICS"", ""extracted_at"": ""2026-08-03T11:55:45.103458""}"	2026-08-03T11:55:45.103460	2026-08-03T11:55:45.103461	"[""NEURAL_NETWORKS_BASICS""]"
KW_HISTORY	history	Keyword extracted from concept 'History and Milestones of AI': history	"{""source"": ""concept_extraction"", ""source_concept"": ""AI_HISTORY_MILESTONES"", ""extracted_at"": ""2026-08-03T11:55:45.103468""}"	2026-08-03T11:55:45.103470	2026-08-03T11:55:45.103471	"[""AI_HISTORY_MILESTONES""]"
KW_MILESTONES	milestones	Keyword extracted from concept 'History and Milestones of AI': milestones	"{""source"": ""concept_extraction"", ""source_concept"": ""AI_HISTORY_MILESTONES"", ""extracted_at"": ""2026-08-03T11:55:45.103473""}"	2026-08-03T11:55:45.103475	2026-08-03T11:55:45.103476	"[""AI_HISTORY_MILESTONES""]"
KW_DEEP	deep	Keyword extracted from concept 'History and Milestones of AI': deep	"{""source"": ""concept_extraction"", ""source_concept"": ""AI_HISTORY_MILESTONES"", ""extracted_at"": ""2026-08-03T11:55:45.103482""}"	2026-08-03T11:55:45.103486	2026-08-03T11:55:45.103487	"[""AI_HISTORY_MILESTONES""]"
KW_TURING	turing	Keyword extracted from concept 'History and Milestones of AI': turing	"{""source"": ""concept_extraction"", ""source_concept"": ""AI_HISTORY_MILESTONES"", ""extracted_at"": ""2026-08-03T11:55:45.103493""}"	2026-08-03T11:55:45.103495	2026-08-03T11:55:45.103496	"[""AI_HISTORY_MILESTONES""]"
KW_STRONG	strong	Keyword extracted from concept 'Types of AI: Narrow vs. General': strong	"{""source"": ""concept_extraction"", ""source_concept"": ""TYPES_OF_AI"", ""extracted_at"": ""2026-08-03T11:55:45.103509""}"	2026-08-03T11:55:45.103512	2026-08-03T11:55:45.103512	"[""TYPES_OF_AI""]"
KW_NARROW	narrow	Keyword extracted from concept 'Types of AI: Narrow vs. General': narrow	"{""source"": ""concept_extraction"", ""source_concept"": ""TYPES_OF_AI"", ""extracted_at"": ""2026-08-03T11:55:45.103519""}"	2026-08-03T11:55:45.103521	2026-08-03T11:55:45.103522	"[""TYPES_OF_AI""]"
KW_GENERAL	general	Keyword extracted from concept 'Types of AI: Narrow vs. General': general	"{""source"": ""concept_extraction"", ""source_concept"": ""TYPES_OF_AI"", ""extracted_at"": ""2026-08-03T11:55:45.103523""}"	2026-08-03T11:55:45.103526	2026-08-03T11:55:45.103526	"[""TYPES_OF_AI""]"
KW_STATE	state	Keyword extracted from concept 'Reinforcement Learning Basics': state	"{""source"": ""concept_extraction"", ""source_concept"": ""REINFORCEMENT_LEARNING_BASICS"", ""extracted_at"": ""2026-08-03T11:55:45.103529""}"	2026-08-03T11:55:45.103531	2026-08-03T11:55:45.103532	"[""REINFORCEMENT_LEARNING_BASICS""]"
KW_REWARD	reward	Keyword extracted from concept 'Reinforcement Learning Basics': reward	"{""source"": ""concept_extraction"", ""source_concept"": ""REINFORCEMENT_LEARNING_BASICS"", ""extracted_at"": ""2026-08-03T11:55:45.103535""}"	2026-08-03T11:55:45.103537	2026-08-03T11:55:45.103538	"[""REINFORCEMENT_LEARNING_BASICS""]"
KW_REINFORCEMENT	reinforcement	Keyword extracted from concept 'Reinforcement Learning Basics': reinforcement	"{""source"": ""concept_extraction"", ""source_concept"": ""REINFORCEMENT_LEARNING_BASICS"", ""extracted_at"": ""2026-08-03T11:55:45.103540""}"	2026-08-03T11:55:45.103543	2026-08-03T11:55:45.103543	"[""REINFORCEMENT_LEARNING_BASICS""]"
KW_AGENT	agent	Keyword extracted from concept 'Reinforcement Learning Basics': agent	"{""source"": ""concept_extraction"", ""source_concept"": ""REINFORCEMENT_LEARNING_BASICS"", ""extracted_at"": ""2026-08-03T11:55:45.103550""}"	2026-08-03T11:55:45.103552	2026-08-03T11:55:45.103553	"[""REINFORCEMENT_LEARNING_BASICS""]"
KW_ACTION	action	Keyword extracted from concept 'Reinforcement Learning Basics': action	"{""source"": ""concept_extraction"", ""source_concept"": ""REINFORCEMENT_LEARNING_BASICS"", ""extracted_at"": ""2026-08-03T11:55:45.103555""}"	2026-08-03T11:55:45.103557	2026-08-03T11:55:45.103558	"[""REINFORCEMENT_LEARNING_BASICS""]"
KW_ENVIRONMENT	environment	Keyword extracted from concept 'Reinforcement Learning Basics': environment	"{""source"": ""concept_extraction"", ""source_concept"": ""REINFORCEMENT_LEARNING_BASICS"", ""extracted_at"": ""2026-08-03T11:55:45.103559""}"	2026-08-03T11:55:45.103562	2026-08-03T11:55:45.103562	"[""REINFORCEMENT_LEARNING_BASICS""]"
KW_TRAINING	training	Keyword extracted from concept 'Bias in AI': training	"{""source"": ""concept_extraction"", ""source_concept"": ""AI_BIAS"", ""extracted_at"": ""2026-08-03T11:55:45.103570""}"	2026-08-03T11:55:45.103572	2026-08-03T11:55:45.103573	"[""AI_BIAS""]"
KW_FAIRNESS	fairness	Keyword extracted from concept 'Bias in AI': fairness	"{""source"": ""concept_extraction"", ""source_concept"": ""AI_BIAS"", ""extracted_at"": ""2026-08-03T11:55:45.103584""}"	2026-08-03T11:55:45.103586	2026-08-03T11:55:45.103587	"[""AI_BIAS""]"
KW_ETHICS	ethics	Keyword extracted from concept 'Bias in AI': ethics	"{""source"": ""concept_extraction"", ""source_concept"": ""AI_BIAS"", ""extracted_at"": ""2026-08-03T11:55:45.103589""}"	2026-08-03T11:55:45.103591	2026-08-03T11:55:45.103592	"[""AI_BIAS""]"
KW_BIAS	bias	Keyword extracted from concept 'Bias in AI': bias	"{""source"": ""concept_extraction"", ""source_concept"": ""AI_BIAS"", ""extracted_at"": ""2026-08-03T11:55:45.103593""}"	2026-08-03T11:55:45.103595	2026-08-03T11:55:45.103596	"[""AI_BIAS""]"
KW_SOCIETAL	societal	Keyword extracted from concept 'Algorithmic Bias in Society': societal	"{""source"": ""concept_extraction"", ""source_concept"": ""ALGORITHMIC_BIAS_SOCIETY"", ""extracted_at"": ""2026-08-03T11:55:45.103604""}"	2026-08-03T11:55:45.103606	2026-08-03T11:55:45.103607	"[""ALGORITHMIC_BIAS_SOCIETY""]"
KW_ALGORITHMIC	algorithmic	Keyword extracted from concept 'Algorithmic Bias in Society': algorithmic	"{""source"": ""concept_extraction"", ""source_concept"": ""ALGORITHMIC_BIAS_SOCIETY"", ""extracted_at"": ""2026-08-03T11:55:45.103608""}"	2026-08-03T11:55:45.103611	2026-08-03T11:55:45.103611	"[""ALGORITHMIC_BIAS_SOCIETY""]"
KW_SOCIETY	society	Keyword extracted from concept 'Algorithmic Bias in Society': society	"{""source"": ""concept_extraction"", ""source_concept"": ""ALGORITHMIC_BIAS_SOCIETY"", ""extracted_at"": ""2026-08-03T11:55:45.103613""}"	2026-08-03T11:55:45.103615	2026-08-03T11:55:45.103616	"[""ALGORITHMIC_BIAS_SOCIETY""]"
KW_IMPACT	impact	Keyword extracted from concept 'Algorithmic Bias in Society': impact	"{""source"": ""concept_extraction"", ""source_concept"": ""ALGORITHMIC_BIAS_SOCIETY"", ""extracted_at"": ""2026-08-03T11:55:45.103632""}"	2026-08-03T11:55:45.103635	2026-08-03T11:55:45.103635	"[""ALGORITHMIC_BIAS_SOCIETY""]"
KW_SUBSCRIBE	subscribe	Keyword extracted from concept 'IoT Messaging Protocols (MQTT)': subscribe	"{""source"": ""concept_extraction"", ""source_concept"": ""IOT_PROTOCOLS_MQTT_CONCEPT"", ""extracted_at"": ""2026-08-03T11:55:45.103638""}"	2026-08-03T11:55:45.103640	2026-08-03T11:55:45.103641	"[""IOT_PROTOCOLS_MQTT_CONCEPT""]"
KW_PROTOCOLS	protocols	Keyword extracted from concept 'IoT Messaging Protocols (MQTT)': protocols	"{""source"": ""concept_extraction"", ""source_concept"": ""IOT_PROTOCOLS_MQTT_CONCEPT"", ""extracted_at"": ""2026-08-03T11:55:45.103643""}"	2026-08-03T11:55:45.103645	2026-08-03T11:55:45.103646	"[""IOT_PROTOCOLS_MQTT_CONCEPT""]"
KW_THEO	theo	Keyword extracted from concept 'IoT Messaging Protocols (MQTT)': theo	"{""source"": ""concept_extraction"", ""source_concept"": ""IOT_PROTOCOLS_MQTT_CONCEPT"", ""extracted_at"": ""2026-08-03T11:55:45.103647""}"	2026-08-03T11:55:45.103650	2026-08-03T11:55:45.103650	"[""IOT_PROTOCOLS_MQTT_CONCEPT""]"
KW_MESSAGING	messaging	Keyword extracted from concept 'IoT Messaging Protocols (MQTT)': messaging	"{""source"": ""concept_extraction"", ""source_concept"": ""IOT_PROTOCOLS_MQTT_CONCEPT"", ""extracted_at"": ""2026-08-03T11:55:45.103652""}"	2026-08-03T11:55:45.103656	2026-08-03T11:55:45.103657	"[""IOT_PROTOCOLS_MQTT_CONCEPT""]"
KW_PUBLISH	publish	Keyword extracted from concept 'IoT Messaging Protocols (MQTT)': publish	"{""source"": ""concept_extraction"", ""source_concept"": ""IOT_PROTOCOLS_MQTT_CONCEPT"", ""extracted_at"": ""2026-08-03T11:55:45.103663""}"	2026-08-03T11:55:45.103666	2026-08-03T11:55:45.103666	"[""IOT_PROTOCOLS_MQTT_CONCEPT""]"
KW_BOTNET	botnet	Keyword extracted from concept 'Common IoT Security Threats': botnet	"{""source"": ""concept_extraction"", ""source_concept"": ""IOT_SECURITY_THREATS"", ""extracted_at"": ""2026-08-03T11:55:45.103669""}"	2026-08-03T11:55:45.103671	2026-08-03T11:55:45.103672	"[""IOT_SECURITY_THREATS""]"
KW_THREATS	threats	Keyword extracted from concept 'Common IoT Security Threats': threats	"{""source"": ""concept_extraction"", ""source_concept"": ""IOT_SECURITY_THREATS"", ""extracted_at"": ""2026-08-03T11:55:45.103674""}"	2026-08-03T11:55:45.103676	2026-08-03T11:55:45.103677	"[""IOT_SECURITY_THREATS""]"
KW_SECURITY	security	Keyword extracted from concept 'Common IoT Security Threats': security	"{""source"": ""concept_extraction"", ""source_concept"": ""IOT_SECURITY_THREATS"", ""extracted_at"": ""2026-08-03T11:55:45.103678""}"	2026-08-03T11:55:45.103680	2026-08-03T11:55:45.103681	"[""IOT_SECURITY_THREATS""]"
KW_COMMON	common	Keyword extracted from concept 'Common IoT Security Threats': common	"{""source"": ""concept_extraction"", ""source_concept"": ""IOT_SECURITY_THREATS"", ""extracted_at"": ""2026-08-03T11:55:45.103683""}"	2026-08-03T11:55:45.103685	2026-08-03T11:55:45.103686	"[""IOT_SECURITY_THREATS""]"
KW_FIRMWARE	firmware	Keyword extracted from concept 'Common IoT Security Threats': firmware	"{""source"": ""concept_extraction"", ""source_concept"": ""IOT_SECURITY_THREATS"", ""extracted_at"": ""2026-08-03T11:55:45.103692""}"	2026-08-03T11:55:45.103694	2026-08-03T11:55:45.103695	"[""IOT_SECURITY_THREATS""]"
KW_MINH	minh	Keyword extracted from concept 'IoT Safety Risks': minh	"{""source"": ""concept_extraction"", ""source_concept"": ""IOT_SAFETY_RISKS"", ""extracted_at"": ""2026-08-03T11:55:45.103698""}"	2026-08-03T11:55:45.103700	2026-08-03T11:55:45.103701	"[""IOT_SAFETY_RISKS""]"
KW_RISKS	risks	Keyword extracted from concept 'IoT Safety Risks': risks	"{""source"": ""concept_extraction"", ""source_concept"": ""IOT_SAFETY_RISKS"", ""extracted_at"": ""2026-08-03T11:55:45.103703""}"	2026-08-03T11:55:45.103705	2026-08-03T11:55:45.103706	"[""IOT_SAFETY_RISKS""]"
KW_SAFETY	safety	Keyword extracted from concept 'IoT Safety Risks': safety	"{""source"": ""concept_extraction"", ""source_concept"": ""IOT_SAFETY_RISKS"", ""extracted_at"": ""2026-08-03T11:55:45.103722""}"	2026-08-03T11:55:45.103725	2026-08-03T11:55:45.103726	"[""IOT_SAFETY_RISKS""]"
KW_CRITICAL	critical	Keyword extracted from concept 'IoT Safety Risks': critical	"{""source"": ""concept_extraction"", ""source_concept"": ""IOT_SAFETY_RISKS"", ""extracted_at"": ""2026-08-03T11:55:45.103728""}"	2026-08-03T11:55:45.103731	2026-08-03T11:55:45.103731	"[""IOT_SAFETY_RISKS""]"
KW_RISK	risk	Keyword extracted from concept 'IoT Safety Risks': risk	"{""source"": ""concept_extraction"", ""source_concept"": ""IOT_SAFETY_RISKS"", ""extracted_at"": ""2026-08-03T11:55:45.103734""}"	2026-08-03T11:55:45.103737	2026-08-03T11:55:45.103737	"[""IOT_SAFETY_RISKS""]"
KW_FRAGMENT	fragment	Keyword extracted from concept 'Graphics Rendering Pipeline': fragment	"{""source"": ""concept_extraction"", ""source_concept"": ""RENDERING_PIPELINE"", ""extracted_at"": ""2026-08-03T11:55:45.103740""}"	2026-08-03T11:55:45.103743	2026-08-03T11:55:45.103743	"[""RENDERING_PIPELINE""]"
KW_RENDERING	rendering	Keyword extracted from concept 'Graphics Rendering Pipeline': rendering	"{""source"": ""concept_extraction"", ""source_concept"": ""RENDERING_PIPELINE"", ""extracted_at"": ""2026-08-03T11:55:45.103750""}"	2026-08-03T11:55:45.103753	2026-08-03T11:55:45.103753	"[""RENDERING_PIPELINE""]"
KW_VERTEX	vertex	Keyword extracted from concept 'Graphics Rendering Pipeline': vertex	"{""source"": ""concept_extraction"", ""source_concept"": ""RENDERING_PIPELINE"", ""extracted_at"": ""2026-08-03T11:55:45.103755""}"	2026-08-03T11:55:45.103757	2026-08-03T11:55:45.103758	"[""RENDERING_PIPELINE""]"
KW_PIPELINE	pipeline	Keyword extracted from concept 'Graphics Rendering Pipeline': pipeline	"{""source"": ""concept_extraction"", ""source_concept"": ""RENDERING_PIPELINE"", ""extracted_at"": ""2026-08-03T11:55:45.103760""}"	2026-08-03T11:55:45.103762	2026-08-03T11:55:45.103763	"[""RENDERING_PIPELINE""]"
KW_GRAPHICS	graphics	Keyword extracted from concept 'Graphics Rendering Pipeline': graphics	"{""source"": ""concept_extraction"", ""source_concept"": ""RENDERING_PIPELINE"", ""extracted_at"": ""2026-08-03T11:55:45.103765""}"	2026-08-03T11:55:45.103767	2026-08-03T11:55:45.103768	"[""RENDERING_PIPELINE""]"
KW_GIAI	giai	Keyword extracted from concept 'Graphics Rendering Pipeline': giai	"{""source"": ""concept_extraction"", ""source_concept"": ""RENDERING_PIPELINE"", ""extracted_at"": ""2026-08-03T11:55:45.103769""}"	2026-08-03T11:55:45.103772	2026-08-03T11:55:45.103772	"[""RENDERING_PIPELINE""]"
KW_SHADER	shader	Keyword extracted from concept 'Graphics Rendering Pipeline': shader	"{""source"": ""concept_extraction"", ""source_concept"": ""RENDERING_PIPELINE"", ""extracted_at"": ""2026-08-03T11:55:45.103774""}"	2026-08-03T11:55:45.103776	2026-08-03T11:55:45.103777	"[""RENDERING_PIPELINE""]"
KW_PIXEL	pixel	Keyword extracted from concept 'Graphics Rendering Pipeline': pixel	"{""source"": ""concept_extraction"", ""source_concept"": ""RENDERING_PIPELINE"", ""extracted_at"": ""2026-08-03T11:55:45.103779""}"	2026-08-03T11:55:45.103781	2026-08-03T11:55:45.103782	"[""RENDERING_PIPELINE""]"
KW_SIMULATION	simulation	Keyword extracted from concept 'Simulation Modeling': simulation	"{""source"": ""concept_extraction"", ""source_concept"": ""SIMULATION_MODELING"", ""extracted_at"": ""2026-08-03T11:55:45.103785""}"	2026-08-03T11:55:45.103787	2026-08-03T11:55:45.103788	"[""SIMULATION_MODELING""]"
KW_ENGINE	engine	Keyword extracted from concept 'Simulation Modeling': engine	"{""source"": ""concept_extraction"", ""source_concept"": ""SIMULATION_MODELING"", ""extracted_at"": ""2026-08-03T11:55:45.103795""}"	2026-08-03T11:55:45.103797	2026-08-03T11:55:45.103798	"[""SIMULATION_MODELING""]"
KW_PHYSICS	physics	Keyword extracted from concept 'Simulation Modeling': physics	"{""source"": ""concept_extraction"", ""source_concept"": ""SIMULATION_MODELING"", ""extracted_at"": ""2026-08-03T11:55:45.103799""}"	2026-08-03T11:55:45.103802	2026-08-03T11:55:45.103802	"[""SIMULATION_MODELING""]"
KW_MODELING	modeling	Keyword extracted from concept 'Simulation Modeling': modeling	"{""source"": ""concept_extraction"", ""source_concept"": ""SIMULATION_MODELING"", ""extracted_at"": ""2026-08-03T11:55:45.103804""}"	2026-08-03T11:55:45.103806	2026-08-03T11:55:45.103807	"[""SIMULATION_MODELING""]"
KW_TRANSLATION	translation	Keyword extracted from concept '2D/3D Geometric Transformations': translation	"{""source"": ""concept_extraction"", ""source_concept"": ""2D_3D_TRANSFORMATIONS_MATH"", ""extracted_at"": ""2026-08-03T11:55:45.103810""}"	2026-08-03T11:55:45.103812	2026-08-03T11:55:45.103813	"[""2D_3D_TRANSFORMATIONS_MATH""]"
KW_MATRIX	matrix	Keyword extracted from concept '2D/3D Geometric Transformations': matrix	"{""source"": ""concept_extraction"", ""source_concept"": ""2D_3D_TRANSFORMATIONS_MATH"", ""extracted_at"": ""2026-08-03T11:55:45.103816""}"	2026-08-03T11:55:45.103819	2026-08-03T11:55:45.103819	"[""2D_3D_TRANSFORMATIONS_MATH""]"
KW_SCALING	scaling	Keyword extracted from concept '2D/3D Geometric Transformations': scaling	"{""source"": ""concept_extraction"", ""source_concept"": ""2D_3D_TRANSFORMATIONS_MATH"", ""extracted_at"": ""2026-08-03T11:55:45.103821""}"	2026-08-03T11:55:45.103824	2026-08-03T11:55:45.103824	"[""2D_3D_TRANSFORMATIONS_MATH""]"
KW_QUAY	quay	Keyword extracted from concept '2D/3D Geometric Transformations': quay	"{""source"": ""concept_extraction"", ""source_concept"": ""2D_3D_TRANSFORMATIONS_MATH"", ""extracted_at"": ""2026-08-03T11:55:45.103826""}"	2026-08-03T11:55:45.103828	2026-08-03T11:55:45.103829	"[""2D_3D_TRANSFORMATIONS_MATH""]"
KW_ROTATION	rotation	Keyword extracted from concept '2D/3D Geometric Transformations': rotation	"{""source"": ""concept_extraction"", ""source_concept"": ""2D_3D_TRANSFORMATIONS_MATH"", ""extracted_at"": ""2026-08-03T11:55:45.103831""}"	2026-08-03T11:55:45.103833	2026-08-03T11:55:45.103834	"[""2D_3D_TRANSFORMATIONS_MATH""]"
KW_TRANSFORMATIONS	transformations	Keyword extracted from concept '2D/3D Geometric Transformations': transformations	"{""source"": ""concept_extraction"", ""source_concept"": ""2D_3D_TRANSFORMATIONS_MATH"", ""extracted_at"": ""2026-08-03T11:55:45.103836""}"	2026-08-03T11:55:45.103839	2026-08-03T11:55:45.103839	"[""2D_3D_TRANSFORMATIONS_MATH""]"
KW_GEOMETRIC	geometric	Keyword extracted from concept '2D/3D Geometric Transformations': geometric	"{""source"": ""concept_extraction"", ""source_concept"": ""2D_3D_TRANSFORMATIONS_MATH"", ""extracted_at"": ""2026-08-03T11:55:45.103842""}"	2026-08-03T11:55:45.103844	2026-08-03T11:55:45.103845	"[""2D_3D_TRANSFORMATIONS_MATH""]"
KW_CENTERED	centered	Keyword extracted from concept 'User-Centered Design Process': centered	"{""source"": ""concept_extraction"", ""source_concept"": ""USER_CENTERED_DESIGN"", ""extracted_at"": ""2026-08-03T11:55:45.103847""}"	2026-08-03T11:55:45.103850	2026-08-03T11:55:45.103850	"[""USER_CENTERED_DESIGN""]"
KW_USER	user	Keyword extracted from concept 'User-Centered Design Process': user	"{""source"": ""concept_extraction"", ""source_concept"": ""USER_CENTERED_DESIGN"", ""extracted_at"": ""2026-08-03T11:55:45.103852""}"	2026-08-03T11:55:45.103854	2026-08-03T11:55:45.103855	"[""USER_CENTERED_DESIGN""]"
KW_TRUNG	trung	Keyword extracted from concept 'User-Centered Design Process': trung	"{""source"": ""concept_extraction"", ""source_concept"": ""USER_CENTERED_DESIGN"", ""extracted_at"": ""2026-08-03T11:55:45.103857""}"	2026-08-03T11:55:45.103859	2026-08-03T11:55:45.103860	"[""USER_CENTERED_DESIGN""]"
KW_THINKING	thinking	Keyword extracted from concept 'User-Centered Design Process': thinking	"{""source"": ""concept_extraction"", ""source_concept"": ""USER_CENTERED_DESIGN"", ""extracted_at"": ""2026-08-03T11:55:45.103871""}"	2026-08-03T11:55:45.103873	2026-08-03T11:55:45.103874	"[""USER_CENTERED_DESIGN""]"
KW_PERSONA	persona	Keyword extracted from concept 'Personas and Scenarios': persona	"{""source"": ""concept_extraction"", ""source_concept"": ""PERSONAS_AND_SCENARIOS"", ""extracted_at"": ""2026-08-03T11:55:45.103881""}"	2026-08-03T11:55:45.103883	2026-08-03T11:55:45.103884	"[""PERSONAS_AND_SCENARIOS""]"
KW_SCENARIOS	scenarios	Keyword extracted from concept 'Personas and Scenarios': scenarios	"{""source"": ""concept_extraction"", ""source_concept"": ""PERSONAS_AND_SCENARIOS"", ""extracted_at"": ""2026-08-03T11:55:45.103886""}"	2026-08-03T11:55:45.103888	2026-08-03T11:55:45.103889	"[""PERSONAS_AND_SCENARIOS""]"
KW_STORY	story	Keyword extracted from concept 'Personas and Scenarios': story	"{""source"": ""concept_extraction"", ""source_concept"": ""PERSONAS_AND_SCENARIOS"", ""extracted_at"": ""2026-08-03T11:55:45.103891""}"	2026-08-03T11:55:45.103893	2026-08-03T11:55:45.103894	"[""PERSONAS_AND_SCENARIOS""]"
KW_SCENARIO	scenario	Keyword extracted from concept 'Personas and Scenarios': scenario	"{""source"": ""concept_extraction"", ""source_concept"": ""PERSONAS_AND_SCENARIOS"", ""extracted_at"": ""2026-08-03T11:55:45.103900""}"	2026-08-03T11:55:45.103902	2026-08-03T11:55:45.103903	"[""PERSONAS_AND_SCENARIOS""]"
KW_PERSONAS	personas	Keyword extracted from concept 'Personas and Scenarios': personas	"{""source"": ""concept_extraction"", ""source_concept"": ""PERSONAS_AND_SCENARIOS"", ""extracted_at"": ""2026-08-03T11:55:45.103905""}"	2026-08-03T11:55:45.103907	2026-08-03T11:55:45.103908	"[""PERSONAS_AND_SCENARIOS""]"
KW_AFFORDANCES	affordances	Keyword extracted from concept 'Affordances and Signifiers': affordances	"{""source"": ""concept_extraction"", ""source_concept"": ""AFFORDANCES_SIGNIFIERS"", ""extracted_at"": ""2026-08-03T11:55:45.103910""}"	2026-08-03T11:55:45.103913	2026-08-03T11:55:45.103913	"[""AFFORDANCES_SIGNIFIERS""]"
KW_SIGNIFIER	signifier	Keyword extracted from concept 'Affordances and Signifiers': signifier	"{""source"": ""concept_extraction"", ""source_concept"": ""AFFORDANCES_SIGNIFIERS"", ""extracted_at"": ""2026-08-03T11:55:45.103915""}"	2026-08-03T11:55:45.103917	2026-08-03T11:55:45.103918	"[""AFFORDANCES_SIGNIFIERS""]"
KW_SIGNIFIERS	signifiers	Keyword extracted from concept 'Affordances and Signifiers': signifiers	"{""source"": ""concept_extraction"", ""source_concept"": ""AFFORDANCES_SIGNIFIERS"", ""extracted_at"": ""2026-08-03T11:55:45.103920""}"	2026-08-03T11:55:45.103922	2026-08-03T11:55:45.103923	"[""AFFORDANCES_SIGNIFIERS""]"
KW_DISCOVERABILITY	discoverability	Keyword extracted from concept 'Affordances and Signifiers': discoverability	"{""source"": ""concept_extraction"", ""source_concept"": ""AFFORDANCES_SIGNIFIERS"", ""extracted_at"": ""2026-08-03T11:55:45.103925""}"	2026-08-03T11:55:45.103927	2026-08-03T11:55:45.103928	"[""AFFORDANCES_SIGNIFIERS""]"
KW_AFFORDANCE	affordance	Keyword extracted from concept 'Affordances and Signifiers': affordance	"{""source"": ""concept_extraction"", ""source_concept"": ""AFFORDANCES_SIGNIFIERS"", ""extracted_at"": ""2026-08-03T11:55:45.103930""}"	2026-08-03T11:55:45.103932	2026-08-03T11:55:45.103932	"[""AFFORDANCES_SIGNIFIERS""]"
KW_TIME	time	Keyword extracted from concept 'Feedback and System Response': time	"{""source"": ""concept_extraction"", ""source_concept"": ""FEEDBACK_AND_RESPONSE"", ""extracted_at"": ""2026-08-03T11:55:45.103940""}"	2026-08-03T11:55:45.103942	2026-08-03T11:55:45.103943	"[""FEEDBACK_AND_RESPONSE""]"
KW_NGAY	ngay	Keyword extracted from concept 'Feedback and System Response': ngay	"{""source"": ""concept_extraction"", ""source_concept"": ""FEEDBACK_AND_RESPONSE"", ""extracted_at"": ""2026-08-03T11:55:45.103944""}"	2026-08-03T11:55:45.103946	2026-08-03T11:55:45.103947	"[""FEEDBACK_AND_RESPONSE""]"
KW_FEEDBACK	feedback	Keyword extracted from concept 'Feedback and System Response': feedback	"{""source"": ""concept_extraction"", ""source_concept"": ""FEEDBACK_AND_RESPONSE"", ""extracted_at"": ""2026-08-03T11:55:45.103968""}"	2026-08-03T11:55:45.103970	2026-08-03T11:55:45.103971	"[""FEEDBACK_AND_RESPONSE""]"
KW_RESPONSE	response	Keyword extracted from concept 'Feedback and System Response': response	"{""source"": ""concept_extraction"", ""source_concept"": ""FEEDBACK_AND_RESPONSE"", ""extracted_at"": ""2026-08-03T11:55:45.103973""}"	2026-08-03T11:55:45.103975	2026-08-03T11:55:45.103975	"[""FEEDBACK_AND_RESPONSE""]"
KW_PROFILE	profile	Keyword extracted from concept 'Digital Identity Management': profile	"{""source"": ""concept_extraction"", ""source_concept"": ""DIGITAL_IDENTITY"", ""extracted_at"": ""2026-08-03T11:55:45.103983""}"	2026-08-03T11:55:45.103985	2026-08-03T11:55:45.103986	"[""DIGITAL_IDENTITY""]"
KW_IDENTITY	identity	Keyword extracted from concept 'Digital Identity Management': identity	"{""source"": ""concept_extraction"", ""source_concept"": ""DIGITAL_IDENTITY"", ""extracted_at"": ""2026-08-03T11:55:45.103988""}"	2026-08-03T11:55:45.103990	2026-08-03T11:55:45.103990	"[""DIGITAL_IDENTITY""]"
KW_REPUTATION	reputation	Keyword extracted from concept 'Digital Identity Management': reputation	"{""source"": ""concept_extraction"", ""source_concept"": ""DIGITAL_IDENTITY"", ""extracted_at"": ""2026-08-03T11:55:45.104006""}"	2026-08-03T11:55:45.104010	2026-08-03T11:55:45.104011	"[""DIGITAL_IDENTITY""]"
KW_ONLINE	online	Keyword extracted from concept 'Digital Identity Management': online	"{""source"": ""concept_extraction"", ""source_concept"": ""DIGITAL_IDENTITY"", ""extracted_at"": ""2026-08-03T11:55:45.104012""}"	2026-08-03T11:55:45.104015	2026-08-03T11:55:45.104015	"[""DIGITAL_IDENTITY""]"
KW_FACT	fact	Keyword extracted from concept 'Assessing Information Credibility': fact	"{""source"": ""concept_extraction"", ""source_concept"": ""INFORMATION_CREDIBILITY"", ""extracted_at"": ""2026-08-03T11:55:45.104023""}"	2026-08-03T11:55:45.104025	2026-08-03T11:55:45.104026	"[""INFORMATION_CREDIBILITY""]"
KW_ASSESSING	assessing	Keyword extracted from concept 'Assessing Information Credibility': assessing	"{""source"": ""concept_extraction"", ""source_concept"": ""INFORMATION_CREDIBILITY"", ""extracted_at"": ""2026-08-03T11:55:45.104027""}"	2026-08-03T11:55:45.104030	2026-08-03T11:55:45.104030	"[""INFORMATION_CREDIBILITY""]"
KW_CHECKING	checking	Keyword extracted from concept 'Assessing Information Credibility': checking	"{""source"": ""concept_extraction"", ""source_concept"": ""INFORMATION_CREDIBILITY"", ""extracted_at"": ""2026-08-03T11:55:45.104032""}"	2026-08-03T11:55:45.104034	2026-08-03T11:55:45.104035	"[""INFORMATION_CREDIBILITY""]"
KW_CREDIBILITY	credibility	Keyword extracted from concept 'Assessing Information Credibility': credibility	"{""source"": ""concept_extraction"", ""source_concept"": ""INFORMATION_CREDIBILITY"", ""extracted_at"": ""2026-08-03T11:55:45.104037""}"	2026-08-03T11:55:45.104039	2026-08-03T11:55:45.104040	"[""INFORMATION_CREDIBILITY""]"
KW_MISINFORMATION	misinformation	Keyword extracted from concept 'Assessing Information Credibility': misinformation	"{""source"": ""concept_extraction"", ""source_concept"": ""INFORMATION_CREDIBILITY"", ""extracted_at"": ""2026-08-03T11:55:45.104042""}"	2026-08-03T11:55:45.104044	2026-08-03T11:55:45.104045	"[""INFORMATION_CREDIBILITY""]"
KW_PRESENCE	presence	Keyword extracted from concept 'Digital Footprint': presence	"{""source"": ""concept_extraction"", ""source_concept"": ""DIGITAL_FOOTPRINT"", ""extracted_at"": ""2026-08-03T11:55:45.104057""}"	2026-08-03T11:55:45.104059	2026-08-03T11:55:45.104060	"[""DIGITAL_FOOTPRINT""]"
KW_PRIVACY	privacy	Keyword extracted from concept 'Digital Footprint': privacy	"{""source"": ""concept_extraction"", ""source_concept"": ""DIGITAL_FOOTPRINT"", ""extracted_at"": ""2026-08-03T11:55:45.104061""}"	2026-08-03T11:55:45.104065	2026-08-03T11:55:45.104066	"[""DIGITAL_FOOTPRINT""]"
KW_FOOTPRINT	footprint	Keyword extracted from concept 'Digital Footprint': footprint	"{""source"": ""concept_extraction"", ""source_concept"": ""DIGITAL_FOOTPRINT"", ""extracted_at"": ""2026-08-03T11:55:45.104067""}"	2026-08-03T11:55:45.104070	2026-08-03T11:55:45.104071	"[""DIGITAL_FOOTPRINT""]"
KW_CYBERBULLYING	cyberbullying	Keyword extracted from concept 'Cyberbullying and Response': cyberbullying	"{""source"": ""concept_extraction"", ""source_concept"": ""CYBERBULLYING"", ""extracted_at"": ""2026-08-03T11:55:45.104078""}"	2026-08-03T11:55:45.104080	2026-08-03T11:55:45.104081	"[""CYBERBULLYING""]"
KW_HARASSMENT	harassment	Keyword extracted from concept 'Cyberbullying and Response': harassment	"{""source"": ""concept_extraction"", ""source_concept"": ""CYBERBULLYING"", ""extracted_at"": ""2026-08-03T11:55:45.104087""}"	2026-08-03T11:55:45.104090	2026-08-03T11:55:45.104090	"[""CYBERBULLYING""]"
KW_CREATIVE	creative	Keyword extracted from concept 'Copyright & Creative Commons': creative	"{""source"": ""concept_extraction"", ""source_concept"": ""COPYRIGHT_CREATIVE_COMMONS"", ""extracted_at"": ""2026-08-03T11:55:45.104103""}"	2026-08-03T11:55:45.104105	2026-08-03T11:55:45.104105	"[""COPYRIGHT_CREATIVE_COMMONS""]"
KW_COPYRIGHT	copyright	Keyword extracted from concept 'Copyright & Creative Commons': copyright	"{""source"": ""concept_extraction"", ""source_concept"": ""COPYRIGHT_CREATIVE_COMMONS"", ""extracted_at"": ""2026-08-03T11:55:45.104107""}"	2026-08-03T11:55:45.104110	2026-08-03T11:55:45.104111	"[""COPYRIGHT_CREATIVE_COMMONS""]"
KW_RIGHTS	rights	Keyword extracted from concept 'Copyright & Creative Commons': rights	"{""source"": ""concept_extraction"", ""source_concept"": ""COPYRIGHT_CREATIVE_COMMONS"", ""extracted_at"": ""2026-08-03T11:55:45.104113""}"	2026-08-03T11:55:45.104115	2026-08-03T11:55:45.104116	"[""COPYRIGHT_CREATIVE_COMMONS""]"
KW_LICENSES	licenses	Keyword extracted from concept 'Copyright & Creative Commons': licenses	"{""source"": ""concept_extraction"", ""source_concept"": ""COPYRIGHT_CREATIVE_COMMONS"", ""extracted_at"": ""2026-08-03T11:55:45.104118""}"	2026-08-03T11:55:45.104120	2026-08-03T11:55:45.104121	"[""COPYRIGHT_CREATIVE_COMMONS""]"
KW_COMMONS	commons	Keyword extracted from concept 'Copyright & Creative Commons': commons	"{""source"": ""concept_extraction"", ""source_concept"": ""COPYRIGHT_CREATIVE_COMMONS"", ""extracted_at"": ""2026-08-03T11:55:45.104124""}"	2026-08-03T11:55:45.104126	2026-08-03T11:55:45.104127	"[""COPYRIGHT_CREATIVE_COMMONS""]"
KW_INTELLECTUAL	intellectual	Keyword extracted from concept 'Copyright & Creative Commons': intellectual	"{""source"": ""concept_extraction"", ""source_concept"": ""COPYRIGHT_CREATIVE_COMMONS"", ""extracted_at"": ""2026-08-03T11:55:45.104129""}"	2026-08-03T11:55:45.104131	2026-08-03T11:55:45.104132	"[""COPYRIGHT_CREATIVE_COMMONS""]"
KW_PROPERTY	property	Keyword extracted from concept 'Copyright & Creative Commons': property	"{""source"": ""concept_extraction"", ""source_concept"": ""COPYRIGHT_CREATIVE_COMMONS"", ""extracted_at"": ""2026-08-03T11:55:45.104133""}"	2026-08-03T11:55:45.104136	2026-08-03T11:55:45.104136	"[""COPYRIGHT_CREATIVE_COMMONS""]"
KW_RESERVED	reserved	Keyword extracted from concept 'Copyright & Creative Commons': reserved	"{""source"": ""concept_extraction"", ""source_concept"": ""COPYRIGHT_CREATIVE_COMMONS"", ""extracted_at"": ""2026-08-03T11:55:45.104138""}"	2026-08-03T11:55:45.104140	2026-08-03T11:55:45.104141	"[""COPYRIGHT_CREATIVE_COMMONS""]"
KW_SOME	some	Keyword extracted from concept 'Copyright & Creative Commons': some	"{""source"": ""concept_extraction"", ""source_concept"": ""COPYRIGHT_CREATIVE_COMMONS"", ""extracted_at"": ""2026-08-03T11:55:45.104143""}"	2026-08-03T11:55:45.104145	2026-08-03T11:55:45.104146	"[""COPYRIGHT_CREATIVE_COMMONS""]"
KW_INCLUSION	inclusion	Keyword extracted from concept 'The Digital Divide': inclusion	"{""source"": ""concept_extraction"", ""source_concept"": ""DIGITAL_DIVIDE"", ""extracted_at"": ""2026-08-03T11:55:45.104148""}"	2026-08-03T11:55:45.104151	2026-08-03T11:55:45.104151	"[""DIGITAL_DIVIDE""]"
KW_EQUITY	equity	Keyword extracted from concept 'The Digital Divide': equity	"{""source"": ""concept_extraction"", ""source_concept"": ""DIGITAL_DIVIDE"", ""extracted_at"": ""2026-08-03T11:55:45.104158""}"	2026-08-03T11:55:45.104160	2026-08-03T11:55:45.104161	"[""DIGITAL_DIVIDE""]"
KW_SCREEN	screen	Keyword extracted from concept 'Layer Blending Modes': screen	"{""source"": ""concept_extraction"", ""source_concept"": ""LAYER_BLEND_MODES"", ""extracted_at"": ""2026-08-03T11:55:45.104182""}"	2026-08-03T11:55:45.104184	2026-08-03T11:55:45.104185	"[""LAYER_BLEND_MODES""]"
KW_OVERLAY	overlay	Keyword extracted from concept 'Layer Blending Modes': overlay	"{""source"": ""concept_extraction"", ""source_concept"": ""LAYER_BLEND_MODES"", ""extracted_at"": ""2026-08-03T11:55:45.104187""}"	2026-08-03T11:55:45.104189	2026-08-03T11:55:45.104189	"[""LAYER_BLEND_MODES""]"
KW_BLENDING	blending	Keyword extracted from concept 'Layer Blending Modes': blending	"{""source"": ""concept_extraction"", ""source_concept"": ""LAYER_BLEND_MODES"", ""extracted_at"": ""2026-08-03T11:55:45.104191""}"	2026-08-03T11:55:45.104193	2026-08-03T11:55:45.104194	"[""LAYER_BLEND_MODES""]"
KW_EDITOR	editor	Keyword extracted from concept 'Layer Blending Modes': editor	"{""source"": ""concept_extraction"", ""source_concept"": ""LAYER_BLEND_MODES"", ""extracted_at"": ""2026-08-03T11:55:45.104201""}"	2026-08-03T11:55:45.104203	2026-08-03T11:55:45.104204	"[""LAYER_BLEND_MODES""]"
KW_MULTIPLY	multiply	Keyword extracted from concept 'Layer Blending Modes': multiply	"{""source"": ""concept_extraction"", ""source_concept"": ""LAYER_BLEND_MODES"", ""extracted_at"": ""2026-08-03T11:55:45.104205""}"	2026-08-03T11:55:45.104207	2026-08-03T11:55:45.104208	"[""LAYER_BLEND_MODES""]"
KW_RASTER	raster	Keyword extracted from concept 'Layer Blending Modes': raster	"{""source"": ""concept_extraction"", ""source_concept"": ""LAYER_BLEND_MODES"", ""extracted_at"": ""2026-08-03T11:55:45.104215""}"	2026-08-03T11:55:45.104217	2026-08-03T11:55:45.104217	"[""LAYER_BLEND_MODES""]"
KW_MODES	modes	Keyword extracted from concept 'Layer Blending Modes': modes	"{""source"": ""concept_extraction"", ""source_concept"": ""LAYER_BLEND_MODES"", ""extracted_at"": ""2026-08-03T11:55:45.104224""}"	2026-08-03T11:55:45.104226	2026-08-03T11:55:45.104227	"[""LAYER_BLEND_MODES""]"
KW_DESTRUCTIVE	destructive	Keyword extracted from concept 'Non-Destructive Adjustment Layers': destructive	"{""source"": ""concept_extraction"", ""source_concept"": ""ADJUSTMENT_LAYERS"", ""extracted_at"": ""2026-08-03T11:55:45.104239""}"	2026-08-03T11:55:45.104241	2026-08-03T11:55:45.104242	"[""ADJUSTMENT_LAYERS""]"
KW_ADJUSTMENT	adjustment	Keyword extracted from concept 'Non-Destructive Adjustment Layers': adjustment	"{""source"": ""concept_extraction"", ""source_concept"": ""ADJUSTMENT_LAYERS"", ""extracted_at"": ""2026-08-03T11:55:45.104272""}"	2026-08-03T11:55:45.104274	2026-08-03T11:55:45.104274	"[""ADJUSTMENT_LAYERS""]"
KW_MASK	mask	Keyword extracted from concept 'Layer Masking': mask	"{""source"": ""concept_extraction"", ""source_concept"": ""LAYER_MASKING"", ""extracted_at"": ""2026-08-03T11:55:45.104277""}"	2026-08-03T11:55:45.104279	2026-08-03T11:55:45.104280	"[""LAYER_MASKING""]"
KW_THANG	thang	Keyword extracted from concept 'Layer Masking': thang	"{""source"": ""concept_extraction"", ""source_concept"": ""LAYER_MASKING"", ""extracted_at"": ""2026-08-03T11:55:45.104286""}"	2026-08-03T11:55:45.104289	2026-08-03T11:55:45.104289	"[""LAYER_MASKING""]"
KW_MASKING	masking	Keyword extracted from concept 'Layer Masking': masking	"{""source"": ""concept_extraction"", ""source_concept"": ""LAYER_MASKING"", ""extracted_at"": ""2026-08-03T11:55:45.104306""}"	2026-08-03T11:55:45.104308	2026-08-03T11:55:45.104309	"[""LAYER_MASKING""]"
KW_LIQUIFY	liquify	Keyword extracted from concept 'Mesh and Liquify Warping': liquify	"{""source"": ""concept_extraction"", ""source_concept"": ""IMAGE_WARPING"", ""extracted_at"": ""2026-08-03T11:55:45.104316""}"	2026-08-03T11:55:45.104318	2026-08-03T11:55:45.104319	"[""IMAGE_WARPING""]"
KW_MANIPULATION	manipulation	Keyword extracted from concept 'Mesh and Liquify Warping': manipulation	"{""source"": ""concept_extraction"", ""source_concept"": ""IMAGE_WARPING"", ""extracted_at"": ""2026-08-03T11:55:45.104321""}"	2026-08-03T11:55:45.104323	2026-08-03T11:55:45.104324	"[""IMAGE_WARPING""]"
KW_WARPING	warping	Keyword extracted from concept 'Mesh and Liquify Warping': warping	"{""source"": ""concept_extraction"", ""source_concept"": ""IMAGE_WARPING"", ""extracted_at"": ""2026-08-03T11:55:45.104326""}"	2026-08-03T11:55:45.104329	2026-08-03T11:55:45.104330	"[""IMAGE_WARPING""]"
KW_IMAGE	image	Keyword extracted from concept 'Mesh and Liquify Warping': image	"{""source"": ""concept_extraction"", ""source_concept"": ""IMAGE_WARPING"", ""extracted_at"": ""2026-08-03T11:55:45.104332""}"	2026-08-03T11:55:45.104334	2026-08-03T11:55:45.104335	"[""IMAGE_WARPING""]"
KW_WARP	warp	Keyword extracted from concept 'Mesh and Liquify Warping': warp	"{""source"": ""concept_extraction"", ""source_concept"": ""IMAGE_WARPING"", ""extracted_at"": ""2026-08-03T11:55:45.104337""}"	2026-08-03T11:55:45.104340	2026-08-03T11:55:45.104341	"[""IMAGE_WARPING""]"
KW_RETOUCHING	retouching	Keyword extracted from concept 'Image Retouching Techniques': retouching	"{""source"": ""concept_extraction"", ""source_concept"": ""IMAGE_RETOUCHING"", ""extracted_at"": ""2026-08-03T11:55:45.104349""}"	2026-08-03T11:55:45.104351	2026-08-03T11:55:45.104352	"[""IMAGE_RETOUCHING""]"
KW_CONTENT	content	Keyword extracted from concept 'Image Retouching Techniques': content	"{""source"": ""concept_extraction"", ""source_concept"": ""IMAGE_RETOUCHING"", ""extracted_at"": ""2026-08-03T11:55:45.104359""}"	2026-08-03T11:55:45.104361	2026-08-03T11:55:45.104362	"[""IMAGE_RETOUCHING""]"
KW_CLONE	clone	Keyword extracted from concept 'Image Retouching Techniques': clone	"{""source"": ""concept_extraction"", ""source_concept"": ""IMAGE_RETOUCHING"", ""extracted_at"": ""2026-08-03T11:55:45.104364""}"	2026-08-03T11:55:45.104366	2026-08-03T11:55:45.104367	"[""IMAGE_RETOUCHING""]"
KW_SPOT	spot	Keyword extracted from concept 'Image Retouching Techniques': spot	"{""source"": ""concept_extraction"", ""source_concept"": ""IMAGE_RETOUCHING"", ""extracted_at"": ""2026-08-03T11:55:45.104369""}"	2026-08-03T11:55:45.104371	2026-08-03T11:55:45.104372	"[""IMAGE_RETOUCHING""]"
KW_STAMP	stamp	Keyword extracted from concept 'Image Retouching Techniques': stamp	"{""source"": ""concept_extraction"", ""source_concept"": ""IMAGE_RETOUCHING"", ""extracted_at"": ""2026-08-03T11:55:45.104378""}"	2026-08-03T11:55:45.104380	2026-08-03T11:55:45.104381	"[""IMAGE_RETOUCHING""]"
KW_FILL	fill	Keyword extracted from concept 'Image Retouching Techniques': fill	"{""source"": ""concept_extraction"", ""source_concept"": ""IMAGE_RETOUCHING"", ""extracted_at"": ""2026-08-03T11:55:45.104383""}"	2026-08-03T11:55:45.104385	2026-08-03T11:55:45.104386	"[""IMAGE_RETOUCHING""]"
KW_BRUSH	brush	Keyword extracted from concept 'Image Retouching Techniques': brush	"{""source"": ""concept_extraction"", ""source_concept"": ""IMAGE_RETOUCHING"", ""extracted_at"": ""2026-08-03T11:55:45.104388""}"	2026-08-03T11:55:45.104390	2026-08-03T11:55:45.104391	"[""IMAGE_RETOUCHING""]"
KW_AWARE	aware	Keyword extracted from concept 'Image Retouching Techniques': aware	"{""source"": ""concept_extraction"", ""source_concept"": ""IMAGE_RETOUCHING"", ""extracted_at"": ""2026-08-03T11:55:45.104397""}"	2026-08-03T11:55:45.104400	2026-08-03T11:55:45.104400	"[""IMAGE_RETOUCHING""]"
KW_HEALING	healing	Keyword extracted from concept 'Image Retouching Techniques': healing	"{""source"": ""concept_extraction"", ""source_concept"": ""IMAGE_RETOUCHING"", ""extracted_at"": ""2026-08-03T11:55:45.104402""}"	2026-08-03T11:55:45.104404	2026-08-03T11:55:45.104405	"[""IMAGE_RETOUCHING""]"
KW_COMPOSITING	compositing	Keyword extracted from concept 'Image Compositing': compositing	"{""source"": ""concept_extraction"", ""source_concept"": ""IMAGE_COMPOSITING"", ""extracted_at"": ""2026-08-03T11:55:45.104408""}"	2026-08-03T11:55:45.104410	2026-08-03T11:55:45.104411	"[""IMAGE_COMPOSITING""]"
KW_COMBINATION	combination	Keyword extracted from concept 'Image Compositing': combination	"{""source"": ""concept_extraction"", ""source_concept"": ""IMAGE_COMPOSITING"", ""extracted_at"": ""2026-08-03T11:55:45.104413""}"	2026-08-03T11:55:45.104415	2026-08-03T11:55:45.104416	"[""IMAGE_COMPOSITING""]"
KW_PHOTOMONTAGE	photomontage	Keyword extracted from concept 'Image Compositing': photomontage	"{""source"": ""concept_extraction"", ""source_concept"": ""IMAGE_COMPOSITING"", ""extracted_at"": ""2026-08-03T11:55:45.104423""}"	2026-08-03T11:55:45.104425	2026-08-03T11:55:45.104426	"[""IMAGE_COMPOSITING""]"
KW_BARCODE	barcode	Keyword extracted from concept 'QR Code Generation': barcode	"{""source"": ""concept_extraction"", ""source_concept"": ""QR_CODE_GENERATION"", ""extracted_at"": ""2026-08-03T11:55:45.104453""}"	2026-08-03T11:55:45.104455	2026-08-03T11:55:45.104456	"[""QR_CODE_GENERATION""]"
KW_GENERATION	generation	Keyword extracted from concept 'QR Code Generation': generation	"{""source"": ""concept_extraction"", ""source_concept"": ""QR_CODE_GENERATION"", ""extracted_at"": ""2026-08-03T11:55:45.104459""}"	2026-08-03T11:55:45.104461	2026-08-03T11:55:45.104462	"[""QR_CODE_GENERATION""]"
KW_CODE	code	Keyword extracted from concept 'QR Code Generation': code	"{""source"": ""concept_extraction"", ""source_concept"": ""QR_CODE_GENERATION"", ""extracted_at"": ""2026-08-03T11:55:45.104471""}"	2026-08-03T11:55:45.104474	2026-08-03T11:55:45.104475	"[""QR_CODE_GENERATION""]"
KW_VECTOR	vector	Keyword extracted from concept 'QR Code Generation': vector	"{""source"": ""concept_extraction"", ""source_concept"": ""QR_CODE_GENERATION"", ""extracted_at"": ""2026-08-03T11:55:45.104484""}"	2026-08-03T11:55:45.104488	2026-08-03T11:55:45.104489	"[""QR_CODE_GENERATION""]"
KW_QUICK	quick	Keyword extracted from concept 'QR Code Generation': quick	"{""source"": ""concept_extraction"", ""source_concept"": ""QR_CODE_GENERATION"", ""extracted_at"": ""2026-08-03T11:55:45.104493""}"	2026-08-03T11:55:45.104496	2026-08-03T11:55:45.104497	"[""QR_CODE_GENERATION""]"
KW_PATH	path	Keyword extracted from concept 'Advanced Stroke Properties': path	"{""source"": ""concept_extraction"", ""source_concept"": ""STROKE_PROPERTIES"", ""extracted_at"": ""2026-08-03T11:55:45.104501""}"	2026-08-03T11:55:45.104504	2026-08-03T11:55:45.104505	"[""STROKE_PROPERTIES""]"
KW_PROPERTIES	properties	Keyword extracted from concept 'Advanced Stroke Properties': properties	"{""source"": ""concept_extraction"", ""source_concept"": ""STROKE_PROPERTIES"", ""extracted_at"": ""2026-08-03T11:55:45.104513""}"	2026-08-03T11:55:45.104516	2026-08-03T11:55:45.104517	"[""STROKE_PROPERTIES""]"
KW_STROKE	stroke	Keyword extracted from concept 'Advanced Stroke Properties': stroke	"{""source"": ""concept_extraction"", ""source_concept"": ""STROKE_PROPERTIES"", ""extracted_at"": ""2026-08-03T11:55:45.104524""}"	2026-08-03T11:55:45.104526	2026-08-03T11:55:45.104527	"[""STROKE_PROPERTIES""]"
KW_ADVANCED	advanced	Keyword extracted from concept 'Advanced Stroke Properties': advanced	"{""source"": ""concept_extraction"", ""source_concept"": ""STROKE_PROPERTIES"", ""extracted_at"": ""2026-08-03T11:55:45.104529""}"	2026-08-03T11:55:45.104532	2026-08-03T11:55:45.104533	"[""STROKE_PROPERTIES""]"
KW_ILLUSTRATOR	illustrator	Keyword extracted from concept 'Advanced Stroke Properties': illustrator	"{""source"": ""concept_extraction"", ""source_concept"": ""STROKE_PROPERTIES"", ""extracted_at"": ""2026-08-03T11:55:45.104535""}"	2026-08-03T11:55:45.104537	2026-08-03T11:55:45.104538	"[""STROKE_PROPERTIES""]"
KW_BUILDER	builder	Keyword extracted from concept 'Shape Building': builder	"{""source"": ""concept_extraction"", ""source_concept"": ""SHAPE_BUILDING"", ""extracted_at"": ""2026-08-03T11:55:45.104546""}"	2026-08-03T11:55:45.104549	2026-08-03T11:55:45.104550	"[""SHAPE_BUILDING""]"
KW_SHAPE	shape	Keyword extracted from concept 'Shape Building': shape	"{""source"": ""concept_extraction"", ""source_concept"": ""SHAPE_BUILDING"", ""extracted_at"": ""2026-08-03T11:55:45.104552""}"	2026-08-03T11:55:45.104554	2026-08-03T11:55:45.104555	"[""SHAPE_BUILDING""]"
KW_PATHFINDER	pathfinder	Keyword extracted from concept 'Shape Building': pathfinder	"{""source"": ""concept_extraction"", ""source_concept"": ""SHAPE_BUILDING"", ""extracted_at"": ""2026-08-03T11:55:45.104567""}"	2026-08-03T11:55:45.104569	2026-08-03T11:55:45.104570	"[""SHAPE_BUILDING""]"
KW_OPERATIONS	operations	Keyword extracted from concept 'Shape Building': operations	"{""source"": ""concept_extraction"", ""source_concept"": ""SHAPE_BUILDING"", ""extracted_at"": ""2026-08-03T11:55:45.104572""}"	2026-08-03T11:55:45.104574	2026-08-03T11:55:45.104575	"[""SHAPE_BUILDING""]"
KW_BUILDING	building	Keyword extracted from concept 'Shape Building': building	"{""source"": ""concept_extraction"", ""source_concept"": ""SHAPE_BUILDING"", ""extracted_at"": ""2026-08-03T11:55:45.104577""}"	2026-08-03T11:55:45.104580	2026-08-03T11:55:45.104581	"[""SHAPE_BUILDING""]"
KW_COLOR	color	Keyword extracted from concept 'Object Properties/Attributes': color	"{""source"": ""concept_extraction"", ""source_concept"": ""OBJECT_PROPERTIES"", ""extracted_at"": ""2026-08-03T11:55:45.104632""}"	2026-08-03T11:55:45.104634	2026-08-03T11:55:45.104634	"[""OBJECT_PROPERTIES""]"
KW_ATTRIBUTES	attributes	Keyword extracted from concept 'Object Properties/Attributes': attributes	"{""source"": ""concept_extraction"", ""source_concept"": ""OBJECT_PROPERTIES"", ""extracted_at"": ""2026-08-03T11:55:45.104636""}"	2026-08-03T11:55:45.104638	2026-08-03T11:55:45.104639	"[""OBJECT_PROPERTIES""]"
KW_PROGRAMMING	programming	Keyword extracted from concept 'Event-Based Programming Model': programming	"{""source"": ""concept_extraction"", ""source_concept"": ""EVENT_BASED_PROGRAMMING"", ""extracted_at"": ""2026-08-03T11:55:45.104661""}"	2026-08-03T11:55:45.104663	2026-08-03T11:55:45.104664	"[""EVENT_BASED_PROGRAMMING""]"
KW_DRIVEN	driven	Keyword extracted from concept 'Event-Based Programming Model': driven	"{""source"": ""concept_extraction"", ""source_concept"": ""EVENT_BASED_PROGRAMMING"", ""extracted_at"": ""2026-08-03T11:55:45.104666""}"	2026-08-03T11:55:45.104668	2026-08-03T11:55:45.104669	"[""EVENT_BASED_PROGRAMMING""]"
KW_ASYNCHRONOUS	asynchronous	Keyword extracted from concept 'Event-Based Programming Model': asynchronous	"{""source"": ""concept_extraction"", ""source_concept"": ""EVENT_BASED_PROGRAMMING"", ""extracted_at"": ""2026-08-03T11:55:45.104675""}"	2026-08-03T11:55:45.104678	2026-08-03T11:55:45.104679	"[""EVENT_BASED_PROGRAMMING""]"
KW_EVENT	event	Keyword extracted from concept 'Event-Based Programming Model': event	"{""source"": ""concept_extraction"", ""source_concept"": ""EVENT_BASED_PROGRAMMING"", ""extracted_at"": ""2026-08-03T11:55:45.104680""}"	2026-08-03T11:55:45.104682	2026-08-03T11:55:45.104683	"[""EVENT_BASED_PROGRAMMING""]"
KW_LIGHTING	lighting	Keyword extracted from concept 'Lighting and Shadows': lighting	"{""source"": ""concept_extraction"", ""source_concept"": ""LIGHTING_AND_SHADOWS"", ""extracted_at"": ""2026-08-03T11:55:45.104690""}"	2026-08-03T11:55:45.104693	2026-08-03T11:55:45.104694	"[""LIGHTING_AND_SHADOWS""]"
KW_SOURCE	source	Keyword extracted from concept 'Lighting and Shadows': source	"{""source"": ""concept_extraction"", ""source_concept"": ""LIGHTING_AND_SHADOWS"", ""extracted_at"": ""2026-08-03T11:55:45.104710""}"	2026-08-03T11:55:45.104712	2026-08-03T11:55:45.104713	"[""LIGHTING_AND_SHADOWS""]"
KW_SHADOWS	shadows	Keyword extracted from concept 'Lighting and Shadows': shadows	"{""source"": ""concept_extraction"", ""source_concept"": ""LIGHTING_AND_SHADOWS"", ""extracted_at"": ""2026-08-03T11:55:45.104714""}"	2026-08-03T11:55:45.104717	2026-08-03T11:55:45.104718	"[""LIGHTING_AND_SHADOWS""]"
KW_SHADING	shading	Keyword extracted from concept 'Material and Texture Mapping': shading	"{""source"": ""concept_extraction"", ""source_concept"": ""MATERIAL_AND_TEXTURE"", ""extracted_at"": ""2026-08-03T11:55:45.104720""}"	2026-08-03T11:55:45.104722	2026-08-03T11:55:45.104723	"[""MATERIAL_AND_TEXTURE""]"
KW_MATERIAL	material	Keyword extracted from concept 'Material and Texture Mapping': material	"{""source"": ""concept_extraction"", ""source_concept"": ""MATERIAL_AND_TEXTURE"", ""extracted_at"": ""2026-08-03T11:55:45.104724""}"	2026-08-03T11:55:45.104727	2026-08-03T11:55:45.104727	"[""MATERIAL_AND_TEXTURE""]"
KW_TEXTURE	texture	Keyword extracted from concept 'Material and Texture Mapping': texture	"{""source"": ""concept_extraction"", ""source_concept"": ""MATERIAL_AND_TEXTURE"", ""extracted_at"": ""2026-08-03T11:55:45.104729""}"	2026-08-03T11:55:45.104731	2026-08-03T11:55:45.104732	"[""MATERIAL_AND_TEXTURE""]"
KW_MAPPING	mapping	Keyword extracted from concept 'Material and Texture Mapping': mapping	"{""source"": ""concept_extraction"", ""source_concept"": ""MATERIAL_AND_TEXTURE"", ""extracted_at"": ""2026-08-03T11:55:45.104734""}"	2026-08-03T11:55:45.104736	2026-08-03T11:55:45.104737	"[""MATERIAL_AND_TEXTURE""]"
KW_TIMELINE	timeline	Keyword extracted from concept 'Keyframe Animation': timeline	"{""source"": ""concept_extraction"", ""source_concept"": ""KEYFRAME_ANIMATION"", ""extracted_at"": ""2026-08-03T11:55:45.104739""}"	2026-08-03T11:55:45.104742	2026-08-03T11:55:45.104742	"[""KEYFRAME_ANIMATION""]"
KW_KEYFRAME	keyframe	Keyword extracted from concept 'Keyframe Animation': keyframe	"{""source"": ""concept_extraction"", ""source_concept"": ""KEYFRAME_ANIMATION"", ""extracted_at"": ""2026-08-03T11:55:45.104749""}"	2026-08-03T11:55:45.104751	2026-08-03T11:55:45.104752	"[""KEYFRAME_ANIMATION""]"
KW_INTERPOLATION	interpolation	Keyword extracted from concept 'Keyframe Animation': interpolation	"{""source"": ""concept_extraction"", ""source_concept"": ""KEYFRAME_ANIMATION"", ""extracted_at"": ""2026-08-03T11:55:45.104754""}"	2026-08-03T11:55:45.104756	2026-08-03T11:55:45.104757	"[""KEYFRAME_ANIMATION""]"
KW_ANIMATION	animation	Keyword extracted from concept 'Keyframe Animation': animation	"{""source"": ""concept_extraction"", ""source_concept"": ""KEYFRAME_ANIMATION"", ""extracted_at"": ""2026-08-03T11:55:45.104759""}"	2026-08-03T11:55:45.104761	2026-08-03T11:55:45.104762	"[""KEYFRAME_ANIMATION""]"
KW_SUBTRACT	subtract	Keyword extracted from concept '3D Boolean Operations': subtract	"{""source"": ""concept_extraction"", ""source_concept"": ""BOOLEAN_OPERATIONS_3D"", ""extracted_at"": ""2026-08-03T11:55:45.104769""}"	2026-08-03T11:55:45.104771	2026-08-03T11:55:45.104772	"[""BOOLEAN_OPERATIONS_3D""]"
KW_INTERSECT	intersect	Keyword extracted from concept '3D Boolean Operations': intersect	"{""source"": ""concept_extraction"", ""source_concept"": ""BOOLEAN_OPERATIONS_3D"", ""extracted_at"": ""2026-08-03T11:55:45.104774""}"	2026-08-03T11:55:45.104776	2026-08-03T11:55:45.104777	"[""BOOLEAN_OPERATIONS_3D""]"
KW_UNION	union	Keyword extracted from concept '3D Boolean Operations': union	"{""source"": ""concept_extraction"", ""source_concept"": ""BOOLEAN_OPERATIONS_3D"", ""extracted_at"": ""2026-08-03T11:55:45.104783""}"	2026-08-03T11:55:45.104785	2026-08-03T11:55:45.104786	"[""BOOLEAN_OPERATIONS_3D""]"
KW_POLYGONAL	polygonal	Keyword extracted from concept 'Mesh Extrusion': polygonal	"{""source"": ""concept_extraction"", ""source_concept"": ""MESH_EXTRUSION"", ""extracted_at"": ""2026-08-03T11:55:45.104800""}"	2026-08-03T11:55:45.104803	2026-08-03T11:55:45.104804	"[""MESH_EXTRUSION""]"
KW_EXTRUDE	extrude	Keyword extracted from concept 'Mesh Extrusion': extrude	"{""source"": ""concept_extraction"", ""source_concept"": ""MESH_EXTRUSION"", ""extracted_at"": ""2026-08-03T11:55:45.104806""}"	2026-08-03T11:55:45.104808	2026-08-03T11:55:45.104809	"[""MESH_EXTRUSION""]"
KW_EXTRUSION	extrusion	Keyword extracted from concept 'Mesh Extrusion': extrusion	"{""source"": ""concept_extraction"", ""source_concept"": ""MESH_EXTRUSION"", ""extracted_at"": ""2026-08-03T11:55:45.104817""}"	2026-08-03T11:55:45.104820	2026-08-03T11:55:45.104820	"[""MESH_EXTRUSION""]"
KW_EDGE	edge	Keyword extracted from concept 'Polygonal Mesh (Vertex, Edge, Face)': edge	"{""source"": ""concept_extraction"", ""source_concept"": ""POLYGON_MESH"", ""extracted_at"": ""2026-08-03T11:55:45.104838""}"	2026-08-03T11:55:45.104840	2026-08-03T11:55:45.104841	"[""POLYGON_MESH""]"
KW_FACE	face	Keyword extracted from concept 'Polygonal Mesh (Vertex, Edge, Face)': face	"{""source"": ""concept_extraction"", ""source_concept"": ""POLYGON_MESH"", ""extracted_at"": ""2026-08-03T11:55:45.104842""}"	2026-08-03T11:55:45.104845	2026-08-03T11:55:45.104845	"[""POLYGON_MESH""]"
KW_TRANSFORMATION	transformation	Keyword extracted from concept '2D Transformation Operations': transformation	"{""source"": ""concept_extraction"", ""source_concept"": ""TRANSFORMATION_OPERATIONS"", ""extracted_at"": ""2026-08-03T11:55:45.104858""}"	2026-08-03T11:55:45.104860	2026-08-03T11:55:45.104861	"[""TRANSFORMATION_OPERATIONS""]"
KW_SCALE	scale	Keyword extracted from concept '2D Transformation Operations': scale	"{""source"": ""concept_extraction"", ""source_concept"": ""TRANSFORMATION_OPERATIONS"", ""extracted_at"": ""2026-08-03T11:55:45.104865""}"	2026-08-03T11:55:45.104867	2026-08-03T11:55:45.104868	"[""TRANSFORMATION_OPERATIONS""]"
KW_XOAY	xoay	Keyword extracted from concept '2D Transformation Operations': xoay	"{""source"": ""concept_extraction"", ""source_concept"": ""TRANSFORMATION_OPERATIONS"", ""extracted_at"": ""2026-08-03T11:55:45.104875""}"	2026-08-03T11:55:45.104877	2026-08-03T11:55:45.104878	"[""TRANSFORMATION_OPERATIONS""]"
KW_ROTATE	rotate	Keyword extracted from concept '2D Transformation Operations': rotate	"{""source"": ""concept_extraction"", ""source_concept"": ""TRANSFORMATION_OPERATIONS"", ""extracted_at"": ""2026-08-03T11:55:45.104880""}"	2026-08-03T11:55:45.104882	2026-08-03T11:55:45.104883	"[""TRANSFORMATION_OPERATIONS""]"
KW_TRANSFORM	transform	Keyword extracted from concept '2D Transformation Operations': transform	"{""source"": ""concept_extraction"", ""source_concept"": ""TRANSFORMATION_OPERATIONS"", ""extracted_at"": ""2026-08-03T11:55:45.104889""}"	2026-08-03T11:55:45.104891	2026-08-03T11:55:45.104892	"[""TRANSFORMATION_OPERATIONS""]"
KW_TRANSLATE	translate	Keyword extracted from concept '2D Transformation Operations': translate	"{""source"": ""concept_extraction"", ""source_concept"": ""TRANSFORMATION_OPERATIONS"", ""extracted_at"": ""2026-08-03T11:55:45.104894""}"	2026-08-03T11:55:45.104896	2026-08-03T11:55:45.104897	"[""TRANSFORMATION_OPERATIONS""]"
KW_THEORY	theory	Keyword extracted from concept 'Color Theory': theory	"{""source"": ""concept_extraction"", ""source_concept"": ""COLOR_THEORY"", ""extracted_at"": ""2026-08-03T11:55:45.104909""}"	2026-08-03T11:55:45.104911	2026-08-03T11:55:45.104912	"[""COLOR_THEORY""]"
KW_WHEEL	wheel	Keyword extracted from concept 'Color Theory': wheel	"{""source"": ""concept_extraction"", ""source_concept"": ""COLOR_THEORY"", ""extracted_at"": ""2026-08-03T11:55:45.104914""}"	2026-08-03T11:55:45.104916	2026-08-03T11:55:45.104917	"[""COLOR_THEORY""]"
KW_LAYOUT	layout	Keyword extracted from concept 'Composition Principles': layout	"{""source"": ""concept_extraction"", ""source_concept"": ""COMPOSITION_PRINCIPLES"", ""extracted_at"": ""2026-08-03T11:55:45.104919""}"	2026-08-03T11:55:45.104921	2026-08-03T11:55:45.104922	"[""COMPOSITION_PRINCIPLES""]"
KW_THIRDS	thirds	Keyword extracted from concept 'Composition Principles': thirds	"{""source"": ""concept_extraction"", ""source_concept"": ""COMPOSITION_PRINCIPLES"", ""extracted_at"": ""2026-08-03T11:55:45.104924""}"	2026-08-03T11:55:45.104926	2026-08-03T11:55:45.104927	"[""COMPOSITION_PRINCIPLES""]"
KW_BALANCE	balance	Keyword extracted from concept 'Composition Principles': balance	"{""source"": ""concept_extraction"", ""source_concept"": ""COMPOSITION_PRINCIPLES"", ""extracted_at"": ""2026-08-03T11:55:45.104938""}"	2026-08-03T11:55:45.104940	2026-08-03T11:55:45.104941	"[""COMPOSITION_PRINCIPLES""]"
KW_RULE	rule	Keyword extracted from concept 'Composition Principles': rule	"{""source"": ""concept_extraction"", ""source_concept"": ""COMPOSITION_PRINCIPLES"", ""extracted_at"": ""2026-08-03T11:55:45.104942""}"	2026-08-03T11:55:45.104945	2026-08-03T11:55:45.104945	"[""COMPOSITION_PRINCIPLES""]"
KW_COMPOSITION	composition	Keyword extracted from concept 'Composition Principles': composition	"{""source"": ""concept_extraction"", ""source_concept"": ""COMPOSITION_PRINCIPLES"", ""extracted_at"": ""2026-08-03T11:55:45.104947""}"	2026-08-03T11:55:45.104949	2026-08-03T11:55:45.104950	"[""COMPOSITION_PRINCIPLES""]"
KW_MECHANICAL	mechanical	Keyword extracted from concept 'Basic Mechanisms': mechanical	"{""source"": ""concept_extraction"", ""source_concept"": ""BASIC_MECHANISMS_CONCEPT"", ""extracted_at"": ""2026-08-03T11:55:45.104952""}"	2026-08-03T11:55:45.104955	2026-08-03T11:55:45.104955	"[""BASIC_MECHANISMS_CONCEPT""]"
KW_BASIC	basic	Keyword extracted from concept 'Basic Mechanisms': basic	"{""source"": ""concept_extraction"", ""source_concept"": ""BASIC_MECHANISMS_CONCEPT"", ""extracted_at"": ""2026-08-03T11:55:45.104957""}"	2026-08-03T11:55:45.104959	2026-08-03T11:55:45.104960	"[""BASIC_MECHANISMS_CONCEPT""]"
KW_PULLEYS	pulleys	Keyword extracted from concept 'Basic Mechanisms': pulleys	"{""source"": ""concept_extraction"", ""source_concept"": ""BASIC_MECHANISMS_CONCEPT"", ""extracted_at"": ""2026-08-03T11:55:45.104962""}"	2026-08-03T11:55:45.104964	2026-08-03T11:55:45.104965	"[""BASIC_MECHANISMS_CONCEPT""]"
KW_LEVERS	levers	Keyword extracted from concept 'Basic Mechanisms': levers	"{""source"": ""concept_extraction"", ""source_concept"": ""BASIC_MECHANISMS_CONCEPT"", ""extracted_at"": ""2026-08-03T11:55:45.104967""}"	2026-08-03T11:55:45.104969	2026-08-03T11:55:45.104969	"[""BASIC_MECHANISMS_CONCEPT""]"
KW_GEARS	gears	Keyword extracted from concept 'Basic Mechanisms': gears	"{""source"": ""concept_extraction"", ""source_concept"": ""BASIC_MECHANISMS_CONCEPT"", ""extracted_at"": ""2026-08-03T11:55:45.104971""}"	2026-08-03T11:55:45.104973	2026-08-03T11:55:45.104974	"[""BASIC_MECHANISMS_CONCEPT""]"
KW_ADVANTAGE	advantage	Keyword extracted from concept 'Basic Mechanisms': advantage	"{""source"": ""concept_extraction"", ""source_concept"": ""BASIC_MECHANISMS_CONCEPT"", ""extracted_at"": ""2026-08-03T11:55:45.104976""}"	2026-08-03T11:55:45.104978	2026-08-03T11:55:45.104979	"[""BASIC_MECHANISMS_CONCEPT""]"
KW_MECHANISMS	mechanisms	Keyword extracted from concept 'Basic Mechanisms': mechanisms	"{""source"": ""concept_extraction"", ""source_concept"": ""BASIC_MECHANISMS_CONCEPT"", ""extracted_at"": ""2026-08-03T11:55:45.104981""}"	2026-08-03T11:55:45.104983	2026-08-03T11:55:45.104984	"[""BASIC_MECHANISMS_CONCEPT""]"
KW_RESISTOR	resistor	Keyword extracted from concept 'Basic Electronic Components': resistor	"{""source"": ""concept_extraction"", ""source_concept"": ""BASIC_ELECTRONIC_COMPONENTS_CONCEPT"", ""extracted_at"": ""2026-08-03T11:55:45.104986""}"	2026-08-03T11:55:45.104988	2026-08-03T11:55:45.104989	"[""BASIC_ELECTRONIC_COMPONENTS_CONCEPT""]"
KW_TRANSISTOR	transistor	Keyword extracted from concept 'Basic Electronic Components': transistor	"{""source"": ""concept_extraction"", ""source_concept"": ""BASIC_ELECTRONIC_COMPONENTS_CONCEPT"", ""extracted_at"": ""2026-08-03T11:55:45.104991""}"	2026-08-03T11:55:45.104993	2026-08-03T11:55:45.104994	"[""BASIC_ELECTRONIC_COMPONENTS_CONCEPT""]"
KW_COMPONENTS	components	Keyword extracted from concept 'Basic Electronic Components': components	"{""source"": ""concept_extraction"", ""source_concept"": ""BASIC_ELECTRONIC_COMPONENTS_CONCEPT"", ""extracted_at"": ""2026-08-03T11:55:45.104996""}"	2026-08-03T11:55:45.104998	2026-08-03T11:55:45.104999	"[""BASIC_ELECTRONIC_COMPONENTS_CONCEPT""]"
KW_ELECTRONIC	electronic	Keyword extracted from concept 'Basic Electronic Components': electronic	"{""source"": ""concept_extraction"", ""source_concept"": ""BASIC_ELECTRONIC_COMPONENTS_CONCEPT"", ""extracted_at"": ""2026-08-03T11:55:45.105002""}"	2026-08-03T11:55:45.105004	2026-08-03T11:55:45.105005	"[""BASIC_ELECTRONIC_COMPONENTS_CONCEPT""]"
KW_CAPACITOR	capacitor	Keyword extracted from concept 'Basic Electronic Components': capacitor	"{""source"": ""concept_extraction"", ""source_concept"": ""BASIC_ELECTRONIC_COMPONENTS_CONCEPT"", ""extracted_at"": ""2026-08-03T11:55:45.105006""}"	2026-08-03T11:55:45.105009	2026-08-03T11:55:45.105009	"[""BASIC_ELECTRONIC_COMPONENTS_CONCEPT""]"
KW_DIODE	diode	Keyword extracted from concept 'Basic Electronic Components': diode	"{""source"": ""concept_extraction"", ""source_concept"": ""BASIC_ELECTRONIC_COMPONENTS_CONCEPT"", ""extracted_at"": ""2026-08-03T11:55:45.105021""}"	2026-08-03T11:55:45.105023	2026-08-03T11:55:45.105024	"[""BASIC_ELECTRONIC_COMPONENTS_CONCEPT""]"
KW_OHM	ohm	Keyword extracted from concept 'Basic Circuit Principles': ohm	"{""source"": ""concept_extraction"", ""source_concept"": ""CIRCUIT_PRINCIPLES_CONCEPT"", ""extracted_at"": ""2026-08-03T11:55:45.105026""}"	2026-08-03T11:55:45.105028	2026-08-03T11:55:45.105029	"[""CIRCUIT_PRINCIPLES_CONCEPT""]"
KW_SERIES	series	Keyword extracted from concept 'Basic Circuit Principles': series	"{""source"": ""concept_extraction"", ""source_concept"": ""CIRCUIT_PRINCIPLES_CONCEPT"", ""extracted_at"": ""2026-08-03T11:55:45.105031""}"	2026-08-03T11:55:45.105033	2026-08-03T11:55:45.105034	"[""CIRCUIT_PRINCIPLES_CONCEPT""]"
KW_PARALLEL	parallel	Keyword extracted from concept 'Basic Circuit Principles': parallel	"{""source"": ""concept_extraction"", ""source_concept"": ""CIRCUIT_PRINCIPLES_CONCEPT"", ""extracted_at"": ""2026-08-03T11:55:45.105036""}"	2026-08-03T11:55:45.105038	2026-08-03T11:55:45.105039	"[""CIRCUIT_PRINCIPLES_CONCEPT""]"
KW_LAW	law	Keyword extracted from concept 'Basic Circuit Principles': law	"{""source"": ""concept_extraction"", ""source_concept"": ""CIRCUIT_PRINCIPLES_CONCEPT"", ""extracted_at"": ""2026-08-03T11:55:45.105056""}"	2026-08-03T11:55:45.105059	2026-08-03T11:55:45.105060	"[""CIRCUIT_PRINCIPLES_CONCEPT""]"
KW_CIRCUIT	circuit	Keyword extracted from concept 'Basic Circuit Principles': circuit	"{""source"": ""concept_extraction"", ""source_concept"": ""CIRCUIT_PRINCIPLES_CONCEPT"", ""extracted_at"": ""2026-08-03T11:55:45.105067""}"	2026-08-03T11:55:45.105069	2026-08-03T11:55:45.105069	"[""CIRCUIT_PRINCIPLES_CONCEPT""]"
KW_THAM	tham	Keyword extracted from concept 'The OSI Model': tham	"{""source"": ""concept_extraction"", ""source_concept"": ""OSI_MODEL"", ""extracted_at"": ""2026-08-03T11:55:45.105072""}"	2026-08-03T11:55:45.105074	2026-08-03T11:55:45.105075	"[""OSI_MODEL""]"
KW_INTERNET	internet	Keyword extracted from concept 'The TCP/IP Model': internet	"{""source"": ""concept_extraction"", ""source_concept"": ""TCP_IP_MODEL"", ""extracted_at"": ""2026-08-03T11:55:45.105112""}"	2026-08-03T11:55:45.105114	2026-08-03T11:55:45.105115	"[""TCP_IP_MODEL""]"
KW_SUITE	suite	Keyword extracted from concept 'The TCP/IP Model': suite	"{""source"": ""concept_extraction"", ""source_concept"": ""TCP_IP_MODEL"", ""extracted_at"": ""2026-08-03T11:55:45.105121""}"	2026-08-03T11:55:45.105123	2026-08-03T11:55:45.105124	"[""TCP_IP_MODEL""]"
KW_ADDRESSING	addressing	Keyword extracted from concept 'IPv4 vs. IPv6': addressing	"{""source"": ""concept_extraction"", ""source_concept"": ""IPV4_VS_IPV6"", ""extracted_at"": ""2026-08-03T11:55:45.105136""}"	2026-08-03T11:55:45.105138	2026-08-03T11:55:45.105139	"[""IPV4_VS_IPV6""]"
KW_SUBNET	subnet	Keyword extracted from concept 'Subnetting': subnet	"{""source"": ""concept_extraction"", ""source_concept"": ""SUBNETTING"", ""extracted_at"": ""2026-08-03T11:55:45.105155""}"	2026-08-03T11:55:45.105158	2026-08-03T11:55:45.105158	"[""SUBNETTING""]"
KW_SUBNETTING	subnetting	Keyword extracted from concept 'Subnetting': subnetting	"{""source"": ""concept_extraction"", ""source_concept"": ""SUBNETTING"", ""extracted_at"": ""2026-08-03T11:55:45.105160""}"	2026-08-03T11:55:45.105162	2026-08-03T11:55:45.105163	"[""SUBNETTING""]"
KW_SUBNETS	subnets	Keyword extracted from concept 'Subnetting': subnets	"{""source"": ""concept_extraction"", ""source_concept"": ""SUBNETTING"", ""extracted_at"": ""2026-08-03T11:55:45.105165""}"	2026-08-03T11:55:45.105167	2026-08-03T11:55:45.105168	"[""SUBNETTING""]"
KW_OPTIMIZATION	optimization	Keyword extracted from concept 'Greedy Algorithms': optimization	"{""source"": ""concept_extraction"", ""source_concept"": ""GREEDY_ALGORITHMS"", ""extracted_at"": ""2026-08-03T11:55:45.105180""}"	2026-08-03T11:55:45.105182	2026-08-03T11:55:45.105183	"[""GREEDY_ALGORITHMS""]"
KW_MERGE	merge	Keyword extracted from concept 'Divide and Conquer': merge	"{""source"": ""concept_extraction"", ""source_concept"": ""DIVIDE_CONQUER"", ""extracted_at"": ""2026-08-03T11:55:45.105220""}"	2026-08-03T11:55:45.105222	2026-08-03T11:55:45.105223	"[""DIVIDE_CONQUER""]"
KW_DYNAMIC	dynamic	Keyword extracted from concept 'Dynamic Programming': dynamic	"{""source"": ""concept_extraction"", ""source_concept"": ""DYNAMIC_PROGRAMMING"", ""extracted_at"": ""2026-08-03T11:55:45.105236""}"	2026-08-03T11:55:45.105238	2026-08-03T11:55:45.105239	"[""DYNAMIC_PROGRAMMING""]"
KW_TABULATION	tabulation	Keyword extracted from concept 'Dynamic Programming': tabulation	"{""source"": ""concept_extraction"", ""source_concept"": ""DYNAMIC_PROGRAMMING"", ""extracted_at"": ""2026-08-03T11:55:45.105241""}"	2026-08-03T11:55:45.105243	2026-08-03T11:55:45.105244	"[""DYNAMIC_PROGRAMMING""]"
KW_MEMOIZATION	memoization	Keyword extracted from concept 'Dynamic Programming': memoization	"{""source"": ""concept_extraction"", ""source_concept"": ""DYNAMIC_PROGRAMMING"", ""extracted_at"": ""2026-08-03T11:55:45.105246""}"	2026-08-03T11:55:45.105248	2026-08-03T11:55:45.105249	"[""DYNAMIC_PROGRAMMING""]"
KW_ASYMPTOTIC	asymptotic	Keyword extracted from concept 'Big O Notation': asymptotic	"{""source"": ""concept_extraction"", ""source_concept"": ""BIG_O_NOTATION"", ""extracted_at"": ""2026-08-03T11:55:45.105270""}"	2026-08-03T11:55:45.105272	2026-08-03T11:55:45.105273	"[""BIG_O_NOTATION""]"
KW_COMPLEXITY	complexity	Keyword extracted from concept 'Big O Notation': complexity	"{""source"": ""concept_extraction"", ""source_concept"": ""BIG_O_NOTATION"", ""extracted_at"": ""2026-08-03T11:55:45.105275""}"	2026-08-03T11:55:45.105277	2026-08-03T11:55:45.105278	"[""BIG_O_NOTATION""]"
KW_NOTATION	notation	Keyword extracted from concept 'Big O Notation': notation	"{""source"": ""concept_extraction"", ""source_concept"": ""BIG_O_NOTATION"", ""extracted_at"": ""2026-08-03T11:55:45.105280""}"	2026-08-03T11:55:45.105282	2026-08-03T11:55:45.105282	"[""BIG_O_NOTATION""]"
KW_ALGORITHM	algorithm	Keyword extracted from concept 'Linear vs. Binary Search': algorithm	"{""source"": ""concept_extraction"", ""source_concept"": ""LINEAR_BINARY_SEARCH"", ""extracted_at"": ""2026-08-03T11:55:45.105285""}"	2026-08-03T11:55:45.105287	2026-08-03T11:55:45.105288	"[""LINEAR_BINARY_SEARCH""]"
KW_LINEAR	linear	Keyword extracted from concept 'Linear vs. Binary Search': linear	"{""source"": ""concept_extraction"", ""source_concept"": ""LINEAR_BINARY_SEARCH"", ""extracted_at"": ""2026-08-03T11:55:45.105294""}"	2026-08-03T11:55:45.105297	2026-08-03T11:55:45.105297	"[""LINEAR_BINARY_SEARCH""]"
KW_BINARY	binary	Keyword extracted from concept 'Linear vs. Binary Search': binary	"{""source"": ""concept_extraction"", ""source_concept"": ""LINEAR_BINARY_SEARCH"", ""extracted_at"": ""2026-08-03T11:55:45.105299""}"	2026-08-03T11:55:45.105301	2026-08-03T11:55:45.105302	"[""LINEAR_BINARY_SEARCH""]"
KW_BUBBLE	bubble	Keyword extracted from concept 'Bubble Sort & Insertion Sort': bubble	"{""source"": ""concept_extraction"", ""source_concept"": ""BUBBLE_INSERTION_SORT"", ""extracted_at"": ""2026-08-03T11:55:45.105310""}"	2026-08-03T11:55:45.105312	2026-08-03T11:55:45.105313	"[""BUBBLE_INSERTION_SORT""]"
KW_INSERTION	insertion	Keyword extracted from concept 'Bubble Sort & Insertion Sort': insertion	"{""source"": ""concept_extraction"", ""source_concept"": ""BUBBLE_INSERTION_SORT"", ""extracted_at"": ""2026-08-03T11:55:45.105324""}"	2026-08-03T11:55:45.105326	2026-08-03T11:55:45.105327	"[""BUBBLE_INSERTION_SORT""]"
KW_SORTING	sorting	Keyword extracted from concept 'Bubble Sort & Insertion Sort': sorting	"{""source"": ""concept_extraction"", ""source_concept"": ""BUBBLE_INSERTION_SORT"", ""extracted_at"": ""2026-08-03T11:55:45.105329""}"	2026-08-03T11:55:45.105331	2026-08-03T11:55:45.105332	"[""BUBBLE_INSERTION_SORT""]"
KW_TABLE	table	Keyword extracted from concept 'Truth Tables': table	"{""source"": ""concept_extraction"", ""source_concept"": ""TRUTH_TABLES"", ""extracted_at"": ""2026-08-03T11:55:45.105339""}"	2026-08-03T11:55:45.105341	2026-08-03T11:55:45.105342	"[""TRUTH_TABLES""]"
KW_TABLES	tables	Keyword extracted from concept 'Truth Tables': tables	"{""source"": ""concept_extraction"", ""source_concept"": ""TRUTH_TABLES"", ""extracted_at"": ""2026-08-03T11:55:45.105344""}"	2026-08-03T11:55:45.105346	2026-08-03T11:55:45.105346	"[""TRUTH_TABLES""]"
KW_TRUTH	truth	Keyword extracted from concept 'Truth Tables': truth	"{""source"": ""concept_extraction"", ""source_concept"": ""TRUTH_TABLES"", ""extracted_at"": ""2026-08-03T11:55:45.105353""}"	2026-08-03T11:55:45.105356	2026-08-03T11:55:45.105357	"[""TRUTH_TABLES""]"
KW_PROPOSITIONAL	propositional	Keyword extracted from concept 'Truth Tables': propositional	"{""source"": ""concept_extraction"", ""source_concept"": ""TRUTH_TABLES"", ""extracted_at"": ""2026-08-03T11:55:45.105359""}"	2026-08-03T11:55:45.105362	2026-08-03T11:55:45.105363	"[""TRUTH_TABLES""]"
KW_GATES	gates	Keyword extracted from concept 'Logic Gates (AND, OR, NOT)': gates	"{""source"": ""concept_extraction"", ""source_concept"": ""LOGIC_GATES"", ""extracted_at"": ""2026-08-03T11:55:45.105376""}"	2026-08-03T11:55:45.105379	2026-08-03T11:55:45.105379	"[""LOGIC_GATES""]"
KW_BOOL	bool	Keyword extracted from concept 'Declaring Primitive Types': bool	"{""source"": ""concept_extraction"", ""source_concept"": ""PRIMITIVE_TYPE_DECLARATION"", ""extracted_at"": ""2026-08-03T11:55:45.105397""}"	2026-08-03T11:55:45.105399	2026-08-03T11:55:45.105400	"[""PRIMITIVE_TYPE_DECLARATION""]"
KW_FLOAT	float	Keyword extracted from concept 'Declaring Primitive Types': float	"{""source"": ""concept_extraction"", ""source_concept"": ""PRIMITIVE_TYPE_DECLARATION"", ""extracted_at"": ""2026-08-03T11:55:45.105402""}"	2026-08-03T11:55:45.105404	2026-08-03T11:55:45.105405	"[""PRIMITIVE_TYPE_DECLARATION""]"
KW_DECLARATION	declaration	Keyword extracted from concept 'Declaring Primitive Types': declaration	"{""source"": ""concept_extraction"", ""source_concept"": ""PRIMITIVE_TYPE_DECLARATION"", ""extracted_at"": ""2026-08-03T11:55:45.105412""}"	2026-08-03T11:55:45.105414	2026-08-03T11:55:45.105415	"[""PRIMITIVE_TYPE_DECLARATION""]"
KW_INT	int	Keyword extracted from concept 'Declaring Primitive Types': int	"{""source"": ""concept_extraction"", ""source_concept"": ""PRIMITIVE_TYPE_DECLARATION"", ""extracted_at"": ""2026-08-03T11:55:45.105417""}"	2026-08-03T11:55:45.105419	2026-08-03T11:55:45.105420	"[""PRIMITIVE_TYPE_DECLARATION""]"
KW_DECLARING	declaring	Keyword extracted from concept 'Declaring Primitive Types': declaring	"{""source"": ""concept_extraction"", ""source_concept"": ""PRIMITIVE_TYPE_DECLARATION"", ""extracted_at"": ""2026-08-03T11:55:45.105422""}"	2026-08-03T11:55:45.105424	2026-08-03T11:55:45.105425	"[""PRIMITIVE_TYPE_DECLARATION""]"
KW_PRIMITIVE	primitive	Keyword extracted from concept 'Declaring Primitive Types': primitive	"{""source"": ""concept_extraction"", ""source_concept"": ""PRIMITIVE_TYPE_DECLARATION"", ""extracted_at"": ""2026-08-03T11:55:45.105426""}"	2026-08-03T11:55:45.105429	2026-08-03T11:55:45.105429	"[""PRIMITIVE_TYPE_DECLARATION""]"
KW_REFERENCE	reference	Keyword extracted from concept 'Declaring Reference Types': reference	"{""source"": ""concept_extraction"", ""source_concept"": ""REFERENCE_TYPE_DECLARATION"", ""extracted_at"": ""2026-08-03T11:55:45.105443""}"	2026-08-03T11:55:45.105445	2026-08-03T11:55:45.105446	"[""REFERENCE_TYPE_DECLARATION""]"
KW_STATEMENT	statement	Keyword extracted from concept 'If-Else Statement': statement	"{""source"": ""concept_extraction"", ""source_concept"": ""IF_ELSE_STATEMENT"", ""extracted_at"": ""2026-08-03T11:55:45.105486""}"	2026-08-03T11:55:45.105488	2026-08-03T11:55:45.105489	"[""IF_ELSE_STATEMENT""]"
KW_CONDITIONAL	conditional	Keyword extracted from concept 'If-Else Statement': conditional	"{""source"": ""concept_extraction"", ""source_concept"": ""IF_ELSE_STATEMENT"", ""extracted_at"": ""2026-08-03T11:55:45.105511""}"	2026-08-03T11:55:45.105513	2026-08-03T11:55:45.105514	"[""IF_ELSE_STATEMENT""]"
KW_MULTI	multi	Keyword extracted from concept 'Switch-Case Statement': multi	"{""source"": ""concept_extraction"", ""source_concept"": ""SWITCH_CASE"", ""extracted_at"": ""2026-08-03T11:55:45.105541""}"	2026-08-03T11:55:45.105543	2026-08-03T11:55:45.105544	"[""SWITCH_CASE""]"
KW_WAY	way	Keyword extracted from concept 'Switch-Case Statement': way	"{""source"": ""concept_extraction"", ""source_concept"": ""SWITCH_CASE"", ""extracted_at"": ""2026-08-03T11:55:45.105546""}"	2026-08-03T11:55:45.105548	2026-08-03T11:55:45.105548	"[""SWITCH_CASE""]"
KW_LOOPING	looping	Keyword extracted from concept 'For Loop': looping	"{""source"": ""concept_extraction"", ""source_concept"": ""FOR_LOOP"", ""extracted_at"": ""2026-08-03T11:55:45.105556""}"	2026-08-03T11:55:45.105558	2026-08-03T11:55:45.105559	"[""FOR_LOOP""]"
KW_ITERATION	iteration	Keyword extracted from concept 'For Loop': iteration	"{""source"": ""concept_extraction"", ""source_concept"": ""FOR_LOOP"", ""extracted_at"": ""2026-08-03T11:55:45.105565""}"	2026-08-03T11:55:45.105567	2026-08-03T11:55:45.105568	"[""FOR_LOOP""]"
KW_REPETITION	repetition	Keyword extracted from concept 'For Loop': repetition	"{""source"": ""concept_extraction"", ""source_concept"": ""FOR_LOOP"", ""extracted_at"": ""2026-08-03T11:55:45.105570""}"	2026-08-03T11:55:45.105572	2026-08-03T11:55:45.105573	"[""FOR_LOOP""]"
KW_CONDITION	condition	Keyword extracted from concept 'While Loop': condition	"{""source"": ""concept_extraction"", ""source_concept"": ""WHILE_LOOP"", ""extracted_at"": ""2026-08-03T11:55:45.105582""}"	2026-08-03T11:55:45.105584	2026-08-03T11:55:45.105585	"[""WHILE_LOOP""]"
KW_INDEX	index	Keyword extracted from concept 'Array Operations': index	"{""source"": ""concept_extraction"", ""source_concept"": ""ARRAY_OPERATIONS"", ""extracted_at"": ""2026-08-03T11:55:45.105618""}"	2026-08-03T11:55:45.105621	2026-08-03T11:55:45.105622	"[""ARRAY_OPERATIONS""]"
KW_THAO	thao	Keyword extracted from concept 'Array Operations': thao	"{""source"": ""concept_extraction"", ""source_concept"": ""ARRAY_OPERATIONS"", ""extracted_at"": ""2026-08-03T11:55:45.105628""}"	2026-08-03T11:55:45.105631	2026-08-03T11:55:45.105631	"[""ARRAY_OPERATIONS""]"
KW_LIST	list	Keyword extracted from concept 'List Operations': list	"{""source"": ""concept_extraction"", ""source_concept"": ""LIST_OPERATIONS"", ""extracted_at"": ""2026-08-03T11:55:45.105658""}"	2026-08-03T11:55:45.105660	2026-08-03T11:55:45.105661	"[""LIST_OPERATIONS""]"
KW_ADD	add	Keyword extracted from concept 'List Operations': add	"{""source"": ""concept_extraction"", ""source_concept"": ""LIST_OPERATIONS"", ""extracted_at"": ""2026-08-03T11:55:45.105672""}"	2026-08-03T11:55:45.105674	2026-08-03T11:55:45.105674	"[""LIST_OPERATIONS""]"
KW_REMOVE	remove	Keyword extracted from concept 'List Operations': remove	"{""source"": ""concept_extraction"", ""source_concept"": ""LIST_OPERATIONS"", ""extracted_at"": ""2026-08-03T11:55:45.105676""}"	2026-08-03T11:55:45.105678	2026-08-03T11:55:45.105679	"[""LIST_OPERATIONS""]"
KW_ASSERTION	assertion	Keyword extracted from concept 'Unit Testing': assertion	"{""source"": ""concept_extraction"", ""source_concept"": ""UNIT_TESTING"", ""extracted_at"": ""2026-08-03T11:55:45.105693""}"	2026-08-03T11:55:45.105695	2026-08-03T11:55:45.105696	"[""UNIT_TESTING""]"
KW_TESTING	testing	Keyword extracted from concept 'Unit Testing': testing	"{""source"": ""concept_extraction"", ""source_concept"": ""UNIT_TESTING"", ""extracted_at"": ""2026-08-03T11:55:45.105702""}"	2026-08-03T11:55:45.105704	2026-08-03T11:55:45.105705	"[""UNIT_TESTING""]"
KW_BREAKPOINT	breakpoint	Keyword extracted from concept 'Using Breakpoints': breakpoint	"{""source"": ""concept_extraction"", ""source_concept"": ""BREAKPOINTS"", ""extracted_at"": ""2026-08-03T11:55:45.105717""}"	2026-08-03T11:55:45.105719	2026-08-03T11:55:45.105720	"[""BREAKPOINTS""]"
KW_DEBUGGER	debugger	Keyword extracted from concept 'Using Breakpoints': debugger	"{""source"": ""concept_extraction"", ""source_concept"": ""BREAKPOINTS"", ""extracted_at"": ""2026-08-03T11:55:45.105726""}"	2026-08-03T11:55:45.105728	2026-08-03T11:55:45.105729	"[""BREAKPOINTS""]"
KW_BREAKPOINTS	breakpoints	Keyword extracted from concept 'Using Breakpoints': breakpoints	"{""source"": ""concept_extraction"", ""source_concept"": ""BREAKPOINTS"", ""extracted_at"": ""2026-08-03T11:55:45.105731""}"	2026-08-03T11:55:45.105733	2026-08-03T11:55:45.105734	"[""BREAKPOINTS""]"
KW_STRUCTURE	structure	Keyword extracted from concept 'HTML Document Structure': structure	"{""source"": ""concept_extraction"", ""source_concept"": ""HTML_STRUCTURE"", ""extracted_at"": ""2026-08-03T11:55:45.105741""}"	2026-08-03T11:55:45.105743	2026-08-03T11:55:45.105744	"[""HTML_STRUCTURE""]"
KW_DOCUMENT	document	Keyword extracted from concept 'HTML Document Structure': document	"{""source"": ""concept_extraction"", ""source_concept"": ""HTML_STRUCTURE"", ""extracted_at"": ""2026-08-03T11:55:45.105746""}"	2026-08-03T11:55:45.105748	2026-08-03T11:55:45.105749	"[""HTML_STRUCTURE""]"
KW_HEAD	head	Keyword extracted from concept 'HTML Document Structure': head	"{""source"": ""concept_extraction"", ""source_concept"": ""HTML_STRUCTURE"", ""extracted_at"": ""2026-08-03T11:55:45.105750""}"	2026-08-03T11:55:45.105753	2026-08-03T11:55:45.105753	"[""HTML_STRUCTURE""]"
KW_BODY	body	Keyword extracted from concept 'HTML Document Structure': body	"{""source"": ""concept_extraction"", ""source_concept"": ""HTML_STRUCTURE"", ""extracted_at"": ""2026-08-03T11:55:45.105760""}"	2026-08-03T11:55:45.105762	2026-08-03T11:55:45.105763	"[""HTML_STRUCTURE""]"
KW_STYLING	styling	Keyword extracted from concept 'CSS Selectors': styling	"{""source"": ""concept_extraction"", ""source_concept"": ""CSS_SELECTORS"", ""extracted_at"": ""2026-08-03T11:55:45.105765""}"	2026-08-03T11:55:45.105767	2026-08-03T11:55:45.105768	"[""CSS_SELECTORS""]"
KW_SELECTORS	selectors	Keyword extracted from concept 'CSS Selectors': selectors	"{""source"": ""concept_extraction"", ""source_concept"": ""CSS_SELECTORS"", ""extracted_at"": ""2026-08-03T11:55:45.105770""}"	2026-08-03T11:55:45.105772	2026-08-03T11:55:45.105773	"[""CSS_SELECTORS""]"
KW_TRANG	trang	Keyword extracted from concept 'DOM Manipulation': trang	"{""source"": ""concept_extraction"", ""source_concept"": ""DOM_MANIPULATION"", ""extracted_at"": ""2026-08-03T11:55:45.105804""}"	2026-08-03T11:55:45.105806	2026-08-03T11:55:45.105807	"[""DOM_MANIPULATION""]"
KW_SCRIPTING	scripting	Keyword extracted from concept 'DOM Manipulation': scripting	"{""source"": ""concept_extraction"", ""source_concept"": ""DOM_MANIPULATION"", ""extracted_at"": ""2026-08-03T11:55:45.105813""}"	2026-08-03T11:55:45.105815	2026-08-03T11:55:45.105816	"[""DOM_MANIPULATION""]"
KW_SIDE	side	Keyword extracted from concept 'DOM Manipulation': side	"{""source"": ""concept_extraction"", ""source_concept"": ""DOM_MANIPULATION"", ""extracted_at"": ""2026-08-03T11:55:45.105818""}"	2026-08-03T11:55:45.105820	2026-08-03T11:55:45.105821	"[""DOM_MANIPULATION""]"
KW_MUTATION	mutation	Keyword extracted from concept 'DOM Manipulation': mutation	"{""source"": ""concept_extraction"", ""source_concept"": ""DOM_MANIPULATION"", ""extracted_at"": ""2026-08-03T11:55:45.105822""}"	2026-08-03T11:55:45.105825	2026-08-03T11:55:45.105825	"[""DOM_MANIPULATION""]"
KW_CLIENT	client	Keyword extracted from concept 'DOM Manipulation': client	"{""source"": ""concept_extraction"", ""source_concept"": ""DOM_MANIPULATION"", ""extracted_at"": ""2026-08-03T11:55:45.105832""}"	2026-08-03T11:55:45.105834	2026-08-03T11:55:45.105835	"[""DOM_MANIPULATION""]"
KW_ELEMENT	element	Keyword extracted from concept 'DOM Manipulation': element	"{""source"": ""concept_extraction"", ""source_concept"": ""DOM_MANIPULATION"", ""extracted_at"": ""2026-08-03T11:55:45.105836""}"	2026-08-03T11:55:45.105839	2026-08-03T11:55:45.105839	"[""DOM_MANIPULATION""]"
KW_DUNG	dung	Keyword extracted from concept 'DOM Manipulation': dung	"{""source"": ""concept_extraction"", ""source_concept"": ""DOM_MANIPULATION"", ""extracted_at"": ""2026-08-03T11:55:45.105841""}"	2026-08-03T11:55:45.105843	2026-08-03T11:55:45.105844	"[""DOM_MANIPULATION""]"
KW_QUERY	query	Keyword extracted from concept 'DOM Manipulation': query	"{""source"": ""concept_extraction"", ""source_concept"": ""DOM_MANIPULATION"", ""extracted_at"": ""2026-08-03T11:55:45.105846""}"	2026-08-03T11:55:45.105848	2026-08-03T11:55:45.105849	"[""DOM_MANIPULATION""]"
KW_PUSH	push	Keyword extracted from concept 'Stack Operations (Push/Pop)': push	"{""source"": ""concept_extraction"", ""source_concept"": ""STACK_OPERATIONS"", ""extracted_at"": ""2026-08-03T11:55:45.105876""}"	2026-08-03T11:55:45.105878	2026-08-03T11:55:45.105879	"[""STACK_OPERATIONS""]"
KW_POP	pop	Keyword extracted from concept 'Stack Operations (Push/Pop)': pop	"{""source"": ""concept_extraction"", ""source_concept"": ""STACK_OPERATIONS"", ""extracted_at"": ""2026-08-03T11:55:45.105890""}"	2026-08-03T11:55:45.105892	2026-08-03T11:55:45.105893	"[""STACK_OPERATIONS""]"
KW_DEQUEUE	dequeue	Keyword extracted from concept 'Queue Operations (Enqueue/Dequeue)': dequeue	"{""source"": ""concept_extraction"", ""source_concept"": ""QUEUE_OPERATIONS"", ""extracted_at"": ""2026-08-03T11:55:45.105901""}"	2026-08-03T11:55:45.105903	2026-08-03T11:55:45.105904	"[""QUEUE_OPERATIONS""]"
KW_ENQUEUE	enqueue	Keyword extracted from concept 'Queue Operations (Enqueue/Dequeue)': enqueue	"{""source"": ""concept_extraction"", ""source_concept"": ""QUEUE_OPERATIONS"", ""extracted_at"": ""2026-08-03T11:55:45.105919""}"	2026-08-03T11:55:45.105921	2026-08-03T11:55:45.105922	"[""QUEUE_OPERATIONS""]"
KW_DEFINITIONS	definitions	Keyword extracted from concept 'AI vs. ML vs. Deep Learning': definitions	"{""source"": ""concept_extraction"", ""source_concept"": ""AI_VS_ML"", ""extracted_at"": ""2026-08-03T11:55:45.105934""}"	2026-08-03T11:55:45.105936	2026-08-03T11:55:45.105937	"[""AI_VS_ML""]"
KW_EMPATHY	empathy	Keyword extracted from concept 'Creating User Personas': empathy	"{""source"": ""concept_extraction"", ""source_concept"": ""USER_PERSONAS"", ""extracted_at"": ""2026-08-03T11:55:45.105953""}"	2026-08-03T11:55:45.105955	2026-08-03T11:55:45.105956	"[""USER_PERSONAS""]"
KW_RESEARCH	research	Keyword extracted from concept 'Creating User Personas': research	"{""source"": ""concept_extraction"", ""source_concept"": ""USER_PERSONAS"", ""extracted_at"": ""2026-08-03T11:55:45.105972""}"	2026-08-03T11:55:45.105974	2026-08-03T11:55:45.105975	"[""USER_PERSONAS""]"
KW_CREATING	creating	Keyword extracted from concept 'Creating User Personas': creating	"{""source"": ""concept_extraction"", ""source_concept"": ""USER_PERSONAS"", ""extracted_at"": ""2026-08-03T11:55:45.105977""}"	2026-08-03T11:55:45.105979	2026-08-03T11:55:45.105979	"[""USER_PERSONAS""]"
KW_USABILITY	usability	Keyword extracted from concept 'Usability Testing': usability	"{""source"": ""concept_extraction"", ""source_concept"": ""USABILITY_TESTING"", ""extracted_at"": ""2026-08-03T11:55:45.106001""}"	2026-08-03T11:55:45.106004	2026-08-03T11:55:45.106005	"[""USABILITY_TESTING""]"
KW_PASSWORD	password	Keyword extracted from concept 'Strong Passwords': password	"{""source"": ""concept_extraction"", ""source_concept"": ""PASSWORD_STRENGTH_CONCEPT"", ""extracted_at"": ""2026-08-03T11:55:45.106017""}"	2026-08-03T11:55:45.106019	2026-08-03T11:55:45.106020	"[""PASSWORD_STRENGTH_CONCEPT""]"
KW_PASSWORDS	passwords	Keyword extracted from concept 'Strong Passwords': passwords	"{""source"": ""concept_extraction"", ""source_concept"": ""PASSWORD_STRENGTH_CONCEPT"", ""extracted_at"": ""2026-08-03T11:55:45.106027""}"	2026-08-03T11:55:45.106029	2026-08-03T11:55:45.106030	"[""PASSWORD_STRENGTH_CONCEPT""]"
KW_AUTHENTICATION	authentication	Keyword extracted from concept 'Strong Passwords': authentication	"{""source"": ""concept_extraction"", ""source_concept"": ""PASSWORD_STRENGTH_CONCEPT"", ""extracted_at"": ""2026-08-03T11:55:45.106032""}"	2026-08-03T11:55:45.106034	2026-08-03T11:55:45.106034	"[""PASSWORD_STRENGTH_CONCEPT""]"
KW_EMAIL	email	Keyword extracted from concept 'Identifying Phishing Attempts': email	"{""source"": ""concept_extraction"", ""source_concept"": ""PHISHING_IDENTIFICATION"", ""extracted_at"": ""2026-08-03T11:55:45.106037""}"	2026-08-03T11:55:45.106039	2026-08-03T11:55:45.106040	"[""PHISHING_IDENTIFICATION""]"
KW_ENGINEERING	engineering	Keyword extracted from concept 'Identifying Phishing Attempts': engineering	"{""source"": ""concept_extraction"", ""source_concept"": ""PHISHING_IDENTIFICATION"", ""extracted_at"": ""2026-08-03T11:55:45.106042""}"	2026-08-03T11:55:45.106044	2026-08-03T11:55:45.106045	"[""PHISHING_IDENTIFICATION""]"
KW_IDENTIFYING	identifying	Keyword extracted from concept 'Identifying Phishing Attempts': identifying	"{""source"": ""concept_extraction"", ""source_concept"": ""PHISHING_IDENTIFICATION"", ""extracted_at"": ""2026-08-03T11:55:45.106047""}"	2026-08-03T11:55:45.106049	2026-08-03T11:55:45.106049	"[""PHISHING_IDENTIFICATION""]"
KW_PHISHING	phishing	Keyword extracted from concept 'Identifying Phishing Attempts': phishing	"{""source"": ""concept_extraction"", ""source_concept"": ""PHISHING_IDENTIFICATION"", ""extracted_at"": ""2026-08-03T11:55:45.106056""}"	2026-08-03T11:55:45.106058	2026-08-03T11:55:45.106059	"[""PHISHING_IDENTIFICATION""]"
KW_ATTEMPTS	attempts	Keyword extracted from concept 'Identifying Phishing Attempts': attempts	"{""source"": ""concept_extraction"", ""source_concept"": ""PHISHING_IDENTIFICATION"", ""extracted_at"": ""2026-08-03T11:55:45.106061""}"	2026-08-03T11:55:45.106063	2026-08-03T11:55:45.106064	"[""PHISHING_IDENTIFICATION""]"
KW_SOCIAL	social	Keyword extracted from concept 'Identifying Phishing Attempts': social	"{""source"": ""concept_extraction"", ""source_concept"": ""PHISHING_IDENTIFICATION"", ""extracted_at"": ""2026-08-03T11:55:45.106065""}"	2026-08-03T11:55:45.106067	2026-08-03T11:55:45.106068	"[""PHISHING_IDENTIFICATION""]"
KW_SCAM	scam	Keyword extracted from concept 'Identifying Phishing Attempts': scam	"{""source"": ""concept_extraction"", ""source_concept"": ""PHISHING_IDENTIFICATION"", ""extracted_at"": ""2026-08-03T11:55:45.106070""}"	2026-08-03T11:55:45.106072	2026-08-03T11:55:45.106073	"[""PHISHING_IDENTIFICATION""]"
KW_ERRORS	errors	Keyword extracted from concept 'Logical Errors': errors	"{""source"": ""concept_extraction"", ""source_concept"": ""LOGIC_ERRORS"", ""extracted_at"": ""2026-08-03T11:55:45.106075""}"	2026-08-03T11:55:45.106078	2026-08-03T11:55:45.106078	"[""LOGIC_ERRORS""]"
KW_MONG	mong	Keyword extracted from concept 'Logical Errors': mong	"{""source"": ""concept_extraction"", ""source_concept"": ""LOGIC_ERRORS"", ""extracted_at"": ""2026-08-03T11:55:45.106080""}"	2026-08-03T11:55:45.106084	2026-08-03T11:55:45.106084	"[""LOGIC_ERRORS""]"
KW_OUTPUT	output	Keyword extracted from concept 'Logical Errors': output	"{""source"": ""concept_extraction"", ""source_concept"": ""LOGIC_ERRORS"", ""extracted_at"": ""2026-08-03T11:55:45.106091""}"	2026-08-03T11:55:45.106093	2026-08-03T11:55:45.106094	"[""LOGIC_ERRORS""]"
KW_RUNTIME	runtime	Keyword extracted from concept 'Logical Errors': runtime	"{""source"": ""concept_extraction"", ""source_concept"": ""LOGIC_ERRORS"", ""extracted_at"": ""2026-08-03T11:55:45.106096""}"	2026-08-03T11:55:45.106098	2026-08-03T11:55:45.106099	"[""LOGIC_ERRORS""]"
KW_LOGICAL	logical	Keyword extracted from concept 'Logical Errors': logical	"{""source"": ""concept_extraction"", ""source_concept"": ""LOGIC_ERRORS"", ""extracted_at"": ""2026-08-03T11:55:45.106106""}"	2026-08-03T11:55:45.106108	2026-08-03T11:55:45.106109	"[""LOGIC_ERRORS""]"
KW_BUG	bug	Keyword extracted from concept 'Logical Errors': bug	"{""source"": ""concept_extraction"", ""source_concept"": ""LOGIC_ERRORS"", ""extracted_at"": ""2026-08-03T11:55:45.106111""}"	2026-08-03T11:55:45.106114	2026-08-03T11:55:45.106115	"[""LOGIC_ERRORS""]"
KW_INCORRECT	incorrect	Keyword extracted from concept 'Logical Errors': incorrect	"{""source"": ""concept_extraction"", ""source_concept"": ""LOGIC_ERRORS"", ""extracted_at"": ""2026-08-03T11:55:45.106121""}"	2026-08-03T11:55:45.106123	2026-08-03T11:55:45.106124	"[""LOGIC_ERRORS""]"
KW_PARSING	parsing	Keyword extracted from concept 'Syntax Errors': parsing	"{""source"": ""concept_extraction"", ""source_concept"": ""SYNTAX_ERRORS"", ""extracted_at"": ""2026-08-03T11:55:45.106132""}"	2026-08-03T11:55:45.106134	2026-08-03T11:55:45.106135	"[""SYNTAX_ERRORS""]"
KW_SYNTAX	syntax	Keyword extracted from concept 'Syntax Errors': syntax	"{""source"": ""concept_extraction"", ""source_concept"": ""SYNTAX_ERRORS"", ""extracted_at"": ""2026-08-03T11:55:45.106136""}"	2026-08-03T11:55:45.106138	2026-08-03T11:55:45.106139	"[""SYNTAX_ERRORS""]"
KW_COMPILER	compiler	Keyword extracted from concept 'Syntax Errors': compiler	"{""source"": ""concept_extraction"", ""source_concept"": ""SYNTAX_ERRORS"", ""extracted_at"": ""2026-08-03T11:55:45.106146""}"	2026-08-03T11:55:45.106148	2026-08-03T11:55:45.106149	"[""SYNTAX_ERRORS""]"
KW_ZERO	zero	Keyword extracted from concept 'Runtime Errors': zero	"{""source"": ""concept_extraction"", ""source_concept"": ""RUNTIME_ERRORS"", ""extracted_at"": ""2026-08-03T11:55:45.106156""}"	2026-08-03T11:55:45.106158	2026-08-03T11:55:45.106159	"[""RUNTIME_ERRORS""]"
KW_CRASH	crash	Keyword extracted from concept 'Runtime Errors': crash	"{""source"": ""concept_extraction"", ""source_concept"": ""RUNTIME_ERRORS"", ""extracted_at"": ""2026-08-03T11:55:45.106170""}"	2026-08-03T11:55:45.106172	2026-08-03T11:55:45.106173	"[""RUNTIME_ERRORS""]"
KW_EXCEPTION	exception	Keyword extracted from concept 'Runtime Errors': exception	"{""source"": ""concept_extraction"", ""source_concept"": ""RUNTIME_ERRORS"", ""extracted_at"": ""2026-08-03T11:55:45.106184""}"	2026-08-03T11:55:45.106187	2026-08-03T11:55:45.106187	"[""RUNTIME_ERRORS""]"
KW_INTEGRATION	integration	Keyword extracted from concept 'API Integration': integration	"{""source"": ""concept_extraction"", ""source_concept"": ""API_INTEGRATION"", ""extracted_at"": ""2026-08-03T11:55:45.106206""}"	2026-08-03T11:55:45.106208	2026-08-03T11:55:45.106209	"[""API_INTEGRATION""]"
KW_SERVER	server	Keyword extracted from concept 'REST Architectural Principles': server	"{""source"": ""concept_extraction"", ""source_concept"": ""REST_PRINCIPLES"", ""extracted_at"": ""2026-08-03T11:55:45.106212""}"	2026-08-03T11:55:45.106214	2026-08-03T11:55:45.106215	"[""REST_PRINCIPLES""]"
KW_STATELESS	stateless	Keyword extracted from concept 'REST Architectural Principles': stateless	"{""source"": ""concept_extraction"", ""source_concept"": ""REST_PRINCIPLES"", ""extracted_at"": ""2026-08-03T11:55:45.106221""}"	2026-08-03T11:55:45.106223	2026-08-03T11:55:45.106224	"[""REST_PRINCIPLES""]"
KW_ARCHITECTURAL	architectural	Keyword extracted from concept 'REST Architectural Principles': architectural	"{""source"": ""concept_extraction"", ""source_concept"": ""REST_PRINCIPLES"", ""extracted_at"": ""2026-08-03T11:55:45.106231""}"	2026-08-03T11:55:45.106233	2026-08-03T11:55:45.106233	"[""REST_PRINCIPLES""]"
KW_STYLE	style	Keyword extracted from concept 'REST Architectural Principles': style	"{""source"": ""concept_extraction"", ""source_concept"": ""REST_PRINCIPLES"", ""extracted_at"": ""2026-08-03T11:55:45.106235""}"	2026-08-03T11:55:45.106237	2026-08-03T11:55:45.106238	"[""REST_PRINCIPLES""]"
KW_TRANSFER	transfer	Keyword extracted from concept 'REST Architectural Principles': transfer	"{""source"": ""concept_extraction"", ""source_concept"": ""REST_PRINCIPLES"", ""extracted_at"": ""2026-08-03T11:55:45.106240""}"	2026-08-03T11:55:45.106242	2026-08-03T11:55:45.106243	"[""REST_PRINCIPLES""]"
KW_REPRESENTATIONAL	representational	Keyword extracted from concept 'REST Architectural Principles': representational	"{""source"": ""concept_extraction"", ""source_concept"": ""REST_PRINCIPLES"", ""extracted_at"": ""2026-08-03T11:55:45.106255""}"	2026-08-03T11:55:45.106257	2026-08-03T11:55:45.106258	"[""REST_PRINCIPLES""]"
KW_NORMALIZATION	normalization	Keyword extracted from concept 'Database Normalization': normalization	"{""source"": ""concept_extraction"", ""source_concept"": ""DATABASE_NORMALIZATION"", ""extracted_at"": ""2026-08-03T11:55:45.106271""}"	2026-08-03T11:55:45.106273	2026-08-03T11:55:45.106273	"[""DATABASE_NORMALIZATION""]"
KW_STATISTICAL	statistical	Keyword extracted from concept 'Basic Statistical Measures': statistical	"{""source"": ""concept_extraction"", ""source_concept"": ""STATISTICAL_MEASURES"", ""extracted_at"": ""2026-08-03T11:55:45.106290""}"	2026-08-03T11:55:45.106293	2026-08-03T11:55:45.106293	"[""STATISTICAL_MEASURES""]"
KW_STATISTICS	statistics	Keyword extracted from concept 'Basic Statistical Measures': statistics	"{""source"": ""concept_extraction"", ""source_concept"": ""STATISTICAL_MEASURES"", ""extracted_at"": ""2026-08-03T11:55:45.106295""}"	2026-08-03T11:55:45.106299	2026-08-03T11:55:45.106299	"[""STATISTICAL_MEASURES""]"
KW_STANDARD	standard	Keyword extracted from concept 'Basic Statistical Measures': standard	"{""source"": ""concept_extraction"", ""source_concept"": ""STATISTICAL_MEASURES"", ""extracted_at"": ""2026-08-03T11:55:45.106301""}"	2026-08-03T11:55:45.106303	2026-08-03T11:55:45.106304	"[""STATISTICAL_MEASURES""]"
KW_MEASURES	measures	Keyword extracted from concept 'Basic Statistical Measures': measures	"{""source"": ""concept_extraction"", ""source_concept"": ""STATISTICAL_MEASURES"", ""extracted_at"": ""2026-08-03T11:55:45.106306""}"	2026-08-03T11:55:45.106308	2026-08-03T11:55:45.106309	"[""STATISTICAL_MEASURES""]"
KW_MEAN	mean	Keyword extracted from concept 'Basic Statistical Measures': mean	"{""source"": ""concept_extraction"", ""source_concept"": ""STATISTICAL_MEASURES"", ""extracted_at"": ""2026-08-03T11:55:45.106320""}"	2026-08-03T11:55:45.106322	2026-08-03T11:55:45.106323	"[""STATISTICAL_MEASURES""]"
KW_MEDIAN	median	Keyword extracted from concept 'Basic Statistical Measures': median	"{""source"": ""concept_extraction"", ""source_concept"": ""STATISTICAL_MEASURES"", ""extracted_at"": ""2026-08-03T11:55:45.106325""}"	2026-08-03T11:55:45.106327	2026-08-03T11:55:45.106328	"[""STATISTICAL_MEASURES""]"
KW_DEVIATION	deviation	Keyword extracted from concept 'Basic Statistical Measures': deviation	"{""source"": ""concept_extraction"", ""source_concept"": ""STATISTICAL_MEASURES"", ""extracted_at"": ""2026-08-03T11:55:45.106329""}"	2026-08-03T11:55:45.106331	2026-08-03T11:55:45.106332	"[""STATISTICAL_MEASURES""]"
KW_PROBABILITY	probability	Keyword extracted from concept 'Basic Probability': probability	"{""source"": ""concept_extraction"", ""source_concept"": ""PROBABILITY_BASICS"", ""extracted_at"": ""2026-08-03T11:55:45.106344""}"	2026-08-03T11:55:45.106362	2026-08-03T11:55:45.106363	"[""PROBABILITY_BASICS""]"
KW_SAMPLE	sample	Keyword extracted from concept 'Basic Probability': sample	"{""source"": ""concept_extraction"", ""source_concept"": ""PROBABILITY_BASICS"", ""extracted_at"": ""2026-08-03T11:55:45.106374""}"	2026-08-03T11:55:45.106376	2026-08-03T11:55:45.106377	"[""PROBABILITY_BASICS""]"
KW_DISTRIBUTIONS	distributions	Keyword extracted from concept 'Basic Data Distributions': distributions	"{""source"": ""concept_extraction"", ""source_concept"": ""DATA_DISTRIBUTIONS"", ""extracted_at"": ""2026-08-03T11:55:45.106384""}"	2026-08-03T11:55:45.106386	2026-08-03T11:55:45.106387	"[""DATA_DISTRIBUTIONS""]"
KW_NORMAL	normal	Keyword extracted from concept 'Basic Data Distributions': normal	"{""source"": ""concept_extraction"", ""source_concept"": ""DATA_DISTRIBUTIONS"", ""extracted_at"": ""2026-08-03T11:55:45.106389""}"	2026-08-03T11:55:45.106391	2026-08-03T11:55:45.106391	"[""DATA_DISTRIBUTIONS""]"
KW_DISTRIBUTION	distribution	Keyword extracted from concept 'Basic Data Distributions': distribution	"{""source"": ""concept_extraction"", ""source_concept"": ""DATA_DISTRIBUTIONS"", ""extracted_at"": ""2026-08-03T11:55:45.106393""}"	2026-08-03T11:55:45.106395	2026-08-03T11:55:45.106396	"[""DATA_DISTRIBUTIONS""]"
KW_GAUSSIAN	gaussian	Keyword extracted from concept 'Basic Data Distributions': gaussian	"{""source"": ""concept_extraction"", ""source_concept"": ""DATA_DISTRIBUTIONS"", ""extracted_at"": ""2026-08-03T11:55:45.106402""}"	2026-08-03T11:55:45.106405	2026-08-03T11:55:45.106405	"[""DATA_DISTRIBUTIONS""]"
KW_UNIFORM	uniform	Keyword extracted from concept 'Basic Data Distributions': uniform	"{""source"": ""concept_extraction"", ""source_concept"": ""DATA_DISTRIBUTIONS"", ""extracted_at"": ""2026-08-03T11:55:45.106407""}"	2026-08-03T11:55:45.106409	2026-08-03T11:55:45.106410	"[""DATA_DISTRIBUTIONS""]"
KW_FIELDS	fields	Keyword extracted from concept 'Class Definition': fields	"{""source"": ""concept_extraction"", ""source_concept"": ""CLASS_DEFINITION"", ""extracted_at"": ""2026-08-03T11:55:45.106422""}"	2026-08-03T11:55:45.106424	2026-08-03T11:55:45.106425	"[""CLASS_DEFINITION""]"
KW_DEFINITION	definition	Keyword extracted from concept 'Class Definition': definition	"{""source"": ""concept_extraction"", ""source_concept"": ""CLASS_DEFINITION"", ""extracted_at"": ""2026-08-03T11:55:45.106431""}"	2026-08-03T11:55:45.106433	2026-08-03T11:55:45.106434	"[""CLASS_DEFINITION""]"
KW_CONSTRUCTOR	constructor	Keyword extracted from concept 'Object Instantiation': constructor	"{""source"": ""concept_extraction"", ""source_concept"": ""OBJECT_INSTANTIATION"", ""extracted_at"": ""2026-08-03T11:55:45.106437""}"	2026-08-03T11:55:45.106439	2026-08-03T11:55:45.106439	"[""OBJECT_INSTANTIATION""]"
KW_INSTANTIATION	instantiation	Keyword extracted from concept 'Object Instantiation': instantiation	"{""source"": ""concept_extraction"", ""source_concept"": ""OBJECT_INSTANTIATION"", ""extracted_at"": ""2026-08-03T11:55:45.106451""}"	2026-08-03T11:55:45.106453	2026-08-03T11:55:45.106454	"[""OBJECT_INSTANTIATION""]"
KW_INSTANCE	instance	Keyword extracted from concept 'Object Instantiation': instance	"{""source"": ""concept_extraction"", ""source_concept"": ""OBJECT_INSTANTIATION"", ""extracted_at"": ""2026-08-03T11:55:45.106455""}"	2026-08-03T11:55:45.106459	2026-08-03T11:55:45.106460	"[""OBJECT_INSTANTIATION""]"
KW_SUBCLASS	subclass	Keyword extracted from concept 'Inheritance Syntax': subclass	"{""source"": ""concept_extraction"", ""source_concept"": ""INHERITANCE_SYNTAX"", ""extracted_at"": ""2026-08-03T11:55:45.106463""}"	2026-08-03T11:55:45.106465	2026-08-03T11:55:45.106466	"[""INHERITANCE_SYNTAX""]"
KW_SUPERCLASS	superclass	Keyword extracted from concept 'Inheritance Syntax': superclass	"{""source"": ""concept_extraction"", ""source_concept"": ""INHERITANCE_SYNTAX"", ""extracted_at"": ""2026-08-03T11:55:45.106467""}"	2026-08-03T11:55:45.106470	2026-08-03T11:55:45.106470	"[""INHERITANCE_SYNTAX""]"
KW_INHERITANCE	inheritance	Keyword extracted from concept 'Inheritance Syntax': inheritance	"{""source"": ""concept_extraction"", ""source_concept"": ""INHERITANCE_SYNTAX"", ""extracted_at"": ""2026-08-03T11:55:45.106472""}"	2026-08-03T11:55:45.106474	2026-08-03T11:55:45.106475	"[""INHERITANCE_SYNTAX""]"
KW_POLYMORPHISM	polymorphism	Keyword extracted from concept 'Method Overriding': polymorphism	"{""source"": ""concept_extraction"", ""source_concept"": ""METHOD_OVERRIDING"", ""extracted_at"": ""2026-08-03T11:55:45.106487""}"	2026-08-03T11:55:45.106489	2026-08-03T11:55:45.106490	"[""METHOD_OVERRIDING""]"
KW_DISPATCH	dispatch	Keyword extracted from concept 'Method Overriding': dispatch	"{""source"": ""concept_extraction"", ""source_concept"": ""METHOD_OVERRIDING"", ""extracted_at"": ""2026-08-03T11:55:45.106501""}"	2026-08-03T11:55:45.106503	2026-08-03T11:55:45.106504	"[""METHOD_OVERRIDING""]"
KW_METHOD	method	Keyword extracted from concept 'Method Overriding': method	"{""source"": ""concept_extraction"", ""source_concept"": ""METHOD_OVERRIDING"", ""extracted_at"": ""2026-08-03T11:55:45.106516""}"	2026-08-03T11:55:45.106518	2026-08-03T11:55:45.106519	"[""METHOD_OVERRIDING""]"
KW_OVERRIDE	override	Keyword extracted from concept 'Method Overriding': override	"{""source"": ""concept_extraction"", ""source_concept"": ""METHOD_OVERRIDING"", ""extracted_at"": ""2026-08-03T11:55:45.106521""}"	2026-08-03T11:55:45.106523	2026-08-03T11:55:45.106523	"[""METHOD_OVERRIDING""]"
KW_OVERRIDING	overriding	Keyword extracted from concept 'Method Overriding': overriding	"{""source"": ""concept_extraction"", ""source_concept"": ""METHOD_OVERRIDING"", ""extracted_at"": ""2026-08-03T11:55:45.106525""}"	2026-08-03T11:55:45.106527	2026-08-03T11:55:45.106528	"[""METHOD_OVERRIDING""]"
KW_MODIFIERS	modifiers	Keyword extracted from concept 'Access Modifiers': modifiers	"{""source"": ""concept_extraction"", ""source_concept"": ""ACCESS_MODIFIERS"", ""extracted_at"": ""2026-08-03T11:55:45.106531""}"	2026-08-03T11:55:45.106533	2026-08-03T11:55:45.106534	"[""ACCESS_MODIFIERS""]"
KW_ENCAPSULATION	encapsulation	Keyword extracted from concept 'Access Modifiers': encapsulation	"{""source"": ""concept_extraction"", ""source_concept"": ""ACCESS_MODIFIERS"", ""extracted_at"": ""2026-08-03T11:55:45.106560""}"	2026-08-03T11:55:45.106562	2026-08-03T11:55:45.106563	"[""ACCESS_MODIFIERS""]"
KW_VARIABLE	variable	Keyword extracted from concept 'Static Members': variable	"{""source"": ""concept_extraction"", ""source_concept"": ""STATIC_MEMBERS_CONCEPT"", ""extracted_at"": ""2026-08-03T11:55:45.106566""}"	2026-08-03T11:55:45.106568	2026-08-03T11:55:45.106569	"[""STATIC_MEMBERS_CONCEPT""]"
KW_MEMBERS	members	Keyword extracted from concept 'Static Members': members	"{""source"": ""concept_extraction"", ""source_concept"": ""STATIC_MEMBERS_CONCEPT"", ""extracted_at"": ""2026-08-03T11:55:45.106584""}"	2026-08-03T11:55:45.106586	2026-08-03T11:55:45.106587	"[""STATIC_MEMBERS_CONCEPT""]"
KW_CHUNG	chung	Keyword extracted from concept 'Static Members': chung	"{""source"": ""concept_extraction"", ""source_concept"": ""STATIC_MEMBERS_CONCEPT"", ""extracted_at"": ""2026-08-03T11:55:45.106593""}"	2026-08-03T11:55:45.106595	2026-08-03T11:55:45.106596	"[""STATIC_MEMBERS_CONCEPT""]"
KW_LAMBDA	lambda	Keyword extracted from concept 'First-Class & Higher-Order Functions': lambda	"{""source"": ""concept_extraction"", ""source_concept"": ""FIRST_CLASS_FUNCTIONS_CONCEPT"", ""extracted_at"": ""2026-08-03T11:55:45.106599""}"	2026-08-03T11:55:45.106601	2026-08-03T11:55:45.106602	"[""FIRST_CLASS_FUNCTIONS_CONCEPT""]"
KW_ORDER	order	Keyword extracted from concept 'First-Class & Higher-Order Functions': order	"{""source"": ""concept_extraction"", ""source_concept"": ""FIRST_CLASS_FUNCTIONS_CONCEPT"", ""extracted_at"": ""2026-08-03T11:55:45.106604""}"	2026-08-03T11:55:45.106608	2026-08-03T11:55:45.106609	"[""FIRST_CLASS_FUNCTIONS_CONCEPT""]"
KW_HIGHER	higher	Keyword extracted from concept 'First-Class & Higher-Order Functions': higher	"{""source"": ""concept_extraction"", ""source_concept"": ""FIRST_CLASS_FUNCTIONS_CONCEPT"", ""extracted_at"": ""2026-08-03T11:55:45.106611""}"	2026-08-03T11:55:45.106613	2026-08-03T11:55:45.106614	"[""FIRST_CLASS_FUNCTIONS_CONCEPT""]"
KW_CLOSURES	closures	Keyword extracted from concept 'First-Class & Higher-Order Functions': closures	"{""source"": ""concept_extraction"", ""source_concept"": ""FIRST_CLASS_FUNCTIONS_CONCEPT"", ""extracted_at"": ""2026-08-03T11:55:45.106615""}"	2026-08-03T11:55:45.106618	2026-08-03T11:55:45.106618	"[""FIRST_CLASS_FUNCTIONS_CONCEPT""]"
KW_FUNCTIONS	functions	Keyword extracted from concept 'First-Class & Higher-Order Functions': functions	"{""source"": ""concept_extraction"", ""source_concept"": ""FIRST_CLASS_FUNCTIONS_CONCEPT"", ""extracted_at"": ""2026-08-03T11:55:45.106629""}"	2026-08-03T11:55:45.106631	2026-08-03T11:55:45.106632	"[""FIRST_CLASS_FUNCTIONS_CONCEPT""]"
KW_PURE	pure	Keyword extracted from concept 'Immutability and Pure Functions': pure	"{""source"": ""concept_extraction"", ""source_concept"": ""IMMUTABILITY_CONCEPT"", ""extracted_at"": ""2026-08-03T11:55:45.106640""}"	2026-08-03T11:55:45.106642	2026-08-03T11:55:45.106643	"[""IMMUTABILITY_CONCEPT""]"
KW_FUNCTIONAL	functional	Keyword extracted from concept 'Immutability and Pure Functions': functional	"{""source"": ""concept_extraction"", ""source_concept"": ""IMMUTABILITY_CONCEPT"", ""extracted_at"": ""2026-08-03T11:55:45.106649""}"	2026-08-03T11:55:45.106651	2026-08-03T11:55:45.106652	"[""IMMUTABILITY_CONCEPT""]"
KW_EFFECTS	effects	Keyword extracted from concept 'Immutability and Pure Functions': effects	"{""source"": ""concept_extraction"", ""source_concept"": ""IMMUTABILITY_CONCEPT"", ""extracted_at"": ""2026-08-03T11:55:45.106654""}"	2026-08-03T11:55:45.106656	2026-08-03T11:55:45.106657	"[""IMMUTABILITY_CONCEPT""]"
KW_IMMUTABILITY	immutability	Keyword extracted from concept 'Immutability and Pure Functions': immutability	"{""source"": ""concept_extraction"", ""source_concept"": ""IMMUTABILITY_CONCEPT"", ""extracted_at"": ""2026-08-03T11:55:45.106659""}"	2026-08-03T11:55:45.106661	2026-08-03T11:55:45.106661	"[""IMMUTABILITY_CONCEPT""]"
KW_LISTENER	listener	Keyword extracted from concept 'Events and Event Handling': listener	"{""source"": ""concept_extraction"", ""source_concept"": ""EVENT_HANDLERS_CONCEPT"", ""extracted_at"": ""2026-08-03T11:55:45.106670""}"	2026-08-03T11:55:45.106673	2026-08-03T11:55:45.106673	"[""EVENT_HANDLERS_CONCEPT""]"
KW_HANDLERS	handlers	Keyword extracted from concept 'Events and Event Handling': handlers	"{""source"": ""concept_extraction"", ""source_concept"": ""EVENT_HANDLERS_CONCEPT"", ""extracted_at"": ""2026-08-03T11:55:45.106680""}"	2026-08-03T11:55:45.106682	2026-08-03T11:55:45.106683	"[""EVENT_HANDLERS_CONCEPT""]"
KW_HANDLER	handler	Keyword extracted from concept 'Events and Event Handling': handler	"{""source"": ""concept_extraction"", ""source_concept"": ""EVENT_HANDLERS_CONCEPT"", ""extracted_at"": ""2026-08-03T11:55:45.106684""}"	2026-08-03T11:55:45.106687	2026-08-03T11:55:45.106687	"[""EVENT_HANDLERS_CONCEPT""]"
KW_CALLBACK	callback	Keyword extracted from concept 'Events and Event Handling': callback	"{""source"": ""concept_extraction"", ""source_concept"": ""EVENT_HANDLERS_CONCEPT"", ""extracted_at"": ""2026-08-03T11:55:45.106698""}"	2026-08-03T11:55:45.106700	2026-08-03T11:55:45.106701	"[""EVENT_HANDLERS_CONCEPT""]"
KW_CALLBACKS	callbacks	Keyword extracted from concept 'Asynchronous Programming': callbacks	"{""source"": ""concept_extraction"", ""source_concept"": ""ASYNCHRONOUS_PROG_CONCEPT"", ""extracted_at"": ""2026-08-03T11:55:45.106704""}"	2026-08-03T11:55:45.106707	2026-08-03T11:55:45.106707	"[""ASYNCHRONOUS_PROG_CONCEPT""]"
KW_PROMISES	promises	Keyword extracted from concept 'Asynchronous Programming': promises	"{""source"": ""concept_extraction"", ""source_concept"": ""ASYNCHRONOUS_PROG_CONCEPT"", ""extracted_at"": ""2026-08-03T11:55:45.106709""}"	2026-08-03T11:55:45.106711	2026-08-03T11:55:45.106712	"[""ASYNCHRONOUS_PROG_CONCEPT""]"
KW_BLOCKING	blocking	Keyword extracted from concept 'Asynchronous Programming': blocking	"{""source"": ""concept_extraction"", ""source_concept"": ""ASYNCHRONOUS_PROG_CONCEPT"", ""extracted_at"": ""2026-08-03T11:55:45.106732""}"	2026-08-03T11:55:45.106735	2026-08-03T11:55:45.106735	"[""ASYNCHRONOUS_PROG_CONCEPT""]"
KW_GOOGLE	google	Keyword extracted from concept 'Etiquette for Collaborative Editing': google	"{""source"": ""concept_extraction"", ""source_concept"": ""SHARED_EDITING_ETIQUETTE"", ""extracted_at"": ""2026-08-03T11:55:45.106752""}"	2026-08-03T11:55:45.106754	2026-08-03T11:55:45.106755	"[""SHARED_EDITING_ETIQUETTE""]"
KW_ETIQUETTE	etiquette	Keyword extracted from concept 'Etiquette for Collaborative Editing': etiquette	"{""source"": ""concept_extraction"", ""source_concept"": ""SHARED_EDITING_ETIQUETTE"", ""extracted_at"": ""2026-08-03T11:55:45.106756""}"	2026-08-03T11:55:45.106759	2026-08-03T11:55:45.106759	"[""SHARED_EDITING_ETIQUETTE""]"
KW_SUGGESTING	suggesting	Keyword extracted from concept 'Etiquette for Collaborative Editing': suggesting	"{""source"": ""concept_extraction"", ""source_concept"": ""SHARED_EDITING_ETIQUETTE"", ""extracted_at"": ""2026-08-03T11:55:45.106761""}"	2026-08-03T11:55:45.106763	2026-08-03T11:55:45.106764	"[""SHARED_EDITING_ETIQUETTE""]"
KW_COMMENTS	comments	Keyword extracted from concept 'Etiquette for Collaborative Editing': comments	"{""source"": ""concept_extraction"", ""source_concept"": ""SHARED_EDITING_ETIQUETTE"", ""extracted_at"": ""2026-08-03T11:55:45.106766""}"	2026-08-03T11:55:45.106768	2026-08-03T11:55:45.106769	"[""SHARED_EDITING_ETIQUETTE""]"
KW_DOCS	docs	Keyword extracted from concept 'Etiquette for Collaborative Editing': docs	"{""source"": ""concept_extraction"", ""source_concept"": ""SHARED_EDITING_ETIQUETTE"", ""extracted_at"": ""2026-08-03T11:55:45.106771""}"	2026-08-03T11:55:45.106773	2026-08-03T11:55:45.106773	"[""SHARED_EDITING_ETIQUETTE""]"
KW_COLLABORATION	collaboration	Keyword extracted from concept 'Etiquette for Collaborative Editing': collaboration	"{""source"": ""concept_extraction"", ""source_concept"": ""SHARED_EDITING_ETIQUETTE"", ""extracted_at"": ""2026-08-03T11:55:45.106775""}"	2026-08-03T11:55:45.106779	2026-08-03T11:55:45.106780	"[""SHARED_EDITING_ETIQUETTE""]"
KW_COLLABORATIVE	collaborative	Keyword extracted from concept 'Etiquette for Collaborative Editing': collaborative	"{""source"": ""concept_extraction"", ""source_concept"": ""SHARED_EDITING_ETIQUETTE"", ""extracted_at"": ""2026-08-03T11:55:45.106783""}"	2026-08-03T11:55:45.106785	2026-08-03T11:55:45.106786	"[""SHARED_EDITING_ETIQUETTE""]"
KW_EDITING	editing	Keyword extracted from concept 'Etiquette for Collaborative Editing': editing	"{""source"": ""concept_extraction"", ""source_concept"": ""SHARED_EDITING_ETIQUETTE"", ""extracted_at"": ""2026-08-03T11:55:45.106788""}"	2026-08-03T11:55:45.106791	2026-08-03T11:55:45.106792	"[""SHARED_EDITING_ETIQUETTE""]"
KW_THREE	three	Keyword extracted from concept 'TCP Three-Way Handshake': three	"{""source"": ""concept_extraction"", ""source_concept"": ""TCP_HANDSHAKE"", ""extracted_at"": ""2026-08-03T11:55:45.106800""}"	2026-08-03T11:55:45.106802	2026-08-03T11:55:45.106803	"[""TCP_HANDSHAKE""]"
KW_HANDSHAKE	handshake	Keyword extracted from concept 'TCP Three-Way Handshake': handshake	"{""source"": ""concept_extraction"", ""source_concept"": ""TCP_HANDSHAKE"", ""extracted_at"": ""2026-08-03T11:55:45.106805""}"	2026-08-03T11:55:45.106807	2026-08-03T11:55:45.106808	"[""TCP_HANDSHAKE""]"
KW_CONNECTION	connection	Keyword extracted from concept 'TCP Three-Way Handshake': connection	"{""source"": ""concept_extraction"", ""source_concept"": ""TCP_HANDSHAKE"", ""extracted_at"": ""2026-08-03T11:55:45.106810""}"	2026-08-03T11:55:45.106812	2026-08-03T11:55:45.106813	"[""TCP_HANDSHAKE""]"
KW_REQUEST	request	Keyword extracted from concept 'HTTP Methods (GET, POST)': request	"{""source"": ""concept_extraction"", ""source_concept"": ""HTTP_METHODS"", ""extracted_at"": ""2026-08-03T11:55:45.106820""}"	2026-08-03T11:55:45.106822	2026-08-03T11:55:45.106822	"[""HTTP_METHODS""]"
KW_NAME	name	Keyword extracted from concept 'DNS Lookup Process': name	"{""source"": ""concept_extraction"", ""source_concept"": ""DNS_LOOKUP"", ""extracted_at"": ""2026-08-03T11:55:45.106830""}"	2026-08-03T11:55:45.106832	2026-08-03T11:55:45.106833	"[""DNS_LOOKUP""]"
KW_LOOKUP	lookup	Keyword extracted from concept 'DNS Lookup Process': lookup	"{""source"": ""concept_extraction"", ""source_concept"": ""DNS_LOOKUP"", ""extracted_at"": ""2026-08-03T11:55:45.106834""}"	2026-08-03T11:55:45.106837	2026-08-03T11:55:45.106837	"[""DNS_LOOKUP""]"
KW_RESOLUTION	resolution	Keyword extracted from concept 'DNS Lookup Process': resolution	"{""source"": ""concept_extraction"", ""source_concept"": ""DNS_LOOKUP"", ""extracted_at"": ""2026-08-03T11:55:45.106844""}"	2026-08-03T11:55:45.106846	2026-08-03T11:55:45.106847	"[""DNS_LOOKUP""]"
KW_DOMAIN	domain	Keyword extracted from concept 'DNS Lookup Process': domain	"{""source"": ""concept_extraction"", ""source_concept"": ""DNS_LOOKUP"", ""extracted_at"": ""2026-08-03T11:55:45.106853""}"	2026-08-03T11:55:45.106858	2026-08-03T11:55:45.106859	"[""DNS_LOOKUP""]"
KW_FACTOR	factor	Keyword extracted from concept 'Two-Factor Authentication (2FA)': factor	"{""source"": ""concept_extraction"", ""source_concept"": ""TWO_FACTOR_AUTH"", ""extracted_at"": ""2026-08-03T11:55:45.106872""}"	2026-08-03T11:55:45.106874	2026-08-03T11:55:45.106875	"[""TWO_FACTOR_AUTH""]"
KW_TWO	two	Keyword extracted from concept 'Two-Factor Authentication (2FA)': two	"{""source"": ""concept_extraction"", ""source_concept"": ""TWO_FACTOR_AUTH"", ""extracted_at"": ""2026-08-03T11:55:45.106876""}"	2026-08-03T11:55:45.106878	2026-08-03T11:55:45.106879	"[""TWO_FACTOR_AUTH""]"
KW_CYBERSECURITY	cybersecurity	Keyword extracted from concept 'Malware Types': cybersecurity	"{""source"": ""concept_extraction"", ""source_concept"": ""MALWARE_TYPES_CONCEPT"", ""extracted_at"": ""2026-08-03T11:55:45.106891""}"	2026-08-03T11:55:45.106893	2026-08-03T11:55:45.106894	"[""MALWARE_TYPES_CONCEPT""]"
KW_MALWARE	malware	Keyword extracted from concept 'Malware Types': malware	"{""source"": ""concept_extraction"", ""source_concept"": ""MALWARE_TYPES_CONCEPT"", ""extracted_at"": ""2026-08-03T11:55:45.106896""}"	2026-08-03T11:55:45.106898	2026-08-03T11:55:45.106899	"[""MALWARE_TYPES_CONCEPT""]"
KW_VIRUS	virus	Keyword extracted from concept 'Malware Types': virus	"{""source"": ""concept_extraction"", ""source_concept"": ""MALWARE_TYPES_CONCEPT"", ""extracted_at"": ""2026-08-03T11:55:45.106901""}"	2026-08-03T11:55:45.106904	2026-08-03T11:55:45.106905	"[""MALWARE_TYPES_CONCEPT""]"
KW_RANSOMWARE	ransomware	Keyword extracted from concept 'Malware Types': ransomware	"{""source"": ""concept_extraction"", ""source_concept"": ""MALWARE_TYPES_CONCEPT"", ""extracted_at"": ""2026-08-03T11:55:45.106907""}"	2026-08-03T11:55:45.106909	2026-08-03T11:55:45.106910	"[""MALWARE_TYPES_CONCEPT""]"
KW_WORM	worm	Keyword extracted from concept 'Malware Types': worm	"{""source"": ""concept_extraction"", ""source_concept"": ""MALWARE_TYPES_CONCEPT"", ""extracted_at"": ""2026-08-03T11:55:45.106917""}"	2026-08-03T11:55:45.106920	2026-08-03T11:55:45.106921	"[""MALWARE_TYPES_CONCEPT""]"
KW_WIREFRAMING	wireframing	Keyword extracted from concept 'Wireframing': wireframing	"{""source"": ""concept_extraction"", ""source_concept"": ""WIREFRAMING"", ""extracted_at"": ""2026-08-03T11:55:45.106934""}"	2026-08-03T11:55:45.106936	2026-08-03T11:55:45.106937	"[""WIREFRAMING""]"
KW_WIREFRAME	wireframe	Keyword extracted from concept 'Wireframing': wireframe	"{""source"": ""concept_extraction"", ""source_concept"": ""WIREFRAMING"", ""extracted_at"": ""2026-08-03T11:55:45.106939""}"	2026-08-03T11:55:45.106941	2026-08-03T11:55:45.106942	"[""WIREFRAMING""]"
KW_PROTOTYPING	prototyping	Keyword extracted from concept 'Prototyping': prototyping	"{""source"": ""concept_extraction"", ""source_concept"": ""PROTOTYPING"", ""extracted_at"": ""2026-08-03T11:55:45.106949""}"	2026-08-03T11:55:45.106952	2026-08-03T11:55:45.106952	"[""PROTOTYPING""]"
KW_FIGMA	figma	Keyword extracted from concept 'Prototyping': figma	"{""source"": ""concept_extraction"", ""source_concept"": ""PROTOTYPING"", ""extracted_at"": ""2026-08-03T11:55:45.106954""}"	2026-08-03T11:55:45.106956	2026-08-03T11:55:45.106957	"[""PROTOTYPING""]"
KW_MOCKUP	mockup	Keyword extracted from concept 'Prototyping': mockup	"{""source"": ""concept_extraction"", ""source_concept"": ""PROTOTYPING"", ""extracted_at"": ""2026-08-03T11:55:45.106959""}"	2026-08-03T11:55:45.106961	2026-08-03T11:55:45.106962	"[""PROTOTYPING""]"
KW_PROTOTYPE	prototype	Keyword extracted from concept 'Prototyping': prototype	"{""source"": ""concept_extraction"", ""source_concept"": ""PROTOTYPING"", ""extracted_at"": ""2026-08-03T11:55:45.106963""}"	2026-08-03T11:55:45.106966	2026-08-03T11:55:45.106966	"[""PROTOTYPING""]"
KW_READER	reader	Keyword extracted from concept 'Screen Readers': reader	"{""source"": ""concept_extraction"", ""source_concept"": ""SCREEN_READERS"", ""extracted_at"": ""2026-08-03T11:55:45.106975""}"	2026-08-03T11:55:45.106978	2026-08-03T11:55:45.106978	"[""SCREEN_READERS""]"
KW_READERS	readers	Keyword extracted from concept 'Screen Readers': readers	"{""source"": ""concept_extraction"", ""source_concept"": ""SCREEN_READERS"", ""extracted_at"": ""2026-08-03T11:55:45.106981""}"	2026-08-03T11:55:45.106984	2026-08-03T11:55:45.106985	"[""SCREEN_READERS""]"
KW_ACCESSIBILITY	accessibility	Keyword extracted from concept 'Screen Readers': accessibility	"{""source"": ""concept_extraction"", ""source_concept"": ""SCREEN_READERS"", ""extracted_at"": ""2026-08-03T11:55:45.106987""}"	2026-08-03T11:55:45.106990	2026-08-03T11:55:45.106991	"[""SCREEN_READERS""]"
KW_SEMANTIC	semantic	Keyword extracted from concept 'Screen Readers': semantic	"{""source"": ""concept_extraction"", ""source_concept"": ""SCREEN_READERS"", ""extracted_at"": ""2026-08-03T11:55:45.106993""}"	2026-08-03T11:55:45.106996	2026-08-03T11:55:45.106997	"[""SCREEN_READERS""]"
KW_OPERABLE	operable	Keyword extracted from concept 'WCAG Principles (POUR)': operable	"{""source"": ""concept_extraction"", ""source_concept"": ""WCAG_PRINCIPLES"", ""extracted_at"": ""2026-08-03T11:55:45.107005""}"	2026-08-03T11:55:45.107007	2026-08-03T11:55:45.107008	"[""WCAG_PRINCIPLES""]"
KW_ROBUST	robust	Keyword extracted from concept 'WCAG Principles (POUR)': robust	"{""source"": ""concept_extraction"", ""source_concept"": ""WCAG_PRINCIPLES"", ""extracted_at"": ""2026-08-03T11:55:45.107009""}"	2026-08-03T11:55:45.107012	2026-08-03T11:55:45.107012	"[""WCAG_PRINCIPLES""]"
KW_UNDERSTANDABLE	understandable	Keyword extracted from concept 'WCAG Principles (POUR)': understandable	"{""source"": ""concept_extraction"", ""source_concept"": ""WCAG_PRINCIPLES"", ""extracted_at"": ""2026-08-03T11:55:45.107014""}"	2026-08-03T11:55:45.107016	2026-08-03T11:55:45.107017	"[""WCAG_PRINCIPLES""]"
KW_PERCEIVABLE	perceivable	Keyword extracted from concept 'WCAG Principles (POUR)': perceivable	"{""source"": ""concept_extraction"", ""source_concept"": ""WCAG_PRINCIPLES"", ""extracted_at"": ""2026-08-03T11:55:45.107029""}"	2026-08-03T11:55:45.107031	2026-08-03T11:55:45.107031	"[""WCAG_PRINCIPLES""]"
KW_NETIQUETTE	netiquette	Keyword extracted from concept 'Netiquette (Online Etiquette)': netiquette	"{""source"": ""concept_extraction"", ""source_concept"": ""NETIQUETTE"", ""extracted_at"": ""2026-08-03T11:55:45.107048""}"	2026-08-03T11:55:45.107050	2026-08-03T11:55:45.107051	"[""NETIQUETTE""]"
KW_COMMUNICATION	communication	Keyword extracted from concept 'Netiquette (Online Etiquette)': communication	"{""source"": ""concept_extraction"", ""source_concept"": ""NETIQUETTE"", ""extracted_at"": ""2026-08-03T11:55:45.107053""}"	2026-08-03T11:55:45.107055	2026-08-03T11:55:45.107056	"[""NETIQUETTE""]"
KW_PROJECT	project	Keyword extracted from concept 'Collaborative Platforms': project	"{""source"": ""concept_extraction"", ""source_concept"": ""COLLABORATIVE_PLATFORMS"", ""extracted_at"": ""2026-08-03T11:55:45.107073""}"	2026-08-03T11:55:45.107075	2026-08-03T11:55:45.107076	"[""COLLABORATIVE_PLATFORMS""]"
KW_WORKSPACE	workspace	Keyword extracted from concept 'Collaborative Platforms': workspace	"{""source"": ""concept_extraction"", ""source_concept"": ""COLLABORATIVE_PLATFORMS"", ""extracted_at"": ""2026-08-03T11:55:45.107082""}"	2026-08-03T11:55:45.107084	2026-08-03T11:55:45.107085	"[""COLLABORATIVE_PLATFORMS""]"
KW_TRELLO	trello	Keyword extracted from concept 'Collaborative Platforms': trello	"{""source"": ""concept_extraction"", ""source_concept"": ""COLLABORATIVE_PLATFORMS"", ""extracted_at"": ""2026-08-03T11:55:45.107087""}"	2026-08-03T11:55:45.107089	2026-08-03T11:55:45.107090	"[""COLLABORATIVE_PLATFORMS""]"
KW_PLATFORMS	platforms	Keyword extracted from concept 'Collaborative Platforms': platforms	"{""source"": ""concept_extraction"", ""source_concept"": ""COLLABORATIVE_PLATFORMS"", ""extracted_at"": ""2026-08-03T11:55:45.107093""}"	2026-08-03T11:55:45.107096	2026-08-03T11:55:45.107096	"[""COLLABORATIVE_PLATFORMS""]"
KW_TEAMWORK	teamwork	Keyword extracted from concept 'Collaborative Platforms': teamwork	"{""source"": ""concept_extraction"", ""source_concept"": ""COLLABORATIVE_PLATFORMS"", ""extracted_at"": ""2026-08-03T11:55:45.107099""}"	2026-08-03T11:55:45.107101	2026-08-03T11:55:45.107102	"[""COLLABORATIVE_PLATFORMS""]"
KW_MICROSOFT	microsoft	Keyword extracted from concept 'Collaborative Platforms': microsoft	"{""source"": ""concept_extraction"", ""source_concept"": ""COLLABORATIVE_PLATFORMS"", ""extracted_at"": ""2026-08-03T11:55:45.107115""}"	2026-08-03T11:55:45.107117	2026-08-03T11:55:45.107118	"[""COLLABORATIVE_PLATFORMS""]"
KW_TEAMS	teams	Keyword extracted from concept 'Collaborative Platforms': teams	"{""source"": ""concept_extraction"", ""source_concept"": ""COLLABORATIVE_PLATFORMS"", ""extracted_at"": ""2026-08-03T11:55:45.107126""}"	2026-08-03T11:55:45.107129	2026-08-03T11:55:45.107130	"[""COLLABORATIVE_PLATFORMS""]"
KW_LOCAL	local	Keyword extracted from concept 'Local View State': local	"{""source"": ""concept_extraction"", ""source_concept"": ""LOCAL_VIEW_STATE"", ""extracted_at"": ""2026-08-03T11:55:45.107133""}"	2026-08-03T11:55:45.107135	2026-08-03T11:55:45.107136	"[""LOCAL_VIEW_STATE""]"
KW_EPHEMERAL	ephemeral	Keyword extracted from concept 'Local View State': ephemeral	"{""source"": ""concept_extraction"", ""source_concept"": ""LOCAL_VIEW_STATE"", ""extracted_at"": ""2026-08-03T11:55:45.107143""}"	2026-08-03T11:55:45.107145	2026-08-03T11:55:45.107146	"[""LOCAL_VIEW_STATE""]"
KW_VIEW	view	Keyword extracted from concept 'Local View State': view	"{""source"": ""concept_extraction"", ""source_concept"": ""LOCAL_VIEW_STATE"", ""extracted_at"": ""2026-08-03T11:55:45.107147""}"	2026-08-03T11:55:45.107150	2026-08-03T11:55:45.107150	"[""LOCAL_VIEW_STATE""]"
KW_BINDING	binding	Keyword extracted from concept 'Two-Way Data Binding': binding	"{""source"": ""concept_extraction"", ""source_concept"": ""TWO_WAY_BINDING"", ""extracted_at"": ""2026-08-03T11:55:45.107168""}"	2026-08-03T11:55:45.107170	2026-08-03T11:55:45.107171	"[""TWO_WAY_BINDING""]"
KW_SHARED	shared	Keyword extracted from concept 'Shared Observable State': shared	"{""source"": ""concept_extraction"", ""source_concept"": ""SHARED_OBSERVABLE_STATE"", ""extracted_at"": ""2026-08-03T11:55:45.107206""}"	2026-08-03T11:55:45.107208	2026-08-03T11:55:45.107209	"[""SHARED_OBSERVABLE_STATE""]"
KW_OBSERVABLE	observable	Keyword extracted from concept 'Shared Observable State': observable	"{""source"": ""concept_extraction"", ""source_concept"": ""SHARED_OBSERVABLE_STATE"", ""extracted_at"": ""2026-08-03T11:55:45.107210""}"	2026-08-03T11:55:45.107217	2026-08-03T11:55:45.107218	"[""SHARED_OBSERVABLE_STATE""]"
KW_PUBLISHER	publisher	Keyword extracted from concept 'Publisher-Subscriber Model for UI': publisher	"{""source"": ""concept_extraction"", ""source_concept"": ""PUBLISHER_SUBSCRIBER_MODEL"", ""extracted_at"": ""2026-08-03T11:55:45.107226""}"	2026-08-03T11:55:45.107228	2026-08-03T11:55:45.107229	"[""PUBLISHER_SUBSCRIBER_MODEL""]"
KW_COMBINE	combine	Keyword extracted from concept 'Publisher-Subscriber Model for UI': combine	"{""source"": ""concept_extraction"", ""source_concept"": ""PUBLISHER_SUBSCRIBER_MODEL"", ""extracted_at"": ""2026-08-03T11:55:45.107235""}"	2026-08-03T11:55:45.107238	2026-08-03T11:55:45.107238	"[""PUBLISHER_SUBSCRIBER_MODEL""]"
KW_PUBLISHED	published	Keyword extracted from concept 'Publisher-Subscriber Model for UI': published	"{""source"": ""concept_extraction"", ""source_concept"": ""PUBLISHER_SUBSCRIBER_MODEL"", ""extracted_at"": ""2026-08-03T11:55:45.107240""}"	2026-08-03T11:55:45.107242	2026-08-03T11:55:45.107243	"[""PUBLISHER_SUBSCRIBER_MODEL""]"
KW_SUBSCRIBER	subscriber	Keyword extracted from concept 'Publisher-Subscriber Model for UI': subscriber	"{""source"": ""concept_extraction"", ""source_concept"": ""PUBLISHER_SUBSCRIBER_MODEL"", ""extracted_at"": ""2026-08-03T11:55:45.107254""}"	2026-08-03T11:55:45.107257	2026-08-03T11:55:45.107257	"[""PUBLISHER_SUBSCRIBER_MODEL""]"
KW_PATTERN	pattern	Keyword extracted from concept 'MVVM Architectural Pattern': pattern	"{""source"": ""concept_extraction"", ""source_concept"": ""MVVM_PATTERN"", ""extracted_at"": ""2026-08-03T11:55:45.107272""}"	2026-08-03T11:55:45.107274	2026-08-03T11:55:45.107275	"[""MVVM_PATTERN""]"
KW_GESTURE	gesture	Keyword extracted from concept 'Tap Gesture': gesture	"{""source"": ""concept_extraction"", ""source_concept"": ""TAP_GESTURE"", ""extracted_at"": ""2026-08-03T11:55:45.107311""}"	2026-08-03T11:55:45.107313	2026-08-03T11:55:45.107314	"[""TAP_GESTURE""]"
KW_DOUBLE	double	Keyword extracted from concept 'Tap Gesture': double	"{""source"": ""concept_extraction"", ""source_concept"": ""TAP_GESTURE"", ""extracted_at"": ""2026-08-03T11:55:45.107316""}"	2026-08-03T11:55:45.107318	2026-08-03T11:55:45.107319	"[""TAP_GESTURE""]"
KW_TAP	tap	Keyword extracted from concept 'Tap Gesture': tap	"{""source"": ""concept_extraction"", ""source_concept"": ""TAP_GESTURE"", ""extracted_at"": ""2026-08-03T11:55:45.107321""}"	2026-08-03T11:55:45.107323	2026-08-03T11:55:45.107324	"[""TAP_GESTURE""]"
KW_DRAG	drag	Keyword extracted from concept 'Drag Gesture': drag	"{""source"": ""concept_extraction"", ""source_concept"": ""DRAG_GESTURE"", ""extracted_at"": ""2026-08-03T11:55:45.107331""}"	2026-08-03T11:55:45.107333	2026-08-03T11:55:45.107333	"[""DRAG_GESTURE""]"
KW_EXPLICIT	explicit	Keyword extracted from concept 'Implicit vs. Explicit Animation': explicit	"{""source"": ""concept_extraction"", ""source_concept"": ""IMPLICIT_EXPLICIT_ANIMATION"", ""extracted_at"": ""2026-08-03T11:55:45.107367""}"	2026-08-03T11:55:45.107369	2026-08-03T11:55:45.107370	"[""IMPLICIT_EXPLICIT_ANIMATION""]"
KW_IMPLICIT	implicit	Keyword extracted from concept 'Implicit vs. Explicit Animation': implicit	"{""source"": ""concept_extraction"", ""source_concept"": ""IMPLICIT_EXPLICIT_ANIMATION"", ""extracted_at"": ""2026-08-03T11:55:45.107377""}"	2026-08-03T11:55:45.107379	2026-08-03T11:55:45.107380	"[""IMPLICIT_EXPLICIT_ANIMATION""]"
KW_TRANSITIONS	transitions	Keyword extracted from concept 'View Transitions': transitions	"{""source"": ""concept_extraction"", ""source_concept"": ""VIEW_TRANSITIONS"", ""extracted_at"": ""2026-08-03T11:55:45.107386""}"	2026-08-03T11:55:45.107388	2026-08-03T11:55:45.107389	"[""VIEW_TRANSITIONS""]"
KW_TRANSITION	transition	Keyword extracted from concept 'View Transitions': transition	"{""source"": ""concept_extraction"", ""source_concept"": ""VIEW_TRANSITIONS"", ""extracted_at"": ""2026-08-03T11:55:45.107401""}"	2026-08-03T11:55:45.107405	2026-08-03T11:55:45.107406	"[""VIEW_TRANSITIONS""]"
KW_ANNOTATION	annotation	Keyword extracted from concept 'Map Integration': annotation	"{""source"": ""concept_extraction"", ""source_concept"": ""MAP_INTEGRATION"", ""extracted_at"": ""2026-08-03T11:55:45.107432""}"	2026-08-03T11:55:45.107435	2026-08-03T11:55:45.107436	"[""MAP_INTEGRATION""]"
KW_ANNOTATIONS	annotations	Keyword extracted from concept 'Map Integration': annotations	"{""source"": ""concept_extraction"", ""source_concept"": ""MAP_INTEGRATION"", ""extracted_at"": ""2026-08-03T11:55:45.107438""}"	2026-08-03T11:55:45.107441	2026-08-03T11:55:45.107441	"[""MAP_INTEGRATION""]"
KW_CORE	core	Keyword extracted from concept 'Location Services API': core	"{""source"": ""concept_extraction"", ""source_concept"": ""LOCATION_SERVICES_API"", ""extracted_at"": ""2026-08-03T11:55:45.107444""}"	2026-08-03T11:55:45.107446	2026-08-03T11:55:45.107447	"[""LOCATION_SERVICES_API""]"
KW_LOCATION	location	Keyword extracted from concept 'Location Services API': location	"{""source"": ""concept_extraction"", ""source_concept"": ""LOCATION_SERVICES_API"", ""extracted_at"": ""2026-08-03T11:55:45.107453""}"	2026-08-03T11:55:45.107456	2026-08-03T11:55:45.107456	"[""LOCATION_SERVICES_API""]"
KW_PERMISSIONS	permissions	Keyword extracted from concept 'Location Services API': permissions	"{""source"": ""concept_extraction"", ""source_concept"": ""LOCATION_SERVICES_API"", ""extracted_at"": ""2026-08-03T11:55:45.107458""}"	2026-08-03T11:55:45.107460	2026-08-03T11:55:45.107461	"[""LOCATION_SERVICES_API""]"
KW_PICKER	picker	Keyword extracted from concept 'Media Picker API': picker	"{""source"": ""concept_extraction"", ""source_concept"": ""MEDIA_PICKER_API"", ""extracted_at"": ""2026-08-03T11:55:45.107464""}"	2026-08-03T11:55:45.107466	2026-08-03T11:55:45.107467	"[""MEDIA_PICKER_API""]"
KW_VIDEO	video	Keyword extracted from concept 'Media Picker API': video	"{""source"": ""concept_extraction"", ""source_concept"": ""MEDIA_PICKER_API"", ""extracted_at"": ""2026-08-03T11:55:45.107473""}"	2026-08-03T11:55:45.107475	2026-08-03T11:55:45.107476	"[""MEDIA_PICKER_API""]"
KW_LIBRARY	library	Keyword extracted from concept 'Media Picker API': library	"{""source"": ""concept_extraction"", ""source_concept"": ""MEDIA_PICKER_API"", ""extracted_at"": ""2026-08-03T11:55:45.107478""}"	2026-08-03T11:55:45.107480	2026-08-03T11:55:45.107481	"[""MEDIA_PICKER_API""]"
KW_NOTIFICATION	notification	Keyword extracted from concept 'Local Notification API': notification	"{""source"": ""concept_extraction"", ""source_concept"": ""LOCAL_NOTIFICATION_API"", ""extracted_at"": ""2026-08-03T11:55:45.107502""}"	2026-08-03T11:55:45.107504	2026-08-03T11:55:45.107505	"[""LOCAL_NOTIFICATION_API""]"
KW_ALERT	alert	Keyword extracted from concept 'Local Notification API': alert	"{""source"": ""concept_extraction"", ""source_concept"": ""LOCAL_NOTIFICATION_API"", ""extracted_at"": ""2026-08-03T11:55:45.107507""}"	2026-08-03T11:55:45.107509	2026-08-03T11:55:45.107510	"[""LOCAL_NOTIFICATION_API""]"
KW_EXTENSIONS	extensions	Keyword extracted from concept 'App Extension Model': extensions	"{""source"": ""concept_extraction"", ""source_concept"": ""APP_EXTENSION_MODEL"", ""extracted_at"": ""2026-08-03T11:55:45.107517""}"	2026-08-03T11:55:45.107519	2026-08-03T11:55:45.107520	"[""APP_EXTENSION_MODEL""]"
KW_APP	app	Keyword extracted from concept 'App Extension Model': app	"{""source"": ""concept_extraction"", ""source_concept"": ""APP_EXTENSION_MODEL"", ""extracted_at"": ""2026-08-03T11:55:45.107522""}"	2026-08-03T11:55:45.107528	2026-08-03T11:55:45.107529	"[""APP_EXTENSION_MODEL""]"
KW_WIDGETS	widgets	Keyword extracted from concept 'App Extension Model': widgets	"{""source"": ""concept_extraction"", ""source_concept"": ""APP_EXTENSION_MODEL"", ""extracted_at"": ""2026-08-03T11:55:45.107535""}"	2026-08-03T11:55:45.107538	2026-08-03T11:55:45.107538	"[""APP_EXTENSION_MODEL""]"
KW_EXTENSION	extension	Keyword extracted from concept 'App Extension Model': extension	"{""source"": ""concept_extraction"", ""source_concept"": ""APP_EXTENSION_MODEL"", ""extracted_at"": ""2026-08-03T11:55:45.107540""}"	2026-08-03T11:55:45.107542	2026-08-03T11:55:45.107543	"[""APP_EXTENSION_MODEL""]"
KW_KEY	key	Keyword extracted from concept 'Key-Value Persistence': key	"{""source"": ""concept_extraction"", ""source_concept"": ""KEY_VALUE_PERSISTENCE"", ""extracted_at"": ""2026-08-03T11:55:45.107545""}"	2026-08-03T11:55:45.107548	2026-08-03T11:55:45.107548	"[""KEY_VALUE_PERSISTENCE""]"
KW_PERSISTENCE	persistence	Keyword extracted from concept 'Key-Value Persistence': persistence	"{""source"": ""concept_extraction"", ""source_concept"": ""KEY_VALUE_PERSISTENCE"", ""extracted_at"": ""2026-08-03T11:55:45.107550""}"	2026-08-03T11:55:45.107552	2026-08-03T11:55:45.107553	"[""KEY_VALUE_PERSISTENCE""]"
KW_VALUE	value	Keyword extracted from concept 'Key-Value Persistence': value	"{""source"": ""concept_extraction"", ""source_concept"": ""KEY_VALUE_PERSISTENCE"", ""extracted_at"": ""2026-08-03T11:55:45.107555""}"	2026-08-03T11:55:45.107557	2026-08-03T11:55:45.107558	"[""KEY_VALUE_PERSISTENCE""]"
KW_MAPPER	mapper	Keyword extracted from concept 'Core Data (ORM)': mapper	"{""source"": ""concept_extraction"", ""source_concept"": ""CORE_DATA_ORM"", ""extracted_at"": ""2026-08-03T11:55:45.107570""}"	2026-08-03T11:55:45.107572	2026-08-03T11:55:45.107573	"[""CORE_DATA_ORM""]"
KW_LANGUAGE	language	Keyword extracted from concept 'JSON Serialization/Deserialization': language	"{""source"": ""concept_extraction"", ""source_concept"": ""JSON_SERIALIZATION"", ""extracted_at"": ""2026-08-03T11:55:45.107604""}"	2026-08-03T11:55:45.107606	2026-08-03T11:55:45.107607	"[""JSON_SERIALIZATION""]"
KW_DECODER	decoder	Keyword extracted from concept 'JSON Serialization/Deserialization': decoder	"{""source"": ""concept_extraction"", ""source_concept"": ""JSON_SERIALIZATION"", ""extracted_at"": ""2026-08-03T11:55:45.107609""}"	2026-08-03T11:55:45.107611	2026-08-03T11:55:45.107612	"[""JSON_SERIALIZATION""]"
KW_SERIALIZATION	serialization	Keyword extracted from concept 'JSON Serialization/Deserialization': serialization	"{""source"": ""concept_extraction"", ""source_concept"": ""JSON_SERIALIZATION"", ""extracted_at"": ""2026-08-03T11:55:45.107614""}"	2026-08-03T11:55:45.107616	2026-08-03T11:55:45.107617	"[""JSON_SERIALIZATION""]"
KW_DESERIALIZE	deserialize	Keyword extracted from concept 'JSON Serialization/Deserialization': deserialize	"{""source"": ""concept_extraction"", ""source_concept"": ""JSON_SERIALIZATION"", ""extracted_at"": ""2026-08-03T11:55:45.107619""}"	2026-08-03T11:55:45.107621	2026-08-03T11:55:45.107622	"[""JSON_SERIALIZATION""]"
KW_DESERIALIZATION	deserialization	Keyword extracted from concept 'JSON Serialization/Deserialization': deserialization	"{""source"": ""concept_extraction"", ""source_concept"": ""JSON_SERIALIZATION"", ""extracted_at"": ""2026-08-03T11:55:45.107624""}"	2026-08-03T11:55:45.107626	2026-08-03T11:55:45.107627	"[""JSON_SERIALIZATION""]"
KW_SERIALIZE	serialize	Keyword extracted from concept 'JSON Serialization/Deserialization': serialize	"{""source"": ""concept_extraction"", ""source_concept"": ""JSON_SERIALIZATION"", ""extracted_at"": ""2026-08-03T11:55:45.107628""}"	2026-08-03T11:55:45.107631	2026-08-03T11:55:45.107631	"[""JSON_SERIALIZATION""]"
KW_ENCODER	encoder	Keyword extracted from concept 'JSON Serialization/Deserialization': encoder	"{""source"": ""concept_extraction"", ""source_concept"": ""JSON_SERIALIZATION"", ""extracted_at"": ""2026-08-03T11:55:45.107633""}"	2026-08-03T11:55:45.107636	2026-08-03T11:55:45.107637	"[""JSON_SERIALIZATION""]"
KW_NATIVE	native	Keyword extracted from concept 'JSON Serialization/Deserialization': native	"{""source"": ""concept_extraction"", ""source_concept"": ""JSON_SERIALIZATION"", ""extracted_at"": ""2026-08-03T11:55:45.107640""}"	2026-08-03T11:55:45.107642	2026-08-03T11:55:45.107643	"[""JSON_SERIALIZATION""]"
KW_RENDER	render	Keyword extracted from concept 'Game Loop': render	"{""source"": ""concept_extraction"", ""source_concept"": ""GAME_LOOP"", ""extracted_at"": ""2026-08-03T11:55:45.107646""}"	2026-08-03T11:55:45.107649	2026-08-03T11:55:45.107650	"[""GAME_LOOP""]"
KW_UPDATE	update	Keyword extracted from concept 'Game Loop': update	"{""source"": ""concept_extraction"", ""source_concept"": ""GAME_LOOP"", ""extracted_at"": ""2026-08-03T11:55:45.107652""}"	2026-08-03T11:55:45.107654	2026-08-03T11:55:45.107655	"[""GAME_LOOP""]"
KW_GAME	game	Keyword extracted from concept 'Game Loop': game	"{""source"": ""concept_extraction"", ""source_concept"": ""GAME_LOOP"", ""extracted_at"": ""2026-08-03T11:55:45.107661""}"	2026-08-03T11:55:45.107663	2026-08-03T11:55:45.107664	"[""GAME_LOOP""]"
KW_TICK	tick	Keyword extracted from concept 'Game Loop': tick	"{""source"": ""concept_extraction"", ""source_concept"": ""GAME_LOOP"", ""extracted_at"": ""2026-08-03T11:55:45.107666""}"	2026-08-03T11:55:45.107668	2026-08-03T11:55:45.107669	"[""GAME_LOOP""]"
KW_COLLISION	collision	Keyword extracted from concept 'Collision Detection': collision	"{""source"": ""concept_extraction"", ""source_concept"": ""COLLISION_DETECTION"", ""extracted_at"": ""2026-08-03T11:55:45.107697""}"	2026-08-03T11:55:45.107700	2026-08-03T11:55:45.107701	"[""COLLISION_DETECTION""]"
KW_HITBOX	hitbox	Keyword extracted from concept 'Collision Detection': hitbox	"{""source"": ""concept_extraction"", ""source_concept"": ""COLLISION_DETECTION"", ""extracted_at"": ""2026-08-03T11:55:45.107703""}"	2026-08-03T11:55:45.107706	2026-08-03T11:55:45.107707	"[""COLLISION_DETECTION""]"
KW_RAYCASTING	raycasting	Keyword extracted from concept 'Collision Detection': raycasting	"{""source"": ""concept_extraction"", ""source_concept"": ""COLLISION_DETECTION"", ""extracted_at"": ""2026-08-03T11:55:45.107709""}"	2026-08-03T11:55:45.107712	2026-08-03T11:55:45.107713	"[""COLLISION_DETECTION""]"
KW_CONSTRAINTS	constraints	Keyword extracted from concept 'Physics Constraints': constraints	"{""source"": ""concept_extraction"", ""source_concept"": ""PHYSICS_CONSTRAINTS_CONCEPT"", ""extracted_at"": ""2026-08-03T11:55:45.107723""}"	2026-08-03T11:55:45.107725	2026-08-03T11:55:45.107726	"[""PHYSICS_CONSTRAINTS_CONCEPT""]"
KW_HINGE	hinge	Keyword extracted from concept 'Physics Constraints': hinge	"{""source"": ""concept_extraction"", ""source_concept"": ""PHYSICS_CONSTRAINTS_CONCEPT"", ""extracted_at"": ""2026-08-03T11:55:45.107752""}"	2026-08-03T11:55:45.107754	2026-08-03T11:55:45.107755	"[""PHYSICS_CONSTRAINTS_CONCEPT""]"
KW_JOINTS	joints	Keyword extracted from concept 'Physics Constraints': joints	"{""source"": ""concept_extraction"", ""source_concept"": ""PHYSICS_CONSTRAINTS_CONCEPT"", ""extracted_at"": ""2026-08-03T11:55:45.107756""}"	2026-08-03T11:55:45.107759	2026-08-03T11:55:45.107759	"[""PHYSICS_CONSTRAINTS_CONCEPT""]"
KW_LEVEL	level	Keyword extracted from concept 'Level Layout Design': level	"{""source"": ""concept_extraction"", ""source_concept"": ""LEVEL_LAYOUT"", ""extracted_at"": ""2026-08-03T11:55:45.107777""}"	2026-08-03T11:55:45.107779	2026-08-03T11:55:45.107780	"[""LEVEL_LAYOUT""]"
KW_STATS	stats	Keyword extracted from concept 'Leaderboard/Scoring System': stats	"{""source"": ""concept_extraction"", ""source_concept"": ""LEADERBOARD_SYSTEM"", ""extracted_at"": ""2026-08-03T11:55:45.107792""}"	2026-08-03T11:55:45.107794	2026-08-03T11:55:45.107795	"[""LEADERBOARD_SYSTEM""]"
KW_SCORING	scoring	Keyword extracted from concept 'Leaderboard/Scoring System': scoring	"{""source"": ""concept_extraction"", ""source_concept"": ""LEADERBOARD_SYSTEM"", ""extracted_at"": ""2026-08-03T11:55:45.107813""}"	2026-08-03T11:55:45.107815	2026-08-03T11:55:45.107816	"[""LEADERBOARD_SYSTEM""]"
KW_LEADERBOARD	leaderboard	Keyword extracted from concept 'Leaderboard/Scoring System': leaderboard	"{""source"": ""concept_extraction"", ""source_concept"": ""LEADERBOARD_SYSTEM"", ""extracted_at"": ""2026-08-03T11:55:45.107818""}"	2026-08-03T11:55:45.107821	2026-08-03T11:55:45.107822	"[""LEADERBOARD_SYSTEM""]"
KW_OPERATORS	operators	Keyword extracted from concept 'Propositional Logic': operators	"{""source"": ""concept_extraction"", ""source_concept"": ""PROPOSITIONAL_LOGIC"", ""extracted_at"": ""2026-08-03T11:55:45.107854""}"	2026-08-03T11:55:45.107857	2026-08-03T11:55:45.107857	"[""PROPOSITIONAL_LOGIC""]"
KW_SUBSETS	subsets	Keyword extracted from concept 'Set Theory': subsets	"{""source"": ""concept_extraction"", ""source_concept"": ""SET_THEORY"", ""extracted_at"": ""2026-08-03T11:55:45.107879""}"	2026-08-03T11:55:45.107881	2026-08-03T11:55:45.107882	"[""SET_THEORY""]"
KW_SETS	sets	Keyword extracted from concept 'Set Theory': sets	"{""source"": ""concept_extraction"", ""source_concept"": ""SET_THEORY"", ""extracted_at"": ""2026-08-03T11:55:45.107884""}"	2026-08-03T11:55:45.107886	2026-08-03T11:55:45.107887	"[""SET_THEORY""]"
KW_UNIONS	unions	Keyword extracted from concept 'Set Theory': unions	"{""source"": ""concept_extraction"", ""source_concept"": ""SET_THEORY"", ""extracted_at"": ""2026-08-03T11:55:45.107889""}"	2026-08-03T11:55:45.107891	2026-08-03T11:55:45.107892	"[""SET_THEORY""]"
KW_PERMUTATIONS	permutations	Keyword extracted from concept 'Combinatorics': permutations	"{""source"": ""concept_extraction"", ""source_concept"": ""COMBINATORICS"", ""extracted_at"": ""2026-08-03T11:55:45.107894""}"	2026-08-03T11:55:45.107896	2026-08-03T11:55:45.107897	"[""COMBINATORICS""]"
KW_COUNTING	counting	Keyword extracted from concept 'Combinatorics': counting	"{""source"": ""concept_extraction"", ""source_concept"": ""COMBINATORICS"", ""extracted_at"": ""2026-08-03T11:55:45.107899""}"	2026-08-03T11:55:45.107901	2026-08-03T11:55:45.107902	"[""COMBINATORICS""]"
KW_COMBINATIONS	combinations	Keyword extracted from concept 'Combinatorics': combinations	"{""source"": ""concept_extraction"", ""source_concept"": ""COMBINATORICS"", ""extracted_at"": ""2026-08-03T11:55:45.107904""}"	2026-08-03T11:55:45.107906	2026-08-03T11:55:45.107907	"[""COMBINATORICS""]"
KW_COMBINATORICS	combinatorics	Keyword extracted from concept 'Combinatorics': combinatorics	"{""source"": ""concept_extraction"", ""source_concept"": ""COMBINATORICS"", ""extracted_at"": ""2026-08-03T11:55:45.107909""}"	2026-08-03T11:55:45.107911	2026-08-03T11:55:45.107912	"[""COMBINATORICS""]"
KW_TREES	trees	Keyword extracted from concept 'Graph Models': trees	"{""source"": ""concept_extraction"", ""source_concept"": ""GRAPH_MODELS"", ""extracted_at"": ""2026-08-03T11:55:45.107914""}"	2026-08-03T11:55:45.107918	2026-08-03T11:55:45.107918	"[""GRAPH_MODELS""]"
KW_EDGES	edges	Keyword extracted from concept 'Graph Models': edges	"{""source"": ""concept_extraction"", ""source_concept"": ""GRAPH_MODELS"", ""extracted_at"": ""2026-08-03T11:55:45.107929""}"	2026-08-03T11:55:45.107932	2026-08-03T11:55:45.107933	"[""GRAPH_MODELS""]"
KW_VERTICES	vertices	Keyword extracted from concept 'Graph Models': vertices	"{""source"": ""concept_extraction"", ""source_concept"": ""GRAPH_MODELS"", ""extracted_at"": ""2026-08-03T11:55:45.107941""}"	2026-08-03T11:55:45.107944	2026-08-03T11:55:45.107944	"[""GRAPH_MODELS""]"
KW_CONCEPTS	concepts	Keyword extracted from concept 'Graph Models': concepts	"{""source"": ""concept_extraction"", ""source_concept"": ""GRAPH_MODELS"", ""extracted_at"": ""2026-08-03T11:55:45.107947""}"	2026-08-03T11:55:45.107949	2026-08-03T11:55:45.107950	"[""GRAPH_MODELS""]"
KW_TRAVERSAL	traversal	Keyword extracted from concept 'Graph Models': traversal	"{""source"": ""concept_extraction"", ""source_concept"": ""GRAPH_MODELS"", ""extracted_at"": ""2026-08-03T11:55:45.107951""}"	2026-08-03T11:55:45.107954	2026-08-03T11:55:45.107954	"[""GRAPH_MODELS""]"
KW_MEASUREMENT	measurement	Keyword extracted from concept 'Quantum States and Superposition': measurement	"{""source"": ""concept_extraction"", ""source_concept"": ""QUANTUM_STATES_SUPERPOSITION"", ""extracted_at"": ""2026-08-03T11:55:45.107963""}"	2026-08-03T11:55:45.107965	2026-08-03T11:55:45.107966	"[""QUANTUM_STATES_SUPERPOSITION""]"
KW_STATES	states	Keyword extracted from concept 'Quantum States and Superposition': states	"{""source"": ""concept_extraction"", ""source_concept"": ""QUANTUM_STATES_SUPERPOSITION"", ""extracted_at"": ""2026-08-03T11:55:45.107968""}"	2026-08-03T11:55:45.107970	2026-08-03T11:55:45.107971	"[""QUANTUM_STATES_SUPERPOSITION""]"
KW_QUBITS	qubits	Keyword extracted from concept 'Quantum States and Superposition': qubits	"{""source"": ""concept_extraction"", ""source_concept"": ""QUANTUM_STATES_SUPERPOSITION"", ""extracted_at"": ""2026-08-03T11:55:45.107973""}"	2026-08-03T11:55:45.107975	2026-08-03T11:55:45.107976	"[""QUANTUM_STATES_SUPERPOSITION""]"
KW_SUPERPOSITION	superposition	Keyword extracted from concept 'Quantum States and Superposition': superposition	"{""source"": ""concept_extraction"", ""source_concept"": ""QUANTUM_STATES_SUPERPOSITION"", ""extracted_at"": ""2026-08-03T11:55:45.107978""}"	2026-08-03T11:55:45.107980	2026-08-03T11:55:45.107981	"[""QUANTUM_STATES_SUPERPOSITION""]"
KW_QUANTUM	quantum	Keyword extracted from concept 'Quantum States and Superposition': quantum	"{""source"": ""concept_extraction"", ""source_concept"": ""QUANTUM_STATES_SUPERPOSITION"", ""extracted_at"": ""2026-08-03T11:55:45.107988""}"	2026-08-03T11:55:45.107990	2026-08-03T11:55:45.107991	"[""QUANTUM_STATES_SUPERPOSITION""]"
KW_DIRAC	dirac	Keyword extracted from concept 'Quantum States and Superposition': dirac	"{""source"": ""concept_extraction"", ""source_concept"": ""QUANTUM_STATES_SUPERPOSITION"", ""extracted_at"": ""2026-08-03T11:55:45.107992""}"	2026-08-03T11:55:45.107995	2026-08-03T11:55:45.107995	"[""QUANTUM_STATES_SUPERPOSITION""]"
KW_BELL	bell	Keyword extracted from concept 'Quantum Entanglement': bell	"{""source"": ""concept_extraction"", ""source_concept"": ""QUANTUM_ENTANGLEMENT"", ""extracted_at"": ""2026-08-03T11:55:45.107998""}"	2026-08-03T11:55:45.108000	2026-08-03T11:55:45.108001	"[""QUANTUM_ENTANGLEMENT""]"
KW_ENTANGLEMENT	entanglement	Keyword extracted from concept 'Quantum Entanglement': entanglement	"{""source"": ""concept_extraction"", ""source_concept"": ""QUANTUM_ENTANGLEMENT"", ""extracted_at"": ""2026-08-03T11:55:45.108008""}"	2026-08-03T11:55:45.108010	2026-08-03T11:55:45.108011	"[""QUANTUM_ENTANGLEMENT""]"
KW_CORRELATION	correlation	Keyword extracted from concept 'Quantum Entanglement': correlation	"{""source"": ""concept_extraction"", ""source_concept"": ""QUANTUM_ENTANGLEMENT"", ""extracted_at"": ""2026-08-03T11:55:45.108013""}"	2026-08-03T11:55:45.108015	2026-08-03T11:55:45.108016	"[""QUANTUM_ENTANGLEMENT""]"
KW_SPOOKY	spooky	Keyword extracted from concept 'Quantum Entanglement': spooky	"{""source"": ""concept_extraction"", ""source_concept"": ""QUANTUM_ENTANGLEMENT"", ""extracted_at"": ""2026-08-03T11:55:45.108027""}"	2026-08-03T11:55:45.108030	2026-08-03T11:55:45.108030	"[""QUANTUM_ENTANGLEMENT""]"
KW_HADAMARD	hadamard	Keyword extracted from concept 'Quantum Logic Gates': hadamard	"{""source"": ""concept_extraction"", ""source_concept"": ""QUANTUM_LOGIC_GATES"", ""extracted_at"": ""2026-08-03T11:55:45.108033""}"	2026-08-03T11:55:45.108035	2026-08-03T11:55:45.108036	"[""QUANTUM_LOGIC_GATES""]"
KW_PAULI	pauli	Keyword extracted from concept 'Quantum Logic Gates': pauli	"{""source"": ""concept_extraction"", ""source_concept"": ""QUANTUM_LOGIC_GATES"", ""extracted_at"": ""2026-08-03T11:55:45.108038""}"	2026-08-03T11:55:45.108040	2026-08-03T11:55:45.108041	"[""QUANTUM_LOGIC_GATES""]"
KW_CIRCUITS	circuits	Keyword extracted from concept 'Quantum Logic Gates': circuits	"{""source"": ""concept_extraction"", ""source_concept"": ""QUANTUM_LOGIC_GATES"", ""extracted_at"": ""2026-08-03T11:55:45.108048""}"	2026-08-03T11:55:45.108050	2026-08-03T11:55:45.108051	"[""QUANTUM_LOGIC_GATES""]"
KW_CNOT	cnot	Keyword extracted from concept 'Quantum Logic Gates': cnot	"{""source"": ""concept_extraction"", ""source_concept"": ""QUANTUM_LOGIC_GATES"", ""extracted_at"": ""2026-08-03T11:55:45.108059""}"	2026-08-03T11:55:45.108061	2026-08-03T11:55:45.108062	"[""QUANTUM_LOGIC_GATES""]"
KW_VQE	vqe	Keyword extracted from concept 'Parameterized Quantum Circuits': vqe	"{""source"": ""concept_extraction"", ""source_concept"": ""PARAMETERIZED_QUANTUM_CIRCUITS"", ""extracted_at"": ""2026-08-03T11:55:45.108075""}"	2026-08-03T11:55:45.108077	2026-08-03T11:55:45.108078	"[""PARAMETERIZED_QUANTUM_CIRCUITS""]"
KW_QNN	qnn	Keyword extracted from concept 'Parameterized Quantum Circuits': qnn	"{""source"": ""concept_extraction"", ""source_concept"": ""PARAMETERIZED_QUANTUM_CIRCUITS"", ""extracted_at"": ""2026-08-03T11:55:45.108080""}"	2026-08-03T11:55:45.108082	2026-08-03T11:55:45.108082	"[""PARAMETERIZED_QUANTUM_CIRCUITS""]"
KW_ANSATZ	ansatz	Keyword extracted from concept 'Parameterized Quantum Circuits': ansatz	"{""source"": ""concept_extraction"", ""source_concept"": ""PARAMETERIZED_QUANTUM_CIRCUITS"", ""extracted_at"": ""2026-08-03T11:55:45.108094""}"	2026-08-03T11:55:45.108096	2026-08-03T11:55:45.108097	"[""PARAMETERIZED_QUANTUM_CIRCUITS""]"
KW_PQC	pqc	Keyword extracted from concept 'Parameterized Quantum Circuits': pqc	"{""source"": ""concept_extraction"", ""source_concept"": ""PARAMETERIZED_QUANTUM_CIRCUITS"", ""extracted_at"": ""2026-08-03T11:55:45.108098""}"	2026-08-03T11:55:45.108101	2026-08-03T11:55:45.108101	"[""PARAMETERIZED_QUANTUM_CIRCUITS""]"
KW_PARAMETERIZED	parameterized	Keyword extracted from concept 'Parameterized Quantum Circuits': parameterized	"{""source"": ""concept_extraction"", ""source_concept"": ""PARAMETERIZED_QUANTUM_CIRCUITS"", ""extracted_at"": ""2026-08-03T11:55:45.108103""}"	2026-08-03T11:55:45.108105	2026-08-03T11:55:45.108106	"[""PARAMETERIZED_QUANTUM_CIRCUITS""]"
KW_TRANSFORMER	transformer	Keyword extracted from concept 'Transformer Architecture': transformer	"{""source"": ""concept_extraction"", ""source_concept"": ""TRANSFORMER_ARCHITECTURE"", ""extracted_at"": ""2026-08-03T11:55:45.108132""}"	2026-08-03T11:55:45.108134	2026-08-03T11:55:45.108135	"[""TRANSFORMER_ARCHITECTURE""]"
KW_SELF	self	Keyword extracted from concept 'Transformer Architecture': self	"{""source"": ""concept_extraction"", ""source_concept"": ""TRANSFORMER_ARCHITECTURE"", ""extracted_at"": ""2026-08-03T11:55:45.108162""}"	2026-08-03T11:55:45.108164	2026-08-03T11:55:45.108165	"[""TRANSFORMER_ARCHITECTURE""]"
KW_ATTENTION	attention	Keyword extracted from concept 'Transformer Architecture': attention	"{""source"": ""concept_extraction"", ""source_concept"": ""TRANSFORMER_ARCHITECTURE"", ""extracted_at"": ""2026-08-03T11:55:45.108166""}"	2026-08-03T11:55:45.108168	2026-08-03T11:55:45.108169	"[""TRANSFORMER_ARCHITECTURE""]"
KW_LARGE	large	Keyword extracted from concept 'Large Language Model Principles': large	"{""source"": ""concept_extraction"", ""source_concept"": ""LARGE_LANGUAGE_MODEL_CONCEPTS"", ""extracted_at"": ""2026-08-03T11:55:45.108177""}"	2026-08-03T11:55:45.108179	2026-08-03T11:55:45.108180	"[""LARGE_LANGUAGE_MODEL_CONCEPTS""]"
KW_FINE	fine	Keyword extracted from concept 'Large Language Model Principles': fine	"{""source"": ""concept_extraction"", ""source_concept"": ""LARGE_LANGUAGE_MODEL_CONCEPTS"", ""extracted_at"": ""2026-08-03T11:55:45.108221""}"	2026-08-03T11:55:45.108224	2026-08-03T11:55:45.108224	"[""LARGE_LANGUAGE_MODEL_CONCEPTS""]"
KW_PRE	pre	Keyword extracted from concept 'Large Language Model Principles': pre	"{""source"": ""concept_extraction"", ""source_concept"": ""LARGE_LANGUAGE_MODEL_CONCEPTS"", ""extracted_at"": ""2026-08-03T11:55:45.108226""}"	2026-08-03T11:55:45.108228	2026-08-03T11:55:45.108229	"[""LARGE_LANGUAGE_MODEL_CONCEPTS""]"
KW_TUNING	tuning	Keyword extracted from concept 'Large Language Model Principles': tuning	"{""source"": ""concept_extraction"", ""source_concept"": ""LARGE_LANGUAGE_MODEL_CONCEPTS"", ""extracted_at"": ""2026-08-03T11:55:45.108236""}"	2026-08-03T11:55:45.108238	2026-08-03T11:55:45.108239	"[""LARGE_LANGUAGE_MODEL_CONCEPTS""]"
KW_TINH	tinh	Keyword extracted from concept 'Large Language Model Principles': tinh	"{""source"": ""concept_extraction"", ""source_concept"": ""LARGE_LANGUAGE_MODEL_CONCEPTS"", ""extracted_at"": ""2026-08-03T11:55:45.108240""}"	2026-08-03T11:55:45.108243	2026-08-03T11:55:45.108243	"[""LARGE_LANGUAGE_MODEL_CONCEPTS""]"
KW_PROMPT	prompt	Keyword extracted from concept 'Large Language Model Principles': prompt	"{""source"": ""concept_extraction"", ""source_concept"": ""LARGE_LANGUAGE_MODEL_CONCEPTS"", ""extracted_at"": ""2026-08-03T11:55:45.108245""}"	2026-08-03T11:55:45.108248	2026-08-03T11:55:45.108249	"[""LARGE_LANGUAGE_MODEL_CONCEPTS""]"
KW_AUGMENTED	augmented	Keyword extracted from concept 'Retrieval-Augmented Generation': augmented	"{""source"": ""concept_extraction"", ""source_concept"": ""RETRIEVAL_AUGMENTED_GENERATION"", ""extracted_at"": ""2026-08-03T11:55:45.108266""}"	2026-08-03T11:55:45.108269	2026-08-03T11:55:45.108270	"[""RETRIEVAL_AUGMENTED_GENERATION""]"
KW_RETRIEVAL	retrieval	Keyword extracted from concept 'Retrieval-Augmented Generation': retrieval	"{""source"": ""concept_extraction"", ""source_concept"": ""RETRIEVAL_AUGMENTED_GENERATION"", ""extracted_at"": ""2026-08-03T11:55:45.108272""}"	2026-08-03T11:55:45.108274	2026-08-03T11:55:45.108275	"[""RETRIEVAL_AUGMENTED_GENERATION""]"
KW_SUNG	sung	Keyword extracted from concept 'Retrieval-Augmented Generation': sung	"{""source"": ""concept_extraction"", ""source_concept"": ""RETRIEVAL_AUGMENTED_GENERATION"", ""extracted_at"": ""2026-08-03T11:55:45.108281""}"	2026-08-03T11:55:45.108284	2026-08-03T11:55:45.108285	"[""RETRIEVAL_AUGMENTED_GENERATION""]"
KW_SINH	sinh	Keyword extracted from concept 'Retrieval-Augmented Generation': sinh	"{""source"": ""concept_extraction"", ""source_concept"": ""RETRIEVAL_AUGMENTED_GENERATION"", ""extracted_at"": ""2026-08-03T11:55:45.108287""}"	2026-08-03T11:55:45.108289	2026-08-03T11:55:45.108290	"[""RETRIEVAL_AUGMENTED_GENERATION""]"
KW_CONTEXT	context	Keyword extracted from concept 'Retrieval-Augmented Generation': context	"{""source"": ""concept_extraction"", ""source_concept"": ""RETRIEVAL_AUGMENTED_GENERATION"", ""extracted_at"": ""2026-08-03T11:55:45.108292""}"	2026-08-03T11:55:45.108294	2026-08-03T11:55:45.108295	"[""RETRIEVAL_AUGMENTED_GENERATION""]"
KW_GROUNDING	grounding	Keyword extracted from concept 'Retrieval-Augmented Generation': grounding	"{""source"": ""concept_extraction"", ""source_concept"": ""RETRIEVAL_AUGMENTED_GENERATION"", ""extracted_at"": ""2026-08-03T11:55:45.108301""}"	2026-08-03T11:55:45.108303	2026-08-03T11:55:45.108304	"[""RETRIEVAL_AUGMENTED_GENERATION""]"
KW_INJECTION	injection	Keyword extracted from concept 'Retrieval-Augmented Generation': injection	"{""source"": ""concept_extraction"", ""source_concept"": ""RETRIEVAL_AUGMENTED_GENERATION"", ""extracted_at"": ""2026-08-03T11:55:45.108306""}"	2026-08-03T11:55:45.108308	2026-08-03T11:55:45.108309	"[""RETRIEVAL_AUGMENTED_GENERATION""]"
KW_EMBEDDING	embedding	Keyword extracted from concept 'Vector Embedding and Similarity Search': embedding	"{""source"": ""concept_extraction"", ""source_concept"": ""VECTOR_EMBEDDING_SEARCH"", ""extracted_at"": ""2026-08-03T11:55:45.108312""}"	2026-08-03T11:55:45.108314	2026-08-03T11:55:45.108315	"[""VECTOR_EMBEDDING_SEARCH""]"
KW_DISTANCE	distance	Keyword extracted from concept 'Vector Embedding and Similarity Search': distance	"{""source"": ""concept_extraction"", ""source_concept"": ""VECTOR_EMBEDDING_SEARCH"", ""extracted_at"": ""2026-08-03T11:55:45.108335""}"	2026-08-03T11:55:45.108337	2026-08-03T11:55:45.108338	"[""VECTOR_EMBEDDING_SEARCH""]"
KW_SIMILARITY	similarity	Keyword extracted from concept 'Vector Embedding and Similarity Search': similarity	"{""source"": ""concept_extraction"", ""source_concept"": ""VECTOR_EMBEDDING_SEARCH"", ""extracted_at"": ""2026-08-03T11:55:45.108340""}"	2026-08-03T11:55:45.108342	2026-08-03T11:55:45.108343	"[""VECTOR_EMBEDDING_SEARCH""]"
KW_COSINE	cosine	Keyword extracted from concept 'Vector Embedding and Similarity Search': cosine	"{""source"": ""concept_extraction"", ""source_concept"": ""VECTOR_EMBEDDING_SEARCH"", ""extracted_at"": ""2026-08-03T11:55:45.108344""}"	2026-08-03T11:55:45.108347	2026-08-03T11:55:45.108347	"[""VECTOR_EMBEDDING_SEARCH""]"
KW_REFLECTION	reflection	Keyword extracted from concept 'Agentic Workflow Orchestration': reflection	"{""source"": ""concept_extraction"", ""source_concept"": ""AGENTIC_WORKFLOW_ORCHESTRATION"", ""extracted_at"": ""2026-08-03T11:55:45.108356""}"	2026-08-03T11:55:45.108359	2026-08-03T11:55:45.108359	"[""AGENTIC_WORKFLOW_ORCHESTRATION""]"
KW_ORCHESTRATION	orchestration	Keyword extracted from concept 'Agentic Workflow Orchestration': orchestration	"{""source"": ""concept_extraction"", ""source_concept"": ""AGENTIC_WORKFLOW_ORCHESTRATION"", ""extracted_at"": ""2026-08-03T11:55:45.108366""}"	2026-08-03T11:55:45.108368	2026-08-03T11:55:45.108369	"[""AGENTIC_WORKFLOW_ORCHESTRATION""]"
KW_PLANNING	planning	Keyword extracted from concept 'Agentic Workflow Orchestration': planning	"{""source"": ""concept_extraction"", ""source_concept"": ""AGENTIC_WORKFLOW_ORCHESTRATION"", ""extracted_at"": ""2026-08-03T11:55:45.108371""}"	2026-08-03T11:55:45.108373	2026-08-03T11:55:45.108374	"[""AGENTIC_WORKFLOW_ORCHESTRATION""]"
KW_USE	use	Keyword extracted from concept 'Agentic Workflow Orchestration': use	"{""source"": ""concept_extraction"", ""source_concept"": ""AGENTIC_WORKFLOW_ORCHESTRATION"", ""extracted_at"": ""2026-08-03T11:55:45.108375""}"	2026-08-03T11:55:45.108378	2026-08-03T11:55:45.108378	"[""AGENTIC_WORKFLOW_ORCHESTRATION""]"
KW_TOOL	tool	Keyword extracted from concept 'Agentic Workflow Orchestration': tool	"{""source"": ""concept_extraction"", ""source_concept"": ""AGENTIC_WORKFLOW_ORCHESTRATION"", ""extracted_at"": ""2026-08-03T11:55:45.108389""}"	2026-08-03T11:55:45.108392	2026-08-03T11:55:45.108392	"[""AGENTIC_WORKFLOW_ORCHESTRATION""]"
KW_AGENTIC	agentic	Keyword extracted from concept 'Agentic Workflow Orchestration': agentic	"{""source"": ""concept_extraction"", ""source_concept"": ""AGENTIC_WORKFLOW_ORCHESTRATION"", ""extracted_at"": ""2026-08-03T11:55:45.108394""}"	2026-08-03T11:55:45.108396	2026-08-03T11:55:45.108397	"[""AGENTIC_WORKFLOW_ORCHESTRATION""]"
KW_DYNAMICS	dynamics	Keyword extracted from concept 'Multi-Agent Cooperation Dynamics': dynamics	"{""source"": ""concept_extraction"", ""source_concept"": ""MULTI_AGENT_COOPERATION"", ""extracted_at"": ""2026-08-03T11:55:45.108405""}"	2026-08-03T11:55:45.108411	2026-08-03T11:55:45.108412	"[""MULTI_AGENT_COOPERATION""]"
KW_ASSIGNMENT	assignment	Keyword extracted from concept 'Multi-Agent Cooperation Dynamics': assignment	"{""source"": ""concept_extraction"", ""source_concept"": ""MULTI_AGENT_COOPERATION"", ""extracted_at"": ""2026-08-03T11:55:45.108414""}"	2026-08-03T11:55:45.108417	2026-08-03T11:55:45.108417	"[""MULTI_AGENT_COOPERATION""]"
KW_COOPERATION	cooperation	Keyword extracted from concept 'Multi-Agent Cooperation Dynamics': cooperation	"{""source"": ""concept_extraction"", ""source_concept"": ""MULTI_AGENT_COOPERATION"", ""extracted_at"": ""2026-08-03T11:55:45.108419""}"	2026-08-03T11:55:45.108421	2026-08-03T11:55:45.108422	"[""MULTI_AGENT_COOPERATION""]"
KW_ROLE	role	Keyword extracted from concept 'Multi-Agent Cooperation Dynamics': role	"{""source"": ""concept_extraction"", ""source_concept"": ""MULTI_AGENT_COOPERATION"", ""extracted_at"": ""2026-08-03T11:55:45.108449""}"	2026-08-03T11:55:45.108452	2026-08-03T11:55:45.108452	"[""MULTI_AGENT_COOPERATION""]"
KW_LONG	long	Keyword extracted from concept 'Agent Memory Systems': long	"{""source"": ""concept_extraction"", ""source_concept"": ""AGENT_MEMORY_SYSTEMS"", ""extracted_at"": ""2026-08-03T11:55:45.108456""}"	2026-08-03T11:55:45.108459	2026-08-03T11:55:45.108460	"[""AGENT_MEMORY_SYSTEMS""]"
KW_TERM	term	Keyword extracted from concept 'Agent Memory Systems': term	"{""source"": ""concept_extraction"", ""source_concept"": ""AGENT_MEMORY_SYSTEMS"", ""extracted_at"": ""2026-08-03T11:55:45.108462""}"	2026-08-03T11:55:45.108464	2026-08-03T11:55:45.108465	"[""AGENT_MEMORY_SYSTEMS""]"
KW_SHORT	short	Keyword extracted from concept 'Agent Memory Systems': short	"{""source"": ""concept_extraction"", ""source_concept"": ""AGENT_MEMORY_SYSTEMS"", ""extracted_at"": ""2026-08-03T11:55:45.108467""}"	2026-08-03T11:55:45.108469	2026-08-03T11:55:45.108470	"[""AGENT_MEMORY_SYSTEMS""]"
KW_CONVERSATION	conversation	Keyword extracted from concept 'Agent Memory Systems': conversation	"{""source"": ""concept_extraction"", ""source_concept"": ""AGENT_MEMORY_SYSTEMS"", ""extracted_at"": ""2026-08-03T11:55:45.108472""}"	2026-08-03T11:55:45.108474	2026-08-03T11:55:45.108475	"[""AGENT_MEMORY_SYSTEMS""]"
KW_QUANTIZATION	quantization	Keyword extracted from concept 'Edge Model Quantization and Compression': quantization	"{""source"": ""concept_extraction"", ""source_concept"": ""EDGE_MODEL_QUANTIZATION"", ""extracted_at"": ""2026-08-03T11:55:45.108500""}"	2026-08-03T11:55:45.108502	2026-08-03T11:55:45.108503	"[""EDGE_MODEL_QUANTIZATION""]"
KW_INFERENCE	inference	Keyword extracted from concept 'Edge Model Quantization and Compression': inference	"{""source"": ""concept_extraction"", ""source_concept"": ""EDGE_MODEL_QUANTIZATION"", ""extracted_at"": ""2026-08-03T11:55:45.108510""}"	2026-08-03T11:55:45.108512	2026-08-03T11:55:45.108513	"[""EDGE_MODEL_QUANTIZATION""]"
KW_COMPRESSION	compression	Keyword extracted from concept 'Edge Model Quantization and Compression': compression	"{""source"": ""concept_extraction"", ""source_concept"": ""EDGE_MODEL_QUANTIZATION"", ""extracted_at"": ""2026-08-03T11:55:45.108526""}"	2026-08-03T11:55:45.108528	2026-08-03T11:55:45.108529	"[""EDGE_MODEL_QUANTIZATION""]"
KW_REAL	real	Keyword extracted from concept 'AIoT Edge Data Pipeline': real	"{""source"": ""concept_extraction"", ""source_concept"": ""AIOT_DATA_PIPELINE"", ""extracted_at"": ""2026-08-03T11:55:45.108577""}"	2026-08-03T11:55:45.108580	2026-08-03T11:55:45.108580	"[""AIOT_DATA_PIPELINE""]"
KW_POWER	power	Keyword extracted from concept 'TinyML Ultra-Low Power Inference': power	"{""source"": ""concept_extraction"", ""source_concept"": ""TINYML_INFERENCE"", ""extracted_at"": ""2026-08-03T11:55:45.108598""}"	2026-08-03T11:55:45.108601	2026-08-03T11:55:45.108601	"[""TINYML_INFERENCE""]"
KW_ULTRA	ultra	Keyword extracted from concept 'TinyML Ultra-Low Power Inference': ultra	"{""source"": ""concept_extraction"", ""source_concept"": ""TINYML_INFERENCE"", ""extracted_at"": ""2026-08-03T11:55:45.108603""}"	2026-08-03T11:55:45.108607	2026-08-03T11:55:45.108607	"[""TINYML_INFERENCE""]"
KW_LOW	low	Keyword extracted from concept 'TinyML Ultra-Low Power Inference': low	"{""source"": ""concept_extraction"", ""source_concept"": ""TINYML_INFERENCE"", ""extracted_at"": ""2026-08-03T11:55:45.108609""}"	2026-08-03T11:55:45.108612	2026-08-03T11:55:45.108613	"[""TINYML_INFERENCE""]"
KW_TRAJECTORY	trajectory	Keyword extracted from concept 'Robotic Path Planning Algorithms': trajectory	"{""source"": ""concept_extraction"", ""source_concept"": ""ROBOTIC_PATH_PLANNING"", ""extracted_at"": ""2026-08-03T11:55:45.108629""}"	2026-08-03T11:55:45.108632	2026-08-03T11:55:45.108632	"[""ROBOTIC_PATH_PLANNING""]"
KW_AVOIDANCE	avoidance	Keyword extracted from concept 'Robotic Path Planning Algorithms': avoidance	"{""source"": ""concept_extraction"", ""source_concept"": ""ROBOTIC_PATH_PLANNING"", ""extracted_at"": ""2026-08-03T11:55:45.108634""}"	2026-08-03T11:55:45.108638	2026-08-03T11:55:45.108639	"[""ROBOTIC_PATH_PLANNING""]"
KW_ROBOTIC	robotic	Keyword extracted from concept 'Robotic Path Planning Algorithms': robotic	"{""source"": ""concept_extraction"", ""source_concept"": ""ROBOTIC_PATH_PLANNING"", ""extracted_at"": ""2026-08-03T11:55:45.108655""}"	2026-08-03T11:55:45.108657	2026-08-03T11:55:45.108658	"[""ROBOTIC_PATH_PLANNING""]"
KW_ROBOT	robot	Keyword extracted from concept 'Robotic Path Planning Algorithms': robot	"{""source"": ""concept_extraction"", ""source_concept"": ""ROBOTIC_PATH_PLANNING"", ""extracted_at"": ""2026-08-03T11:55:45.108665""}"	2026-08-03T11:55:45.108667	2026-08-03T11:55:45.108668	"[""ROBOTIC_PATH_PLANNING""]"
KW_OBSTACLE	obstacle	Keyword extracted from concept 'Robotic Path Planning Algorithms': obstacle	"{""source"": ""concept_extraction"", ""source_concept"": ""ROBOTIC_PATH_PLANNING"", ""extracted_at"": ""2026-08-03T11:55:45.108670""}"	2026-08-03T11:55:45.108672	2026-08-03T11:55:45.108673	"[""ROBOTIC_PATH_PLANNING""]"
KW_SIMULTANEOUS	simultaneous	Keyword extracted from concept 'Simultaneous Localization and Mapping': simultaneous	"{""source"": ""concept_extraction"", ""source_concept"": ""SIMULTANEOUS_LOCALIZATION_MAPPING"", ""extracted_at"": ""2026-08-03T11:55:45.108676""}"	2026-08-03T11:55:45.108679	2026-08-03T11:55:45.108679	"[""SIMULTANEOUS_LOCALIZATION_MAPPING""]"
KW_QUANH	quanh	Keyword extracted from concept 'Simultaneous Localization and Mapping': quanh	"{""source"": ""concept_extraction"", ""source_concept"": ""SIMULTANEOUS_LOCALIZATION_MAPPING"", ""extracted_at"": ""2026-08-03T11:55:45.108681""}"	2026-08-03T11:55:45.108683	2026-08-03T11:55:45.108684	"[""SIMULTANEOUS_LOCALIZATION_MAPPING""]"
KW_FUSION	fusion	Keyword extracted from concept 'Simultaneous Localization and Mapping': fusion	"{""source"": ""concept_extraction"", ""source_concept"": ""SIMULTANEOUS_LOCALIZATION_MAPPING"", ""extracted_at"": ""2026-08-03T11:55:45.108706""}"	2026-08-03T11:55:45.108708	2026-08-03T11:55:45.108709	"[""SIMULTANEOUS_LOCALIZATION_MAPPING""]"
KW_PERCEPTION	perception	Keyword extracted from concept 'Simultaneous Localization and Mapping': perception	"{""source"": ""concept_extraction"", ""source_concept"": ""SIMULTANEOUS_LOCALIZATION_MAPPING"", ""extracted_at"": ""2026-08-03T11:55:45.108711""}"	2026-08-03T11:55:45.108713	2026-08-03T11:55:45.108714	"[""SIMULTANEOUS_LOCALIZATION_MAPPING""]"
KW_LOCALIZATION	localization	Keyword extracted from concept 'Simultaneous Localization and Mapping': localization	"{""source"": ""concept_extraction"", ""source_concept"": ""SIMULTANEOUS_LOCALIZATION_MAPPING"", ""extracted_at"": ""2026-08-03T11:55:45.108716""}"	2026-08-03T11:55:45.108718	2026-08-03T11:55:45.108719	"[""SIMULTANEOUS_LOCALIZATION_MAPPING""]"
KW_SPATIAL	spatial	Keyword extracted from concept 'Simultaneous Localization and Mapping': spatial	"{""source"": ""concept_extraction"", ""source_concept"": ""SIMULTANEOUS_LOCALIZATION_MAPPING"", ""extracted_at"": ""2026-08-03T11:55:45.108721""}"	2026-08-03T11:55:45.108723	2026-08-03T11:55:45.108724	"[""SIMULTANEOUS_LOCALIZATION_MAPPING""]"
KW_ACTUATION	actuation	Keyword extracted from concept 'Robotic Actuation and Feedback Control': actuation	"{""source"": ""concept_extraction"", ""source_concept"": ""ROBOTIC_ACTUATION_CONTROL"", ""extracted_at"": ""2026-08-03T11:55:45.108757""}"	2026-08-03T11:55:45.108759	2026-08-03T11:55:45.108760	"[""ROBOTIC_ACTUATION_CONTROL""]"
KW_ROBOTICS	robotics	Keyword extracted from concept 'Robotic Actuation and Feedback Control': robotics	"{""source"": ""concept_extraction"", ""source_concept"": ""ROBOTIC_ACTUATION_CONTROL"", ""extracted_at"": ""2026-08-03T11:55:45.108767""}"	2026-08-03T11:55:45.108769	2026-08-03T11:55:45.108770	"[""ROBOTIC_ACTUATION_CONTROL""]"
KW_SEGMENTATION	segmentation	Keyword extracted from concept 'Zero Trust Architecture Principles': segmentation	"{""source"": ""concept_extraction"", ""source_concept"": ""ZERO_TRUST_ARCHITECTURE"", ""extracted_at"": ""2026-08-03T11:55:45.108773""}"	2026-08-03T11:55:45.108775	2026-08-03T11:55:45.108776	"[""ZERO_TRUST_ARCHITECTURE""]"
KW_NINH	ninh	Keyword extracted from concept 'Zero Trust Architecture Principles': ninh	"{""source"": ""concept_extraction"", ""source_concept"": ""ZERO_TRUST_ARCHITECTURE"", ""extracted_at"": ""2026-08-03T11:55:45.108778""}"	2026-08-03T11:55:45.108780	2026-08-03T11:55:45.108781	"[""ZERO_TRUST_ARCHITECTURE""]"
KW_CONTINUOUS	continuous	Keyword extracted from concept 'Zero Trust Architecture Principles': continuous	"{""source"": ""concept_extraction"", ""source_concept"": ""ZERO_TRUST_ARCHITECTURE"", ""extracted_at"": ""2026-08-03T11:55:45.108783""}"	2026-08-03T11:55:45.108785	2026-08-03T11:55:45.108786	"[""ZERO_TRUST_ARCHITECTURE""]"
KW_LEAST	least	Keyword extracted from concept 'Zero Trust Architecture Principles': least	"{""source"": ""concept_extraction"", ""source_concept"": ""ZERO_TRUST_ARCHITECTURE"", ""extracted_at"": ""2026-08-03T11:55:45.108793""}"	2026-08-03T11:55:45.108795	2026-08-03T11:55:45.108796	"[""ZERO_TRUST_ARCHITECTURE""]"
KW_PRIVILEGE	privilege	Keyword extracted from concept 'Zero Trust Architecture Principles': privilege	"{""source"": ""concept_extraction"", ""source_concept"": ""ZERO_TRUST_ARCHITECTURE"", ""extracted_at"": ""2026-08-03T11:55:45.108798""}"	2026-08-03T11:55:45.108801	2026-08-03T11:55:45.108802	"[""ZERO_TRUST_ARCHITECTURE""]"
KW_MICRO	micro	Keyword extracted from concept 'Zero Trust Architecture Principles': micro	"{""source"": ""concept_extraction"", ""source_concept"": ""ZERO_TRUST_ARCHITECTURE"", ""extracted_at"": ""2026-08-03T11:55:45.108804""}"	2026-08-03T11:55:45.108806	2026-08-03T11:55:45.108807	"[""ZERO_TRUST_ARCHITECTURE""]"
KW_VERIFICATION	verification	Keyword extracted from concept 'Zero Trust Architecture Principles': verification	"{""source"": ""concept_extraction"", ""source_concept"": ""ZERO_TRUST_ARCHITECTURE"", ""extracted_at"": ""2026-08-03T11:55:45.108814""}"	2026-08-03T11:55:45.108816	2026-08-03T11:55:45.108817	"[""ZERO_TRUST_ARCHITECTURE""]"
KW_TRUST	trust	Keyword extracted from concept 'Zero Trust Architecture Principles': trust	"{""source"": ""concept_extraction"", ""source_concept"": ""ZERO_TRUST_ARCHITECTURE"", ""extracted_at"": ""2026-08-03T11:55:45.108829""}"	2026-08-03T11:55:45.108831	2026-08-03T11:55:45.108832	"[""ZERO_TRUST_ARCHITECTURE""]"
KW_AUTHORIZATION	authorization	Keyword extracted from concept 'Identity and Access Management': authorization	"{""source"": ""concept_extraction"", ""source_concept"": ""IDENTITY_AND_ACCESS_MANAGEMENT"", ""extracted_at"": ""2026-08-03T11:55:45.108835""}"	2026-08-03T11:55:45.108837	2026-08-03T11:55:45.108838	"[""IDENTITY_AND_ACCESS_MANAGEMENT""]"
KW_CERTIFICATE	certificate	Keyword extracted from concept 'Public Key Infrastructure Principles': certificate	"{""source"": ""concept_extraction"", ""source_concept"": ""PUBLIC_KEY_INFRASTRUCTURE"", ""extracted_at"": ""2026-08-03T11:55:45.108878""}"	2026-08-03T11:55:45.108880	2026-08-03T11:55:45.108881	"[""PUBLIC_KEY_INFRASTRUCTURE""]"
KW_ENCRYPTION	encryption	Keyword extracted from concept 'Public Key Infrastructure Principles': encryption	"{""source"": ""concept_extraction"", ""source_concept"": ""PUBLIC_KEY_INFRASTRUCTURE"", ""extracted_at"": ""2026-08-03T11:55:45.108888""}"	2026-08-03T11:55:45.108890	2026-08-03T11:55:45.108891	"[""PUBLIC_KEY_INFRASTRUCTURE""]"
KW_AUTHORITY	authority	Keyword extracted from concept 'Public Key Infrastructure Principles': authority	"{""source"": ""concept_extraction"", ""source_concept"": ""PUBLIC_KEY_INFRASTRUCTURE"", ""extracted_at"": ""2026-08-03T11:55:45.108898""}"	2026-08-03T11:55:45.108900	2026-08-03T11:55:45.108901	"[""PUBLIC_KEY_INFRASTRUCTURE""]"
KW_INFRASTRUCTURE	infrastructure	Keyword extracted from concept 'Public Key Infrastructure Principles': infrastructure	"{""source"": ""concept_extraction"", ""source_concept"": ""PUBLIC_KEY_INFRASTRUCTURE"", ""extracted_at"": ""2026-08-03T11:55:45.108908""}"	2026-08-03T11:55:45.108911	2026-08-03T11:55:45.108912	"[""PUBLIC_KEY_INFRASTRUCTURE""]"
KW_ASYMMETRIC	asymmetric	Keyword extracted from concept 'Public Key Infrastructure Principles': asymmetric	"{""source"": ""concept_extraction"", ""source_concept"": ""PUBLIC_KEY_INFRASTRUCTURE"", ""extracted_at"": ""2026-08-03T11:55:45.108929""}"	2026-08-03T11:55:45.108931	2026-08-03T11:55:45.108932	"[""PUBLIC_KEY_INFRASTRUCTURE""]"
KW_ASSESSMENT	assessment	Keyword extracted from concept 'Threat Modeling and Security Assessment': assessment	"{""source"": ""concept_extraction"", ""source_concept"": ""THREAT_MODELING_ASSESSMENT"", ""extracted_at"": ""2026-08-03T11:55:45.108945""}"	2026-08-03T11:55:45.108947	2026-08-03T11:55:45.108948	"[""THREAT_MODELING_ASSESSMENT""]"
KW_SCANNING	scanning	Keyword extracted from concept 'Threat Modeling and Security Assessment': scanning	"{""source"": ""concept_extraction"", ""source_concept"": ""THREAT_MODELING_ASSESSMENT"", ""extracted_at"": ""2026-08-03T11:55:45.108950""}"	2026-08-03T11:55:45.108952	2026-08-03T11:55:45.108953	"[""THREAT_MODELING_ASSESSMENT""]"
KW_THREAT	threat	Keyword extracted from concept 'Threat Modeling and Security Assessment': threat	"{""source"": ""concept_extraction"", ""source_concept"": ""THREAT_MODELING_ASSESSMENT"", ""extracted_at"": ""2026-08-03T11:55:45.108959""}"	2026-08-03T11:55:45.108962	2026-08-03T11:55:45.108962	"[""THREAT_MODELING_ASSESSMENT""]"
KW_VULNERABILITY	vulnerability	Keyword extracted from concept 'Threat Modeling and Security Assessment': vulnerability	"{""source"": ""concept_extraction"", ""source_concept"": ""THREAT_MODELING_ASSESSMENT"", ""extracted_at"": ""2026-08-03T11:55:45.108969""}"	2026-08-03T11:55:45.108972	2026-08-03T11:55:45.108972	"[""THREAT_MODELING_ASSESSMENT""]"
KW_INVOCATION	invocation	Keyword extracted from concept 'Model Context Protocol Standard': invocation	"{""source"": ""concept_extraction"", ""source_concept"": ""MODEL_CONTEXT_PROTOCOL_STANDARD"", ""extracted_at"": ""2026-08-03T11:55:45.109031""}"	2026-08-03T11:55:45.109034	2026-08-03T11:55:45.109034	"[""MODEL_CONTEXT_PROTOCOL_STANDARD""]"
KW_DURABILITY	durability	Keyword extracted from concept 'Durable Agent State Management': durability	"{""source"": ""concept_extraction"", ""source_concept"": ""DURABLE_AGENT_STATE_MANAGEMENT"", ""extracted_at"": ""2026-08-03T11:55:45.109038""}"	2026-08-03T11:55:45.109040	2026-08-03T11:55:45.109041	"[""DURABLE_AGENT_STATE_MANAGEMENT""]"
KW_RATIONALE	rationale	Keyword extracted from concept 'Durable Agent State Management': rationale	"{""source"": ""concept_extraction"", ""source_concept"": ""DURABLE_AGENT_STATE_MANAGEMENT"", ""extracted_at"": ""2026-08-03T11:55:45.109043""}"	2026-08-03T11:55:45.109045	2026-08-03T11:55:45.109046	"[""DURABLE_AGENT_STATE_MANAGEMENT""]"
KW_DURABLE	durable	Keyword extracted from concept 'Durable Agent State Management': durable	"{""source"": ""concept_extraction"", ""source_concept"": ""DURABLE_AGENT_STATE_MANAGEMENT"", ""extracted_at"": ""2026-08-03T11:55:45.109052""}"	2026-08-03T11:55:45.109055	2026-08-03T11:55:45.109056	"[""DURABLE_AGENT_STATE_MANAGEMENT""]"
KW_TASK	task	Keyword extracted from concept 'Durable Agent State Management': task	"{""source"": ""concept_extraction"", ""source_concept"": ""DURABLE_AGENT_STATE_MANAGEMENT"", ""extracted_at"": ""2026-08-03T11:55:45.109078""}"	2026-08-03T11:55:45.109081	2026-08-03T11:55:45.109081	"[""DURABLE_AGENT_STATE_MANAGEMENT""]"
KW_STRUCTURED	structured	Keyword extracted from concept 'Durable Agent State Management': structured	"{""source"": ""concept_extraction"", ""source_concept"": ""DURABLE_AGENT_STATE_MANAGEMENT"", ""extracted_at"": ""2026-08-03T11:55:45.109083""}"	2026-08-03T11:55:45.109085	2026-08-03T11:55:45.109086	"[""DURABLE_AGENT_STATE_MANAGEMENT""]"
KW_STATUS	status	Keyword extracted from concept 'Durable Agent State Management': status	"{""source"": ""concept_extraction"", ""source_concept"": ""DURABLE_AGENT_STATE_MANAGEMENT"", ""extracted_at"": ""2026-08-03T11:55:45.109088""}"	2026-08-03T11:55:45.109090	2026-08-03T11:55:45.109091	"[""DURABLE_AGENT_STATE_MANAGEMENT""]"
KW_LOGS	logs	Keyword extracted from concept 'Durable Agent State Management': logs	"{""source"": ""concept_extraction"", ""source_concept"": ""DURABLE_AGENT_STATE_MANAGEMENT"", ""extracted_at"": ""2026-08-03T11:55:45.109093""}"	2026-08-03T11:55:45.109095	2026-08-03T11:55:45.109096	"[""DURABLE_AGENT_STATE_MANAGEMENT""]"
KW_EXECUTION	execution	Keyword extracted from concept 'Graph-Based Agentic Workflow': execution	"{""source"": ""concept_extraction"", ""source_concept"": ""GRAPH_BASED_AGENTIC_WORKFLOW"", ""extracted_at"": ""2026-08-03T11:55:45.109104""}"	2026-08-03T11:55:45.109106	2026-08-03T11:55:45.109107	"[""GRAPH_BASED_AGENTIC_WORKFLOW""]"
KW_CYCLIC	cyclic	Keyword extracted from concept 'Graph-Based Agentic Workflow': cyclic	"{""source"": ""concept_extraction"", ""source_concept"": ""GRAPH_BASED_AGENTIC_WORKFLOW"", ""extracted_at"": ""2026-08-03T11:55:45.109113""}"	2026-08-03T11:55:45.109116	2026-08-03T11:55:45.109117	"[""GRAPH_BASED_AGENTIC_WORKFLOW""]"
KW_REASONING	reasoning	Keyword extracted from concept 'Knowledge Graph-Augmented Retrieval': reasoning	"{""source"": ""concept_extraction"", ""source_concept"": ""KNOWLEDGE_GRAPH_RETRIEVAL_AUGMENTATION"", ""extracted_at"": ""2026-08-03T11:55:45.109159""}"	2026-08-03T11:55:45.109161	2026-08-03T11:55:45.109162	"[""KNOWLEDGE_GRAPH_RETRIEVAL_AUGMENTATION""]"
KW_HOP	hop	Keyword extracted from concept 'Knowledge Graph-Augmented Retrieval': hop	"{""source"": ""concept_extraction"", ""source_concept"": ""KNOWLEDGE_GRAPH_RETRIEVAL_AUGMENTATION"", ""extracted_at"": ""2026-08-03T11:55:45.109188""}"	2026-08-03T11:55:45.109190	2026-08-03T11:55:45.109191	"[""KNOWLEDGE_GRAPH_RETRIEVAL_AUGMENTATION""]"
KW_KNOWLEDGE	knowledge	Keyword extracted from concept 'Knowledge Graph-Augmented Retrieval': knowledge	"{""source"": ""concept_extraction"", ""source_concept"": ""KNOWLEDGE_GRAPH_RETRIEVAL_AUGMENTATION"", ""extracted_at"": ""2026-08-03T11:55:45.109198""}"	2026-08-03T11:55:45.109200	2026-08-03T11:55:45.109201	"[""KNOWLEDGE_GRAPH_RETRIEVAL_AUGMENTATION""]"
KW_KEYWORD	keyword	Keyword extracted from concept 'Hybrid Vector and Sparse Search': keyword	"{""source"": ""concept_extraction"", ""source_concept"": ""HYBRID_VECTOR_SPARSE_SEARCH"", ""extracted_at"": ""2026-08-03T11:55:45.109214""}"	2026-08-03T11:55:45.109216	2026-08-03T11:55:45.109217	"[""HYBRID_VECTOR_SPARSE_SEARCH""]"
KW_SPARSE	sparse	Keyword extracted from concept 'Hybrid Vector and Sparse Search': sparse	"{""source"": ""concept_extraction"", ""source_concept"": ""HYBRID_VECTOR_SPARSE_SEARCH"", ""extracted_at"": ""2026-08-03T11:55:45.109229""}"	2026-08-03T11:55:45.109231	2026-08-03T11:55:45.109232	"[""HYBRID_VECTOR_SPARSE_SEARCH""]"
KW_DENSE	dense	Keyword extracted from concept 'Hybrid Vector and Sparse Search': dense	"{""source"": ""concept_extraction"", ""source_concept"": ""HYBRID_VECTOR_SPARSE_SEARCH"", ""extracted_at"": ""2026-08-03T11:55:45.109233""}"	2026-08-03T11:55:45.109236	2026-08-03T11:55:45.109236	"[""HYBRID_VECTOR_SPARSE_SEARCH""]"
KW_COMPUTE	compute	Keyword extracted from concept 'Compute-in-Memory Edge Acceleration': compute	"{""source"": ""concept_extraction"", ""source_concept"": ""COMPUTE_IN_MEMORY_ACCELERATION"", ""extracted_at"": ""2026-08-03T11:55:45.109259""}"	2026-08-03T11:55:45.109261	2026-08-03T11:55:45.109262	"[""COMPUTE_IN_MEMORY_ACCELERATION""]"
KW_ACCELERATION	acceleration	Keyword extracted from concept 'Compute-in-Memory Edge Acceleration': acceleration	"{""source"": ""concept_extraction"", ""source_concept"": ""COMPUTE_IN_MEMORY_ACCELERATION"", ""extracted_at"": ""2026-08-03T11:55:45.109264""}"	2026-08-03T11:55:45.109266	2026-08-03T11:55:45.109267	"[""COMPUTE_IN_MEMORY_ACCELERATION""]"
KW_LIFECYCLE	lifecycle	Keyword extracted from concept 'TinyMLOps Fleet Lifecycle Management': lifecycle	"{""source"": ""concept_extraction"", ""source_concept"": ""TINY_MLOPS_LIFECYCLE_MANAGEMENT"", ""extracted_at"": ""2026-08-03T11:55:45.109286""}"	2026-08-03T11:55:45.109288	2026-08-03T11:55:45.109289	"[""TINY_MLOPS_LIFECYCLE_MANAGEMENT""]"
KW_FLEET	fleet	Keyword extracted from concept 'TinyMLOps Fleet Lifecycle Management': fleet	"{""source"": ""concept_extraction"", ""source_concept"": ""TINY_MLOPS_LIFECYCLE_MANAGEMENT"", ""extracted_at"": ""2026-08-03T11:55:45.109290""}"	2026-08-03T11:55:45.109293	2026-08-03T11:55:45.109293	"[""TINY_MLOPS_LIFECYCLE_MANAGEMENT""]"
KW_MONITORING	monitoring	Keyword extracted from concept 'TinyMLOps Fleet Lifecycle Management': monitoring	"{""source"": ""concept_extraction"", ""source_concept"": ""TINY_MLOPS_LIFECYCLE_MANAGEMENT"", ""extracted_at"": ""2026-08-03T11:55:45.109300""}"	2026-08-03T11:55:45.109302	2026-08-03T11:55:45.109303	"[""TINY_MLOPS_LIFECYCLE_MANAGEMENT""]"
KW_SMALL	small	Keyword extracted from concept 'Small Language Model Edge Optimization': small	"{""source"": ""concept_extraction"", ""source_concept"": ""SMALL_LANGUAGE_MODEL_OPTIMIZATION"", ""extracted_at"": ""2026-08-03T11:55:45.109327""}"	2026-08-03T11:55:45.109330	2026-08-03T11:55:45.109330	"[""SMALL_LANGUAGE_MODEL_OPTIMIZATION""]"
KW_IDENTIFICATION	identification	Keyword extracted from concept 'Pattern Recognition in Computation': identification	"{""source"": ""concept_extraction"", ""source_concept"": ""PATTERN_RECOGNITION_CONCEPT"", ""extracted_at"": ""2026-08-03T11:55:45.109344""}"	2026-08-03T11:55:45.109347	2026-08-03T11:55:45.109348	"[""PATTERN_RECOGNITION_CONCEPT""]"
KW_RECOGNITION	recognition	Keyword extracted from concept 'Pattern Recognition in Computation': recognition	"{""source"": ""concept_extraction"", ""source_concept"": ""PATTERN_RECOGNITION_CONCEPT"", ""extracted_at"": ""2026-08-03T11:55:45.109350""}"	2026-08-03T11:55:45.109353	2026-08-03T11:55:45.109354	"[""PATTERN_RECOGNITION_CONCEPT""]"
KW_TREND	trend	Keyword extracted from concept 'Pattern Recognition in Computation': trend	"{""source"": ""concept_extraction"", ""source_concept"": ""PATTERN_RECOGNITION_CONCEPT"", ""extracted_at"": ""2026-08-03T11:55:45.109356""}"	2026-08-03T11:55:45.109358	2026-08-03T11:55:45.109359	"[""PATTERN_RECOGNITION_CONCEPT""]"
KW_REUSABLE	reusable	Keyword extracted from concept 'Pattern Recognition in Computation': reusable	"{""source"": ""concept_extraction"", ""source_concept"": ""PATTERN_RECOGNITION_CONCEPT"", ""extracted_at"": ""2026-08-03T11:55:45.109376""}"	2026-08-03T11:55:45.109380	2026-08-03T11:55:45.109381	"[""PATTERN_RECOGNITION_CONCEPT""]"
KW_COMPUTATION	computation	Keyword extracted from concept 'Pattern Recognition in Computation': computation	"{""source"": ""concept_extraction"", ""source_concept"": ""PATTERN_RECOGNITION_CONCEPT"", ""extracted_at"": ""2026-08-03T11:55:45.109383""}"	2026-08-03T11:55:45.109385	2026-08-03T11:55:45.109386	"[""PATTERN_RECOGNITION_CONCEPT""]"
KW_GAMES	games	Keyword extracted from concept 'Unplugged Algorithmic Simulation': games	"{""source"": ""concept_extraction"", ""source_concept"": ""UNPLUGGED_ALGORITHM_MIMICRY"", ""extracted_at"": ""2026-08-03T11:55:45.109403""}"	2026-08-03T11:55:45.109406	2026-08-03T11:55:45.109407	"[""UNPLUGGED_ALGORITHM_MIMICRY""]"
KW_CARD	card	Keyword extracted from concept 'Unplugged Algorithmic Simulation': card	"{""source"": ""concept_extraction"", ""source_concept"": ""UNPLUGGED_ALGORITHM_MIMICRY"", ""extracted_at"": ""2026-08-03T11:55:45.109415""}"	2026-08-03T11:55:45.109418	2026-08-03T11:55:45.109419	"[""UNPLUGGED_ALGORITHM_MIMICRY""]"
KW_COMPUTING	computing	Keyword extracted from concept 'Unplugged Algorithmic Simulation': computing	"{""source"": ""concept_extraction"", ""source_concept"": ""UNPLUGGED_ALGORITHM_MIMICRY"", ""extracted_at"": ""2026-08-03T11:55:45.109421""}"	2026-08-03T11:55:45.109423	2026-08-03T11:55:45.109424	"[""UNPLUGGED_ALGORITHM_MIMICRY""]"
KW_UNPLUGGED	unplugged	Keyword extracted from concept 'Unplugged Algorithmic Simulation': unplugged	"{""source"": ""concept_extraction"", ""source_concept"": ""UNPLUGGED_ALGORITHM_MIMICRY"", ""extracted_at"": ""2026-08-03T11:55:45.109426""}"	2026-08-03T11:55:45.109429	2026-08-03T11:55:45.109429	"[""UNPLUGGED_ALGORITHM_MIMICRY""]"
KW_TEXT	text	Keyword extracted from concept 'Visual Block to Code Transition': text	"{""source"": ""concept_extraction"", ""source_concept"": ""VISUAL_BLOCK_TO_CODE_TRANSITION"", ""extracted_at"": ""2026-08-03T11:55:45.109433""}"	2026-08-03T11:55:45.109435	2026-08-03T11:55:45.109436	"[""VISUAL_BLOCK_TO_CODE_TRANSITION""]"
KW_PSEUDO	pseudo	Keyword extracted from concept 'Visual Block to Code Transition': pseudo	"{""source"": ""concept_extraction"", ""source_concept"": ""VISUAL_BLOCK_TO_CODE_TRANSITION"", ""extracted_at"": ""2026-08-03T11:55:45.109448""}"	2026-08-03T11:55:45.109451	2026-08-03T11:55:45.109452	"[""VISUAL_BLOCK_TO_CODE_TRANSITION""]"
KW_BRIDGE	bridge	Keyword extracted from concept 'Visual Block to Code Transition': bridge	"{""source"": ""concept_extraction"", ""source_concept"": ""VISUAL_BLOCK_TO_CODE_TRANSITION"", ""extracted_at"": ""2026-08-03T11:55:45.109453""}"	2026-08-03T11:55:45.109456	2026-08-03T11:55:45.109457	"[""VISUAL_BLOCK_TO_CODE_TRANSITION""]"
KW_BLOCK	block	Keyword extracted from concept 'Visual Block to Code Transition': block	"{""source"": ""concept_extraction"", ""source_concept"": ""VISUAL_BLOCK_TO_CODE_TRANSITION"", ""extracted_at"": ""2026-08-03T11:55:45.109463""}"	2026-08-03T11:55:45.109465	2026-08-03T11:55:45.109466	"[""VISUAL_BLOCK_TO_CODE_TRANSITION""]"
KW_SANG	sang	Keyword extracted from concept 'Visual Block to Code Transition': sang	"{""source"": ""concept_extraction"", ""source_concept"": ""VISUAL_BLOCK_TO_CODE_TRANSITION"", ""extracted_at"": ""2026-08-03T11:55:45.109468""}"	2026-08-03T11:55:45.109470	2026-08-03T11:55:45.109471	"[""VISUAL_BLOCK_TO_CODE_TRANSITION""]"
KW_VISUAL	visual	Keyword extracted from concept 'Visual Block to Code Transition': visual	"{""source"": ""concept_extraction"", ""source_concept"": ""VISUAL_BLOCK_TO_CODE_TRANSITION"", ""extracted_at"": ""2026-08-03T11:55:45.109473""}"	2026-08-03T11:55:45.109475	2026-08-03T11:55:45.109476	"[""VISUAL_BLOCK_TO_CODE_TRANSITION""]"
KW_WISDOM	wisdom	Keyword extracted from concept 'Data Literacy & DIKW Pyramid': wisdom	"{""source"": ""concept_extraction"", ""source_concept"": ""DATA_LITERACY_DIKW_MODEL"", ""extracted_at"": ""2026-08-03T11:55:45.109499""}"	2026-08-03T11:55:45.109501	2026-08-03T11:55:45.109502	"[""DATA_LITERACY_DIKW_MODEL""]"
KW_PYRAMID	pyramid	Keyword extracted from concept 'Data Literacy & DIKW Pyramid': pyramid	"{""source"": ""concept_extraction"", ""source_concept"": ""DATA_LITERACY_DIKW_MODEL"", ""extracted_at"": ""2026-08-03T11:55:45.109504""}"	2026-08-03T11:55:45.109506	2026-08-03T11:55:45.109507	"[""DATA_LITERACY_DIKW_MODEL""]"
KW_LITERACY	literacy	Keyword extracted from concept 'Data Literacy & DIKW Pyramid': literacy	"{""source"": ""concept_extraction"", ""source_concept"": ""DATA_LITERACY_DIKW_MODEL"", ""extracted_at"": ""2026-08-03T11:55:45.109509""}"	2026-08-03T11:55:45.109511	2026-08-03T11:55:45.109512	"[""DATA_LITERACY_DIKW_MODEL""]"
KW_AWARENESS	awareness	Keyword extracted from concept 'Ethical AI and Algorithmic Bias Awareness': awareness	"{""source"": ""concept_extraction"", ""source_concept"": ""ETHICAL_AI_AND_BIAS_AWARENESS"", ""extracted_at"": ""2026-08-03T11:55:45.109525""}"	2026-08-03T11:55:45.109527	2026-08-03T11:55:45.109528	"[""ETHICAL_AI_AND_BIAS_AWARENESS""]"
KW_RESPONSIBLE	responsible	Keyword extracted from concept 'Ethical AI and Algorithmic Bias Awareness': responsible	"{""source"": ""concept_extraction"", ""source_concept"": ""ETHICAL_AI_AND_BIAS_AWARENESS"", ""extracted_at"": ""2026-08-03T11:55:45.109539""}"	2026-08-03T11:55:45.109541	2026-08-03T11:55:45.109542	"[""ETHICAL_AI_AND_BIAS_AWARENESS""]"
KW_ETHICAL	ethical	Keyword extracted from concept 'Ethical AI and Algorithmic Bias Awareness': ethical	"{""source"": ""concept_extraction"", ""source_concept"": ""ETHICAL_AI_AND_BIAS_AWARENESS"", ""extracted_at"": ""2026-08-03T11:55:45.109553""}"	2026-08-03T11:55:45.109556	2026-08-03T11:55:45.109556	"[""ETHICAL_AI_AND_BIAS_AWARENESS""]"
KW_EVALUATION	evaluation	Keyword extracted from concept 'AI Artifact Verification & Auditing': evaluation	"{""source"": ""concept_extraction"", ""source_concept"": ""AI_ARTIFACT_VERIFICATION_AND_EVALUATION"", ""extracted_at"": ""2026-08-03T11:55:45.109578""}"	2026-08-03T11:55:45.109581	2026-08-03T11:55:45.109582	"[""AI_ARTIFACT_VERIFICATION_AND_EVALUATION""]"
KW_AUDITING	auditing	Keyword extracted from concept 'AI Artifact Verification & Auditing': auditing	"{""source"": ""concept_extraction"", ""source_concept"": ""AI_ARTIFACT_VERIFICATION_AND_EVALUATION"", ""extracted_at"": ""2026-08-03T11:55:45.109583""}"	2026-08-03T11:55:45.109586	2026-08-03T11:55:45.109586	"[""AI_ARTIFACT_VERIFICATION_AND_EVALUATION""]"
KW_ARTIFACT	artifact	Keyword extracted from concept 'AI Artifact Verification & Auditing': artifact	"{""source"": ""concept_extraction"", ""source_concept"": ""AI_ARTIFACT_VERIFICATION_AND_EVALUATION"", ""extracted_at"": ""2026-08-03T11:55:45.109598""}"	2026-08-03T11:55:45.109600	2026-08-03T11:55:45.109601	"[""AI_ARTIFACT_VERIFICATION_AND_EVALUATION""]"
KW_RESOURCE	resource	Keyword extracted from concept 'Sustainable Computing & Green AI': resource	"{""source"": ""concept_extraction"", ""source_concept"": ""SUSTAINABLE_COMPUTING_AND_EFFICIENT_AI"", ""extracted_at"": ""2026-08-03T11:55:45.109623""}"	2026-08-03T11:55:45.109625	2026-08-03T11:55:45.109626	"[""SUSTAINABLE_COMPUTING_AND_EFFICIENT_AI""]"
KW_CACBON	cacbon	Keyword extracted from concept 'Sustainable Computing & Green AI': cacbon	"{""source"": ""concept_extraction"", ""source_concept"": ""SUSTAINABLE_COMPUTING_AND_EFFICIENT_AI"", ""extracted_at"": ""2026-08-03T11:55:45.109628""}"	2026-08-03T11:55:45.109630	2026-08-03T11:55:45.109631	"[""SUSTAINABLE_COMPUTING_AND_EFFICIENT_AI""]"
KW_EFFICIENCY	efficiency	Keyword extracted from concept 'Sustainable Computing & Green AI': efficiency	"{""source"": ""concept_extraction"", ""source_concept"": ""SUSTAINABLE_COMPUTING_AND_EFFICIENT_AI"", ""extracted_at"": ""2026-08-03T11:55:45.109633""}"	2026-08-03T11:55:45.109635	2026-08-03T11:55:45.109636	"[""SUSTAINABLE_COMPUTING_AND_EFFICIENT_AI""]"
KW_CARBON	carbon	Keyword extracted from concept 'Sustainable Computing & Green AI': carbon	"{""source"": ""concept_extraction"", ""source_concept"": ""SUSTAINABLE_COMPUTING_AND_EFFICIENT_AI"", ""extracted_at"": ""2026-08-03T11:55:45.109637""}"	2026-08-03T11:55:45.109640	2026-08-03T11:55:45.109640	"[""SUSTAINABLE_COMPUTING_AND_EFFICIENT_AI""]"
KW_ENERGY	energy	Keyword extracted from concept 'Sustainable Computing & Green AI': energy	"{""source"": ""concept_extraction"", ""source_concept"": ""SUSTAINABLE_COMPUTING_AND_EFFICIENT_AI"", ""extracted_at"": ""2026-08-03T11:55:45.109642""}"	2026-08-03T11:55:45.109645	2026-08-03T11:55:45.109646	"[""SUSTAINABLE_COMPUTING_AND_EFFICIENT_AI""]"
KW_SUSTAINABLE	sustainable	Keyword extracted from concept 'Sustainable Computing & Green AI': sustainable	"{""source"": ""concept_extraction"", ""source_concept"": ""SUSTAINABLE_COMPUTING_AND_EFFICIENT_AI"", ""extracted_at"": ""2026-08-03T11:55:45.109648""}"	2026-08-03T11:55:45.109651	2026-08-03T11:55:45.109652	"[""SUSTAINABLE_COMPUTING_AND_EFFICIENT_AI""]"
KW_GREEN	green	Keyword extracted from concept 'Sustainable Computing & Green AI': green	"{""source"": ""concept_extraction"", ""source_concept"": ""SUSTAINABLE_COMPUTING_AND_EFFICIENT_AI"", ""extracted_at"": ""2026-08-03T11:55:45.109670""}"	2026-08-03T11:55:45.109672	2026-08-03T11:55:45.109673	"[""SUSTAINABLE_COMPUTING_AND_EFFICIENT_AI""]"
KW_ALIGNMENT	alignment	Keyword extracted from concept 'AI Governance & Active Red-Teaming': alignment	"{""source"": ""concept_extraction"", ""source_concept"": ""AI_GOVERNANCE_AND_RED_TEAMING"", ""extracted_at"": ""2026-08-03T11:55:45.109676""}"	2026-08-03T11:55:45.109678	2026-08-03T11:55:45.109679	"[""AI_GOVERNANCE_AND_RED_TEAMING""]"
KW_ACTIVE	active	Keyword extracted from concept 'AI Governance & Active Red-Teaming': active	"{""source"": ""concept_extraction"", ""source_concept"": ""AI_GOVERNANCE_AND_RED_TEAMING"", ""extracted_at"": ""2026-08-03T11:55:45.109686""}"	2026-08-03T11:55:45.109688	2026-08-03T11:55:45.109689	"[""AI_GOVERNANCE_AND_RED_TEAMING""]"
KW_TEAMING	teaming	Keyword extracted from concept 'AI Governance & Active Red-Teaming': teaming	"{""source"": ""concept_extraction"", ""source_concept"": ""AI_GOVERNANCE_AND_RED_TEAMING"", ""extracted_at"": ""2026-08-03T11:55:45.109690""}"	2026-08-03T11:55:45.109693	2026-08-03T11:55:45.109693	"[""AI_GOVERNANCE_AND_RED_TEAMING""]"
KW_MITIGATION	mitigation	Keyword extracted from concept 'AI Governance & Active Red-Teaming': mitigation	"{""source"": ""concept_extraction"", ""source_concept"": ""AI_GOVERNANCE_AND_RED_TEAMING"", ""extracted_at"": ""2026-08-03T11:55:45.109695""}"	2026-08-03T11:55:45.109698	2026-08-03T11:55:45.109698	"[""AI_GOVERNANCE_AND_RED_TEAMING""]"
KW_RED	red	Keyword extracted from concept 'AI Governance & Active Red-Teaming': red	"{""source"": ""concept_extraction"", ""source_concept"": ""AI_GOVERNANCE_AND_RED_TEAMING"", ""extracted_at"": ""2026-08-03T11:55:45.109700""}"	2026-08-03T11:55:45.109702	2026-08-03T11:55:45.109703	"[""AI_GOVERNANCE_AND_RED_TEAMING""]"
KW_GOVERNANCE	governance	Keyword extracted from concept 'AI Governance & Active Red-Teaming': governance	"{""source"": ""concept_extraction"", ""source_concept"": ""AI_GOVERNANCE_AND_RED_TEAMING"", ""extracted_at"": ""2026-08-03T11:55:45.109705""}"	2026-08-03T11:55:45.109708	2026-08-03T11:55:45.109709	"[""AI_GOVERNANCE_AND_RED_TEAMING""]"
KW_GUARDRAILS	guardrails	Keyword extracted from concept 'AI Governance & Active Red-Teaming': guardrails	"{""source"": ""concept_extraction"", ""source_concept"": ""AI_GOVERNANCE_AND_RED_TEAMING"", ""extracted_at"": ""2026-08-03T11:55:45.109710""}"	2026-08-03T11:55:45.109713	2026-08-03T11:55:45.109714	"[""AI_GOVERNANCE_AND_RED_TEAMING""]"
KW_EXPLAINABLE	explainable	Keyword extracted from concept 'Probabilistic vs. Deterministic Reasoning': explainable	"{""source"": ""concept_extraction"", ""source_concept"": ""PROBABILISTIC_VS_DETERMINISTIC_REASONING"", ""extracted_at"": ""2026-08-03T11:55:45.109718""}"	2026-08-03T11:55:45.109721	2026-08-03T11:55:45.109721	"[""PROBABILISTIC_VS_DETERMINISTIC_REASONING""]"
KW_PROBABILISTIC	probabilistic	Keyword extracted from concept 'Probabilistic vs. Deterministic Reasoning': probabilistic	"{""source"": ""concept_extraction"", ""source_concept"": ""PROBABILISTIC_VS_DETERMINISTIC_REASONING"", ""extracted_at"": ""2026-08-03T11:55:45.109736""}"	2026-08-03T11:55:45.109738	2026-08-03T11:55:45.109739	"[""PROBABILISTIC_VS_DETERMINISTIC_REASONING""]"
KW_DETERMINISTIC	deterministic	Keyword extracted from concept 'Probabilistic vs. Deterministic Reasoning': deterministic	"{""source"": ""concept_extraction"", ""source_concept"": ""PROBABILISTIC_VS_DETERMINISTIC_REASONING"", ""extracted_at"": ""2026-08-03T11:55:45.109746""}"	2026-08-03T11:55:45.109749	2026-08-03T11:55:45.109749	"[""PROBABILISTIC_VS_DETERMINISTIC_REASONING""]"
KW_PROTEIN	protein	Keyword extracted from concept 'Bioinformatics and Genomic Sequence Analysis': protein	"{""source"": ""concept_extraction"", ""source_concept"": ""BIOINFORMATICS_GENOMIC_ANALYSIS"", ""extracted_at"": ""2026-08-03T11:55:45.109767""}"	2026-08-03T11:55:45.109798	2026-08-03T11:55:45.109799	"[""BIOINFORMATICS_GENOMIC_ANALYSIS""]"
KW_SEQUENCING	sequencing	Keyword extracted from concept 'Bioinformatics and Genomic Sequence Analysis': sequencing	"{""source"": ""concept_extraction"", ""source_concept"": ""BIOINFORMATICS_GENOMIC_ANALYSIS"", ""extracted_at"": ""2026-08-03T11:55:45.109808""}"	2026-08-03T11:55:45.109811	2026-08-03T11:55:45.109812	"[""BIOINFORMATICS_GENOMIC_ANALYSIS""]"
KW_BIOINFORMATICS	bioinformatics	Keyword extracted from concept 'Bioinformatics and Genomic Sequence Analysis': bioinformatics	"{""source"": ""concept_extraction"", ""source_concept"": ""BIOINFORMATICS_GENOMIC_ANALYSIS"", ""extracted_at"": ""2026-08-03T11:55:45.109815""}"	2026-08-03T11:55:45.109818	2026-08-03T11:55:45.109819	"[""BIOINFORMATICS_GENOMIC_ANALYSIS""]"
KW_FOLDING	folding	Keyword extracted from concept 'Bioinformatics and Genomic Sequence Analysis': folding	"{""source"": ""concept_extraction"", ""source_concept"": ""BIOINFORMATICS_GENOMIC_ANALYSIS"", ""extracted_at"": ""2026-08-03T11:55:45.109821""}"	2026-08-03T11:55:45.109824	2026-08-03T11:55:45.109825	"[""BIOINFORMATICS_GENOMIC_ANALYSIS""]"
KW_SEQUENCE	sequence	Keyword extracted from concept 'Bioinformatics and Genomic Sequence Analysis': sequence	"{""source"": ""concept_extraction"", ""source_concept"": ""BIOINFORMATICS_GENOMIC_ANALYSIS"", ""extracted_at"": ""2026-08-03T11:55:45.109834""}"	2026-08-03T11:55:45.109837	2026-08-03T11:55:45.109838	"[""BIOINFORMATICS_GENOMIC_ANALYSIS""]"
KW_GENOMIC	genomic	Keyword extracted from concept 'Bioinformatics and Genomic Sequence Analysis': genomic	"{""source"": ""concept_extraction"", ""source_concept"": ""BIOINFORMATICS_GENOMIC_ANALYSIS"", ""extracted_at"": ""2026-08-03T11:55:45.109840""}"	2026-08-03T11:55:45.109843	2026-08-03T11:55:45.109844	"[""BIOINFORMATICS_GENOMIC_ANALYSIS""]"
KW_NUMERICAL	numerical	Keyword extracted from concept 'Computational Physics and Fluid Dynamics': numerical	"{""source"": ""concept_extraction"", ""source_concept"": ""PHYSICAL_FLUID_DYNAMICS_SIMULATION"", ""extracted_at"": ""2026-08-03T11:55:45.109864""}"	2026-08-03T11:55:45.109866	2026-08-03T11:55:45.109867	"[""PHYSICAL_FLUID_DYNAMICS_SIMULATION""]"
KW_COMPUTATIONAL	computational	Keyword extracted from concept 'Computational Physics and Fluid Dynamics': computational	"{""source"": ""concept_extraction"", ""source_concept"": ""PHYSICAL_FLUID_DYNAMICS_SIMULATION"", ""extracted_at"": ""2026-08-03T11:55:45.109869""}"	2026-08-03T11:55:45.109871	2026-08-03T11:55:45.109872	"[""PHYSICAL_FLUID_DYNAMICS_SIMULATION""]"
KW_FLUID	fluid	Keyword extracted from concept 'Computational Physics and Fluid Dynamics': fluid	"{""source"": ""concept_extraction"", ""source_concept"": ""PHYSICAL_FLUID_DYNAMICS_SIMULATION"", ""extracted_at"": ""2026-08-03T11:55:45.109884""}"	2026-08-03T11:55:45.109887	2026-08-03T11:55:45.109887	"[""PHYSICAL_FLUID_DYNAMICS_SIMULATION""]"
KW_MOLECULAR	molecular	Keyword extracted from concept 'Molecular Dynamics and Materials Computing': molecular	"{""source"": ""concept_extraction"", ""source_concept"": ""MOLECULAR_DYNAMICS_MODELING"", ""extracted_at"": ""2026-08-03T11:55:45.109898""}"	2026-08-03T11:55:45.109900	2026-08-03T11:55:45.109901	"[""MOLECULAR_DYNAMICS_MODELING""]"
KW_MATERIALS	materials	Keyword extracted from concept 'Molecular Dynamics and Materials Computing': materials	"{""source"": ""concept_extraction"", ""source_concept"": ""MOLECULAR_DYNAMICS_MODELING"", ""extracted_at"": ""2026-08-03T11:55:45.109903""}"	2026-08-03T11:55:45.109905	2026-08-03T11:55:45.109906	"[""MOLECULAR_DYNAMICS_MODELING""]"
KW_KHOA	khoa	Keyword extracted from concept 'Molecular Dynamics and Materials Computing': khoa	"{""source"": ""concept_extraction"", ""source_concept"": ""MOLECULAR_DYNAMICS_MODELING"", ""extracted_at"": ""2026-08-03T11:55:45.109922""}"	2026-08-03T11:55:45.109924	2026-08-03T11:55:45.109925	"[""MOLECULAR_DYNAMICS_MODELING""]"
KW_SCIENCE	science	Keyword extracted from concept 'Molecular Dynamics and Materials Computing': science	"{""source"": ""concept_extraction"", ""source_concept"": ""MOLECULAR_DYNAMICS_MODELING"", ""extracted_at"": ""2026-08-03T11:55:45.109926""}"	2026-08-03T11:55:45.109929	2026-08-03T11:55:45.109929	"[""MOLECULAR_DYNAMICS_MODELING""]"
KW_ATOMIC	atomic	Keyword extracted from concept 'Molecular Dynamics and Materials Computing': atomic	"{""source"": ""concept_extraction"", ""source_concept"": ""MOLECULAR_DYNAMICS_MODELING"", ""extracted_at"": ""2026-08-03T11:55:45.109936""}"	2026-08-03T11:55:45.109938	2026-08-03T11:55:45.109939	"[""MOLECULAR_DYNAMICS_MODELING""]"
KW_DECENTRALIZED	decentralized	Keyword extracted from concept 'Decentralized Ledger Cryptographic Consensus': decentralized	"{""source"": ""concept_extraction"", ""source_concept"": ""DECENTRALIZED_LEDGER_CONSENSUS"", ""extracted_at"": ""2026-08-03T11:55:45.109942""}"	2026-08-03T11:55:45.109944	2026-08-03T11:55:45.109945	"[""DECENTRALIZED_LEDGER_CONSENSUS""]"
KW_STAKE	stake	Keyword extracted from concept 'Decentralized Ledger Cryptographic Consensus': stake	"{""source"": ""concept_extraction"", ""source_concept"": ""DECENTRALIZED_LEDGER_CONSENSUS"", ""extracted_at"": ""2026-08-03T11:55:45.109947""}"	2026-08-03T11:55:45.109949	2026-08-03T11:55:45.109950	"[""DECENTRALIZED_LEDGER_CONSENSUS""]"
KW_BLOCKCHAIN	blockchain	Keyword extracted from concept 'Decentralized Ledger Cryptographic Consensus': blockchain	"{""source"": ""concept_extraction"", ""source_concept"": ""DECENTRALIZED_LEDGER_CONSENSUS"", ""extracted_at"": ""2026-08-03T11:55:45.109952""}"	2026-08-03T11:55:45.109954	2026-08-03T11:55:45.109955	"[""DECENTRALIZED_LEDGER_CONSENSUS""]"
KW_SMART	smart	Keyword extracted from concept 'Decentralized Ledger Cryptographic Consensus': smart	"{""source"": ""concept_extraction"", ""source_concept"": ""DECENTRALIZED_LEDGER_CONSENSUS"", ""extracted_at"": ""2026-08-03T11:55:45.109956""}"	2026-08-03T11:55:45.109959	2026-08-03T11:55:45.109959	"[""DECENTRALIZED_LEDGER_CONSENSUS""]"
KW_PROOF	proof	Keyword extracted from concept 'Decentralized Ledger Cryptographic Consensus': proof	"{""source"": ""concept_extraction"", ""source_concept"": ""DECENTRALIZED_LEDGER_CONSENSUS"", ""extracted_at"": ""2026-08-03T11:55:45.109961""}"	2026-08-03T11:55:45.109963	2026-08-03T11:55:45.109964	"[""DECENTRALIZED_LEDGER_CONSENSUS""]"
KW_MERKLE	merkle	Keyword extracted from concept 'Decentralized Ledger Cryptographic Consensus': merkle	"{""source"": ""concept_extraction"", ""source_concept"": ""DECENTRALIZED_LEDGER_CONSENSUS"", ""extracted_at"": ""2026-08-03T11:55:45.109966""}"	2026-08-03T11:55:45.109968	2026-08-03T11:55:45.109969	"[""DECENTRALIZED_LEDGER_CONSENSUS""]"
KW_CONTRACT	contract	Keyword extracted from concept 'Decentralized Ledger Cryptographic Consensus': contract	"{""source"": ""concept_extraction"", ""source_concept"": ""DECENTRALIZED_LEDGER_CONSENSUS"", ""extracted_at"": ""2026-08-03T11:55:45.109971""}"	2026-08-03T11:55:45.109973	2026-08-03T11:55:45.109974	"[""DECENTRALIZED_LEDGER_CONSENSUS""]"
KW_LEDGER	ledger	Keyword extracted from concept 'Decentralized Ledger Cryptographic Consensus': ledger	"{""source"": ""concept_extraction"", ""source_concept"": ""DECENTRALIZED_LEDGER_CONSENSUS"", ""extracted_at"": ""2026-08-03T11:55:45.109976""}"	2026-08-03T11:55:45.109978	2026-08-03T11:55:45.109979	"[""DECENTRALIZED_LEDGER_CONSENSUS""]"
KW_WORK	work	Keyword extracted from concept 'Decentralized Ledger Cryptographic Consensus': work	"{""source"": ""concept_extraction"", ""source_concept"": ""DECENTRALIZED_LEDGER_CONSENSUS"", ""extracted_at"": ""2026-08-03T11:55:45.109980""}"	2026-08-03T11:55:45.109983	2026-08-03T11:55:45.109983	"[""DECENTRALIZED_LEDGER_CONSENSUS""]"
KW_CONSENSUS	consensus	Keyword extracted from concept 'Decentralized Ledger Cryptographic Consensus': consensus	"{""source"": ""concept_extraction"", ""source_concept"": ""DECENTRALIZED_LEDGER_CONSENSUS"", ""extracted_at"": ""2026-08-03T11:55:45.109990""}"	2026-08-03T11:55:45.109992	2026-08-03T11:55:45.109993	"[""DECENTRALIZED_LEDGER_CONSENSUS""]"
KW_CRYPTOGRAPHIC	cryptographic	Keyword extracted from concept 'Decentralized Ledger Cryptographic Consensus': cryptographic	"{""source"": ""concept_extraction"", ""source_concept"": ""DECENTRALIZED_LEDGER_CONSENSUS"", ""extracted_at"": ""2026-08-03T11:55:45.109995""}"	2026-08-03T11:55:45.109997	2026-08-03T11:55:45.109998	"[""DECENTRALIZED_LEDGER_CONSENSUS""]"
KW_RECONSTRUCTION	reconstruction	Keyword extracted from concept 'Spatial Computing and Extended Reality Mapping': reconstruction	"{""source"": ""concept_extraction"", ""source_concept"": ""SPATIAL_COMPUTING_XR_MAPPING"", ""extracted_at"": ""2026-08-03T11:55:45.110001""}"	2026-08-03T11:55:45.110003	2026-08-03T11:55:45.110004	"[""SPATIAL_COMPUTING_XR_MAPPING""]"
KW_REALITY	reality	Keyword extracted from concept 'Spatial Computing and Extended Reality Mapping': reality	"{""source"": ""concept_extraction"", ""source_concept"": ""SPATIAL_COMPUTING_XR_MAPPING"", ""extracted_at"": ""2026-08-03T11:55:45.110017""}"	2026-08-03T11:55:45.110019	2026-08-03T11:55:45.110020	"[""SPATIAL_COMPUTING_XR_MAPPING""]"
KW_EXTENDED	extended	Keyword extracted from concept 'Spatial Computing and Extended Reality Mapping': extended	"{""source"": ""concept_extraction"", ""source_concept"": ""SPATIAL_COMPUTING_XR_MAPPING"", ""extracted_at"": ""2026-08-03T11:55:45.110022""}"	2026-08-03T11:55:45.110025	2026-08-03T11:55:45.110026	"[""SPATIAL_COMPUTING_XR_MAPPING""]"
KW_MECHATRONICS	mechatronics	Keyword extracted from concept 'Mechatronics and Control Systems Diagnostics': mechatronics	"{""source"": ""concept_extraction"", ""source_concept"": ""MECHATRONICS_SYSTEMS_DIAGNOSTICS"", ""extracted_at"": ""2026-08-03T11:55:45.110049""}"	2026-08-03T11:55:45.110051	2026-08-03T11:55:45.110052	"[""MECHATRONICS_SYSTEMS_DIAGNOSTICS""]"
KW_THE	the	Keyword extracted from concept 'Mechatronics and Control Systems Diagnostics': the	"{""source"": ""concept_extraction"", ""source_concept"": ""MECHATRONICS_SYSTEMS_DIAGNOSTICS"", ""extracted_at"": ""2026-08-03T11:55:45.110054""}"	2026-08-03T11:55:45.110056	2026-08-03T11:55:45.110057	"[""MECHATRONICS_SYSTEMS_DIAGNOSTICS""]"
KW_FREQUENCY	frequency	Keyword extracted from concept 'Fourier Transform and Frequency Analysis': frequency	"{""source"": ""concept_extraction"", ""source_concept"": ""FOURIER_TRANSFORM_SIGNAL_ANALYSIS"", ""extracted_at"": ""2026-08-03T11:55:45.110079""}"	2026-08-03T11:55:45.110099	2026-08-03T11:55:45.110100	"[""FOURIER_TRANSFORM_SIGNAL_ANALYSIS""]"
KW_SIGNAL	signal	Keyword extracted from concept 'Fourier Transform and Frequency Analysis': signal	"{""source"": ""concept_extraction"", ""source_concept"": ""FOURIER_TRANSFORM_SIGNAL_ANALYSIS"", ""extracted_at"": ""2026-08-03T11:55:45.110121""}"	2026-08-03T11:55:45.110123	2026-08-03T11:55:45.110124	"[""FOURIER_TRANSFORM_SIGNAL_ANALYSIS""]"
KW_FOURIER	fourier	Keyword extracted from concept 'Fourier Transform and Frequency Analysis': fourier	"{""source"": ""concept_extraction"", ""source_concept"": ""FOURIER_TRANSFORM_SIGNAL_ANALYSIS"", ""extracted_at"": ""2026-08-03T11:55:45.110126""}"	2026-08-03T11:55:45.110128	2026-08-03T11:55:45.110129	"[""FOURIER_TRANSFORM_SIGNAL_ANALYSIS""]"
KW_SAMPLING	sampling	Keyword extracted from concept 'Digital Filtering and Nyquist Sampling Theorem': sampling	"{""source"": ""concept_extraction"", ""source_concept"": ""DIGITAL_FILTERING_AND_SAMPLING"", ""extracted_at"": ""2026-08-03T11:55:45.110147""}"	2026-08-03T11:55:45.110149	2026-08-03T11:55:45.110150	"[""DIGITAL_FILTERING_AND_SAMPLING""]"
KW_NYQUIST	nyquist	Keyword extracted from concept 'Digital Filtering and Nyquist Sampling Theorem': nyquist	"{""source"": ""concept_extraction"", ""source_concept"": ""DIGITAL_FILTERING_AND_SAMPLING"", ""extracted_at"": ""2026-08-03T11:55:45.110152""}"	2026-08-03T11:55:45.110154	2026-08-03T11:55:45.110154	"[""DIGITAL_FILTERING_AND_SAMPLING""]"
KW_FILTER	filter	Keyword extracted from concept 'Digital Filtering and Nyquist Sampling Theorem': filter	"{""source"": ""concept_extraction"", ""source_concept"": ""DIGITAL_FILTERING_AND_SAMPLING"", ""extracted_at"": ""2026-08-03T11:55:45.110156""}"	2026-08-03T11:55:45.110159	2026-08-03T11:55:45.110159	"[""DIGITAL_FILTERING_AND_SAMPLING""]"
KW_FILTERING	filtering	Keyword extracted from concept 'Digital Filtering and Nyquist Sampling Theorem': filtering	"{""source"": ""concept_extraction"", ""source_concept"": ""DIGITAL_FILTERING_AND_SAMPLING"", ""extracted_at"": ""2026-08-03T11:55:45.110166""}"	2026-08-03T11:55:45.110168	2026-08-03T11:55:45.110169	"[""DIGITAL_FILTERING_AND_SAMPLING""]"
KW_SHANNON	shannon	Keyword extracted from concept 'Digital Filtering and Nyquist Sampling Theorem': shannon	"{""source"": ""concept_extraction"", ""source_concept"": ""DIGITAL_FILTERING_AND_SAMPLING"", ""extracted_at"": ""2026-08-03T11:55:45.110176""}"	2026-08-03T11:55:45.110178	2026-08-03T11:55:45.110179	"[""DIGITAL_FILTERING_AND_SAMPLING""]"
KW_ALGEBRA	algebra	Keyword extracted from concept 'Singular Value Decomposition and Tensor Operations': algebra	"{""source"": ""concept_extraction"", ""source_concept"": ""SINGULAR_VALUE_DECOMPOSITION"", ""extracted_at"": ""2026-08-03T11:55:45.110186""}"	2026-08-03T11:55:45.110189	2026-08-03T11:55:45.110190	"[""SINGULAR_VALUE_DECOMPOSITION""]"
KW_SINGULAR	singular	Keyword extracted from concept 'Singular Value Decomposition and Tensor Operations': singular	"{""source"": ""concept_extraction"", ""source_concept"": ""SINGULAR_VALUE_DECOMPOSITION"", ""extracted_at"": ""2026-08-03T11:55:45.110211""}"	2026-08-03T11:55:45.110213	2026-08-03T11:55:45.110214	"[""SINGULAR_VALUE_DECOMPOSITION""]"
KW_FACTORIZATION	factorization	Keyword extracted from concept 'Singular Value Decomposition and Tensor Operations': factorization	"{""source"": ""concept_extraction"", ""source_concept"": ""SINGULAR_VALUE_DECOMPOSITION"", ""extracted_at"": ""2026-08-03T11:55:45.110220""}"	2026-08-03T11:55:45.110224	2026-08-03T11:55:45.110225	"[""SINGULAR_VALUE_DECOMPOSITION""]"
KW_DESCENT	descent	Keyword extracted from concept 'Gradient Descent and Convex Optimization': descent	"{""source"": ""concept_extraction"", ""source_concept"": ""GRADIENT_DESCENT_OPTIMIZATION"", ""extracted_at"": ""2026-08-03T11:55:45.110247""}"	2026-08-03T11:55:45.110249	2026-08-03T11:55:45.110250	"[""GRADIENT_DESCENT_OPTIMIZATION""]"
KW_CONVEX	convex	Keyword extracted from concept 'Gradient Descent and Convex Optimization': convex	"{""source"": ""concept_extraction"", ""source_concept"": ""GRADIENT_DESCENT_OPTIMIZATION"", ""extracted_at"": ""2026-08-03T11:55:45.110252""}"	2026-08-03T11:55:45.110254	2026-08-03T11:55:45.110255	"[""GRADIENT_DESCENT_OPTIMIZATION""]"
KW_LANDSCAPE	landscape	Keyword extracted from concept 'Gradient Descent and Convex Optimization': landscape	"{""source"": ""concept_extraction"", ""source_concept"": ""GRADIENT_DESCENT_OPTIMIZATION"", ""extracted_at"": ""2026-08-03T11:55:45.110257""}"	2026-08-03T11:55:45.110259	2026-08-03T11:55:45.110260	"[""GRADIENT_DESCENT_OPTIMIZATION""]"
KW_LOSS	loss	Keyword extracted from concept 'Gradient Descent and Convex Optimization': loss	"{""source"": ""concept_extraction"", ""source_concept"": ""GRADIENT_DESCENT_OPTIMIZATION"", ""extracted_at"": ""2026-08-03T11:55:45.110262""}"	2026-08-03T11:55:45.110264	2026-08-03T11:55:45.110265	"[""GRADIENT_DESCENT_OPTIMIZATION""]"
KW_BACKPROPAGATION	backpropagation	Keyword extracted from concept 'Gradient Descent and Convex Optimization': backpropagation	"{""source"": ""concept_extraction"", ""source_concept"": ""GRADIENT_DESCENT_OPTIMIZATION"", ""extracted_at"": ""2026-08-03T11:55:45.110267""}"	2026-08-03T11:55:45.110269	2026-08-03T11:55:45.110270	"[""GRADIENT_DESCENT_OPTIMIZATION""]"
KW_LEIBLER	leibler	Keyword extracted from concept 'Information Entropy and Mutual Information': leibler	"{""source"": ""concept_extraction"", ""source_concept"": ""INFORMATION_ENTROPY_METRICS"", ""extracted_at"": ""2026-08-03T11:55:45.110273""}"	2026-08-03T11:55:45.110275	2026-08-03T11:55:45.110276	"[""INFORMATION_ENTROPY_METRICS""]"
KW_ENTROPY	entropy	Keyword extracted from concept 'Information Entropy and Mutual Information': entropy	"{""source"": ""concept_extraction"", ""source_concept"": ""INFORMATION_ENTROPY_METRICS"", ""extracted_at"": ""2026-08-03T11:55:45.110282""}"	2026-08-03T11:55:45.110285	2026-08-03T11:55:45.110285	"[""INFORMATION_ENTROPY_METRICS""]"
KW_KULLBACK	kullback	Keyword extracted from concept 'Information Entropy and Mutual Information': kullback	"{""source"": ""concept_extraction"", ""source_concept"": ""INFORMATION_ENTROPY_METRICS"", ""extracted_at"": ""2026-08-03T11:55:45.110292""}"	2026-08-03T11:55:45.110294	2026-08-03T11:55:45.110295	"[""INFORMATION_ENTROPY_METRICS""]"
KW_MUTUAL	mutual	Keyword extracted from concept 'Information Entropy and Mutual Information': mutual	"{""source"": ""concept_extraction"", ""source_concept"": ""INFORMATION_ENTROPY_METRICS"", ""extracted_at"": ""2026-08-03T11:55:45.110297""}"	2026-08-03T11:55:45.110299	2026-08-03T11:55:45.110300	"[""INFORMATION_ENTROPY_METRICS""]"
KW_DIVERGENCE	divergence	Keyword extracted from concept 'Information Entropy and Mutual Information': divergence	"{""source"": ""concept_extraction"", ""source_concept"": ""INFORMATION_ENTROPY_METRICS"", ""extracted_at"": ""2026-08-03T11:55:45.110302""}"	2026-08-03T11:55:45.110304	2026-08-03T11:55:45.110305	"[""INFORMATION_ENTROPY_METRICS""]"
KW_GENETICS	genetics	Keyword extracted from concept 'Computational Genetics and Evolutionary Models': genetics	"{""source"": ""concept_extraction"", ""source_concept"": ""COMPUTATIONAL_GENETICS_MODELS"", ""extracted_at"": ""2026-08-03T11:55:45.110312""}"	2026-08-03T11:55:45.110314	2026-08-03T11:55:45.110315	"[""COMPUTATIONAL_GENETICS_MODELS""]"
KW_EVOLUTIONARY	evolutionary	Keyword extracted from concept 'Computational Genetics and Evolutionary Models': evolutionary	"{""source"": ""concept_extraction"", ""source_concept"": ""COMPUTATIONAL_GENETICS_MODELS"", ""extracted_at"": ""2026-08-03T11:55:45.110322""}"	2026-08-03T11:55:45.110324	2026-08-03T11:55:45.110325	"[""COMPUTATIONAL_GENETICS_MODELS""]"
KW_GENETIC	genetic	Keyword extracted from concept 'Computational Genetics and Evolutionary Models': genetic	"{""source"": ""concept_extraction"", ""source_concept"": ""COMPUTATIONAL_GENETICS_MODELS"", ""extracted_at"": ""2026-08-03T11:55:45.110327""}"	2026-08-03T11:55:45.110329	2026-08-03T11:55:45.110330	"[""COMPUTATIONAL_GENETICS_MODELS""]"
KW_EXPERIMENTAL	experimental	Keyword extracted from concept 'Scientific Inquiry and Experimental Method': experimental	"{""source"": ""concept_extraction"", ""source_concept"": ""SCIENTIFIC_INQUIRY_METHOD"", ""extracted_at"": ""2026-08-03T11:55:45.110356""}"	2026-08-03T11:55:45.110359	2026-08-03T11:55:45.110359	"[""SCIENTIFIC_INQUIRY_METHOD""]"
KW_INQUIRY	inquiry	Keyword extracted from concept 'Scientific Inquiry and Experimental Method': inquiry	"{""source"": ""concept_extraction"", ""source_concept"": ""SCIENTIFIC_INQUIRY_METHOD"", ""extracted_at"": ""2026-08-03T11:55:45.110366""}"	2026-08-03T11:55:45.110368	2026-08-03T11:55:45.110369	"[""SCIENTIFIC_INQUIRY_METHOD""]"
KW_HYPOTHESIS	hypothesis	Keyword extracted from concept 'Scientific Inquiry and Experimental Method': hypothesis	"{""source"": ""concept_extraction"", ""source_concept"": ""SCIENTIFIC_INQUIRY_METHOD"", ""extracted_at"": ""2026-08-03T11:55:45.110381""}"	2026-08-03T11:55:45.110383	2026-08-03T11:55:45.110384	"[""SCIENTIFIC_INQUIRY_METHOD""]"
KW_COLLECTION	collection	Keyword extracted from concept 'Scientific Inquiry and Experimental Method': collection	"{""source"": ""concept_extraction"", ""source_concept"": ""SCIENTIFIC_INQUIRY_METHOD"", ""extracted_at"": ""2026-08-03T11:55:45.110386""}"	2026-08-03T11:55:45.110388	2026-08-03T11:55:45.110389	"[""SCIENTIFIC_INQUIRY_METHOD""]"
KW_SCIENTIFIC	scientific	Keyword extracted from concept 'Scientific Inquiry and Experimental Method': scientific	"{""source"": ""concept_extraction"", ""source_concept"": ""SCIENTIFIC_INQUIRY_METHOD"", ""extracted_at"": ""2026-08-03T11:55:45.110391""}"	2026-08-03T11:55:45.110393	2026-08-03T11:55:45.110394	"[""SCIENTIFIC_INQUIRY_METHOD""]"
KW_CAUSE	cause	Keyword extracted from concept 'Crosscutting Concepts in Science and Systems': cause	"{""source"": ""concept_extraction"", ""source_concept"": ""CROSSCUTTING_SCIENCE_CONCEPTS"", ""extracted_at"": ""2026-08-03T11:55:45.110446""}"	2026-08-03T11:55:45.110448	2026-08-03T11:55:45.110449	"[""CROSSCUTTING_SCIENCE_CONCEPTS""]"
KW_CROSSCUTTING	crosscutting	Keyword extracted from concept 'Crosscutting Concepts in Science and Systems': crosscutting	"{""source"": ""concept_extraction"", ""source_concept"": ""CROSSCUTTING_SCIENCE_CONCEPTS"", ""extracted_at"": ""2026-08-03T11:55:45.110456""}"	2026-08-03T11:55:45.110458	2026-08-03T11:55:45.110459	"[""CROSSCUTTING_SCIENCE_CONCEPTS""]"
KW_MATTER	matter	Keyword extracted from concept 'Crosscutting Concepts in Science and Systems': matter	"{""source"": ""concept_extraction"", ""source_concept"": ""CROSSCUTTING_SCIENCE_CONCEPTS"", ""extracted_at"": ""2026-08-03T11:55:45.110461""}"	2026-08-03T11:55:45.110463	2026-08-03T11:55:45.110464	"[""CROSSCUTTING_SCIENCE_CONCEPTS""]"
KW_EFFECT	effect	Keyword extracted from concept 'Crosscutting Concepts in Science and Systems': effect	"{""source"": ""concept_extraction"", ""source_concept"": ""CROSSCUTTING_SCIENCE_CONCEPTS"", ""extracted_at"": ""2026-08-03T11:55:45.110466""}"	2026-08-03T11:55:45.110468	2026-08-03T11:55:45.110469	"[""CROSSCUTTING_SCIENCE_CONCEPTS""]"
KW_INNOVATION	innovation	Keyword extracted from concept 'Design Thinking & Human-Centered Innovation': innovation	"{""source"": ""concept_extraction"", ""source_concept"": ""DESIGN_THINKING_PROCESS"", ""extracted_at"": ""2026-08-03T11:55:45.110511""}"	2026-08-03T11:55:45.110513	2026-08-03T11:55:45.110514	"[""DESIGN_THINKING_PROCESS""]"
KW_DEFINE	define	Keyword extracted from concept 'Design Thinking & Human-Centered Innovation': define	"{""source"": ""concept_extraction"", ""source_concept"": ""DESIGN_THINKING_PROCESS"", ""extracted_at"": ""2026-08-03T11:55:45.110520""}"	2026-08-03T11:55:45.110522	2026-08-03T11:55:45.110523	"[""DESIGN_THINKING_PROCESS""]"
KW_IDEATE	ideate	Keyword extracted from concept 'Design Thinking & Human-Centered Innovation': ideate	"{""source"": ""concept_extraction"", ""source_concept"": ""DESIGN_THINKING_PROCESS"", ""extracted_at"": ""2026-08-03T11:55:45.110530""}"	2026-08-03T11:55:45.110532	2026-08-03T11:55:45.110533	"[""DESIGN_THINKING_PROCESS""]"
KW_HUMAN	human	Keyword extracted from concept 'Design Thinking & Human-Centered Innovation': human	"{""source"": ""concept_extraction"", ""source_concept"": ""DESIGN_THINKING_PROCESS"", ""extracted_at"": ""2026-08-03T11:55:45.110539""}"	2026-08-03T11:55:45.110542	2026-08-03T11:55:45.110542	"[""DESIGN_THINKING_PROCESS""]"
KW_EMPATHIZE	empathize	Keyword extracted from concept 'Design Thinking & Human-Centered Innovation': empathize	"{""source"": ""concept_extraction"", ""source_concept"": ""DESIGN_THINKING_PROCESS"", ""extracted_at"": ""2026-08-03T11:55:45.110549""}"	2026-08-03T11:55:45.110551	2026-08-03T11:55:45.110552	"[""DESIGN_THINKING_PROCESS""]"
KW_CONTRAST	contrast	Keyword extracted from concept 'Color Theory and Digital Palette Systems': contrast	"{""source"": ""concept_extraction"", ""source_concept"": ""COLOR_THEORY_AND_PALETTE_DESIGN"", ""extracted_at"": ""2026-08-03T11:55:45.110560""}"	2026-08-03T11:55:45.110562	2026-08-03T11:55:45.110563	"[""COLOR_THEORY_AND_PALETTE_DESIGN""]"
KW_HARMONY	harmony	Keyword extracted from concept 'Color Theory and Digital Palette Systems': harmony	"{""source"": ""concept_extraction"", ""source_concept"": ""COLOR_THEORY_AND_PALETTE_DESIGN"", ""extracted_at"": ""2026-08-03T11:55:45.110570""}"	2026-08-03T11:55:45.110572	2026-08-03T11:55:45.110573	"[""COLOR_THEORY_AND_PALETTE_DESIGN""]"
KW_PALETTE	palette	Keyword extracted from concept 'Color Theory and Digital Palette Systems': palette	"{""source"": ""concept_extraction"", ""source_concept"": ""COLOR_THEORY_AND_PALETTE_DESIGN"", ""extracted_at"": ""2026-08-03T11:55:45.110575""}"	2026-08-03T11:55:45.110577	2026-08-03T11:55:45.110578	"[""COLOR_THEORY_AND_PALETTE_DESIGN""]"
KW_LEADING	leading	Keyword extracted from concept 'Typography and Visual Hierarchy Systems': leading	"{""source"": ""concept_extraction"", ""source_concept"": ""TYPOGRAPHY_AND_VISUAL_HIERARCHY"", ""extracted_at"": ""2026-08-03T11:55:45.110600""}"	2026-08-03T11:55:45.110602	2026-08-03T11:55:45.110603	"[""TYPOGRAPHY_AND_VISUAL_HIERARCHY""]"
KW_KERNING	kerning	Keyword extracted from concept 'Typography and Visual Hierarchy Systems': kerning	"{""source"": ""concept_extraction"", ""source_concept"": ""TYPOGRAPHY_AND_VISUAL_HIERARCHY"", ""extracted_at"": ""2026-08-03T11:55:45.110606""}"	2026-08-03T11:55:45.110608	2026-08-03T11:55:45.110609	"[""TYPOGRAPHY_AND_VISUAL_HIERARCHY""]"
KW_TRACKING	tracking	Keyword extracted from concept 'Typography and Visual Hierarchy Systems': tracking	"{""source"": ""concept_extraction"", ""source_concept"": ""TYPOGRAPHY_AND_VISUAL_HIERARCHY"", ""extracted_at"": ""2026-08-03T11:55:45.110621""}"	2026-08-03T11:55:45.110623	2026-08-03T11:55:45.110624	"[""TYPOGRAPHY_AND_VISUAL_HIERARCHY""]"
KW_FONT	font	Keyword extracted from concept 'Typography and Visual Hierarchy Systems': font	"{""source"": ""concept_extraction"", ""source_concept"": ""TYPOGRAPHY_AND_VISUAL_HIERARCHY"", ""extracted_at"": ""2026-08-03T11:55:45.110625""}"	2026-08-03T11:55:45.110629	2026-08-03T11:55:45.110630	"[""TYPOGRAPHY_AND_VISUAL_HIERARCHY""]"
KW_TYPOGRAPHY	typography	Keyword extracted from concept 'Typography and Visual Hierarchy Systems': typography	"{""source"": ""concept_extraction"", ""source_concept"": ""TYPOGRAPHY_AND_VISUAL_HIERARCHY"", ""extracted_at"": ""2026-08-03T11:55:45.110636""}"	2026-08-03T11:55:45.110639	2026-08-03T11:55:45.110639	"[""TYPOGRAPHY_AND_VISUAL_HIERARCHY""]"
KW_RATIO	ratio	Keyword extracted from concept 'Layout Grid and Compositional Rules': ratio	"{""source"": ""concept_extraction"", ""source_concept"": ""LAYOUT_GRID_AND_COMPOSITION_RULES"", ""extracted_at"": ""2026-08-03T11:55:45.110667""}"	2026-08-03T11:55:45.110669	2026-08-03T11:55:45.110670	"[""LAYOUT_GRID_AND_COMPOSITION_RULES""]"
KW_GRID	grid	Keyword extracted from concept 'Layout Grid and Compositional Rules': grid	"{""source"": ""concept_extraction"", ""source_concept"": ""LAYOUT_GRID_AND_COMPOSITION_RULES"", ""extracted_at"": ""2026-08-03T11:55:45.110676""}"	2026-08-03T11:55:45.110678	2026-08-03T11:55:45.110679	"[""LAYOUT_GRID_AND_COMPOSITION_RULES""]"
KW_GOLDEN	golden	Keyword extracted from concept 'Layout Grid and Compositional Rules': golden	"{""source"": ""concept_extraction"", ""source_concept"": ""LAYOUT_GRID_AND_COMPOSITION_RULES"", ""extracted_at"": ""2026-08-03T11:55:45.110681""}"	2026-08-03T11:55:45.110683	2026-08-03T11:55:45.110684	"[""LAYOUT_GRID_AND_COMPOSITION_RULES""]"
KW_RULES	rules	Keyword extracted from concept 'Layout Grid and Compositional Rules': rules	"{""source"": ""concept_extraction"", ""source_concept"": ""LAYOUT_GRID_AND_COMPOSITION_RULES"", ""extracted_at"": ""2026-08-03T11:55:45.110691""}"	2026-08-03T11:55:45.110693	2026-08-03T11:55:45.110694	"[""LAYOUT_GRID_AND_COMPOSITION_RULES""]"
KW_COMPOSITIONAL	compositional	Keyword extracted from concept 'Layout Grid and Compositional Rules': compositional	"{""source"": ""concept_extraction"", ""source_concept"": ""LAYOUT_GRID_AND_COMPOSITION_RULES"", ""extracted_at"": ""2026-08-03T11:55:45.110696""}"	2026-08-03T11:55:45.110698	2026-08-03T11:55:45.110699	"[""LAYOUT_GRID_AND_COMPOSITION_RULES""]"
KW_FRACTALS	fractals	Keyword extracted from concept 'Algorithmic and Generative Art': fractals	"{""source"": ""concept_extraction"", ""source_concept"": ""ALGORITHMIC_GENERATIVE_ART"", ""extracted_at"": ""2026-08-03T11:55:45.110721""}"	2026-08-03T11:55:45.110723	2026-08-03T11:55:45.110724	"[""ALGORITHMIC_GENERATIVE_ART""]"
KW_SIMPLEX	simplex	Keyword extracted from concept 'Algorithmic and Generative Art': simplex	"{""source"": ""concept_extraction"", ""source_concept"": ""ALGORITHMIC_GENERATIVE_ART"", ""extracted_at"": ""2026-08-03T11:55:45.110731""}"	2026-08-03T11:55:45.110733	2026-08-03T11:55:45.110734	"[""ALGORITHMIC_GENERATIVE_ART""]"
KW_CODING	coding	Keyword extracted from concept 'Algorithmic and Generative Art': coding	"{""source"": ""concept_extraction"", ""source_concept"": ""ALGORITHMIC_GENERATIVE_ART"", ""extracted_at"": ""2026-08-03T11:55:45.110736""}"	2026-08-03T11:55:45.110738	2026-08-03T11:55:45.110739	"[""ALGORITHMIC_GENERATIVE_ART""]"
KW_PERLIN	perlin	Keyword extracted from concept 'Algorithmic and Generative Art': perlin	"{""source"": ""concept_extraction"", ""source_concept"": ""ALGORITHMIC_GENERATIVE_ART"", ""extracted_at"": ""2026-08-03T11:55:45.110741""}"	2026-08-03T11:55:45.110743	2026-08-03T11:55:45.110744	"[""ALGORITHMIC_GENERATIVE_ART""]"
KW_ART	art	Keyword extracted from concept 'Algorithmic and Generative Art': art	"{""source"": ""concept_extraction"", ""source_concept"": ""ALGORITHMIC_GENERATIVE_ART"", ""extracted_at"": ""2026-08-03T11:55:45.110746""}"	2026-08-03T11:55:45.110748	2026-08-03T11:55:45.110749	"[""ALGORITHMIC_GENERATIVE_ART""]"
KW_GENERATIVE	generative	Keyword extracted from concept 'Algorithmic and Generative Art': generative	"{""source"": ""concept_extraction"", ""source_concept"": ""ALGORITHMIC_GENERATIVE_ART"", ""extracted_at"": ""2026-08-03T11:55:45.110751""}"	2026-08-03T11:55:45.110753	2026-08-03T11:55:45.110754	"[""ALGORITHMIC_GENERATIVE_ART""]"
KW_STANDARDS	standards	Keyword extracted from concept 'Inclusive Design and Accessibility Standards': standards	"{""source"": ""concept_extraction"", ""source_concept"": ""INCLUSIVE_DESIGN_ACCESSIBILITY_WCAG"", ""extracted_at"": ""2026-08-03T11:55:45.110756""}"	2026-08-03T11:55:45.110759	2026-08-03T11:55:45.110760	"[""INCLUSIVE_DESIGN_ACCESSIBILITY_WCAG""]"
KW_INCLUSIVE	inclusive	Keyword extracted from concept 'Inclusive Design and Accessibility Standards': inclusive	"{""source"": ""concept_extraction"", ""source_concept"": ""INCLUSIVE_DESIGN_ACCESSIBILITY_WCAG"", ""extracted_at"": ""2026-08-03T11:55:45.110776""}"	2026-08-03T11:55:45.110779	2026-08-03T11:55:45.110780	"[""INCLUSIVE_DESIGN_ACCESSIBILITY_WCAG""]"
KW_NEURONS	neurons	Keyword extracted from concept 'Neuromorphic Computing and Spiking Neurons': neurons	"{""source"": ""concept_extraction"", ""source_concept"": ""NEUROMORPHIC_COMPUTING_SPIKING_NEURONS"", ""extracted_at"": ""2026-08-03T11:55:45.110798""}"	2026-08-03T11:55:45.110800	2026-08-03T11:55:45.110801	"[""NEUROMORPHIC_COMPUTING_SPIKING_NEURONS""]"
KW_BIO	bio	Keyword extracted from concept 'Neuromorphic Computing and Spiking Neurons': bio	"{""source"": ""concept_extraction"", ""source_concept"": ""NEUROMORPHIC_COMPUTING_SPIKING_NEURONS"", ""extracted_at"": ""2026-08-03T11:55:45.110808""}"	2026-08-03T11:55:45.110810	2026-08-03T11:55:45.110811	"[""NEUROMORPHIC_COMPUTING_SPIKING_NEURONS""]"
KW_INSPIRED	inspired	Keyword extracted from concept 'Neuromorphic Computing and Spiking Neurons': inspired	"{""source"": ""concept_extraction"", ""source_concept"": ""NEUROMORPHIC_COMPUTING_SPIKING_NEURONS"", ""extracted_at"": ""2026-08-03T11:55:45.110813""}"	2026-08-03T11:55:45.110816	2026-08-03T11:55:45.110817	"[""NEUROMORPHIC_COMPUTING_SPIKING_NEURONS""]"
KW_NEUROMORPHIC	neuromorphic	Keyword extracted from concept 'Neuromorphic Computing and Spiking Neurons': neuromorphic	"{""source"": ""concept_extraction"", ""source_concept"": ""NEUROMORPHIC_COMPUTING_SPIKING_NEURONS"", ""extracted_at"": ""2026-08-03T11:55:45.110829""}"	2026-08-03T11:55:45.110831	2026-08-03T11:55:45.110832	"[""NEUROMORPHIC_COMPUTING_SPIKING_NEURONS""]"
KW_SPIKING	spiking	Keyword extracted from concept 'Neuromorphic Computing and Spiking Neurons': spiking	"{""source"": ""concept_extraction"", ""source_concept"": ""NEUROMORPHIC_COMPUTING_SPIKING_NEURONS"", ""extracted_at"": ""2026-08-03T11:55:45.110843""}"	2026-08-03T11:55:45.110846	2026-08-03T11:55:45.110846	"[""NEUROMORPHIC_COMPUTING_SPIKING_NEURONS""]"
KW_KINH	kinh	Keyword extracted from concept 'Neuromorphic Computing and Spiking Neurons': kinh	"{""source"": ""concept_extraction"", ""source_concept"": ""NEUROMORPHIC_COMPUTING_SPIKING_NEURONS"", ""extracted_at"": ""2026-08-03T11:55:45.110864""}"	2026-08-03T11:55:45.110866	2026-08-03T11:55:45.110867	"[""NEUROMORPHIC_COMPUTING_SPIKING_NEURONS""]"
KW_SWARM	swarm	Keyword extracted from concept 'Swarm Intelligence and Collective Behavior': swarm	"{""source"": ""concept_extraction"", ""source_concept"": ""SWARM_INTELLIGENCE_OPTIMIZATION"", ""extracted_at"": ""2026-08-03T11:55:45.110880""}"	2026-08-03T11:55:45.110882	2026-08-03T11:55:45.110883	"[""SWARM_INTELLIGENCE_OPTIMIZATION""]"
KW_ANT	ant	Keyword extracted from concept 'Swarm Intelligence and Collective Behavior': ant	"{""source"": ""concept_extraction"", ""source_concept"": ""SWARM_INTELLIGENCE_OPTIMIZATION"", ""extracted_at"": ""2026-08-03T11:55:45.110885""}"	2026-08-03T11:55:45.110887	2026-08-03T11:55:45.110888	"[""SWARM_INTELLIGENCE_OPTIMIZATION""]"
KW_COLONY	colony	Keyword extracted from concept 'Swarm Intelligence and Collective Behavior': colony	"{""source"": ""concept_extraction"", ""source_concept"": ""SWARM_INTELLIGENCE_OPTIMIZATION"", ""extracted_at"": ""2026-08-03T11:55:45.110890""}"	2026-08-03T11:55:45.110892	2026-08-03T11:55:45.110893	"[""SWARM_INTELLIGENCE_OPTIMIZATION""]"
KW_PARTICLE	particle	Keyword extracted from concept 'Swarm Intelligence and Collective Behavior': particle	"{""source"": ""concept_extraction"", ""source_concept"": ""SWARM_INTELLIGENCE_OPTIMIZATION"", ""extracted_at"": ""2026-08-03T11:55:45.110895""}"	2026-08-03T11:55:45.110897	2026-08-03T11:55:45.110898	"[""SWARM_INTELLIGENCE_OPTIMIZATION""]"
KW_COLLECTIVE	collective	Keyword extracted from concept 'Swarm Intelligence and Collective Behavior': collective	"{""source"": ""concept_extraction"", ""source_concept"": ""SWARM_INTELLIGENCE_OPTIMIZATION"", ""extracted_at"": ""2026-08-03T11:55:45.110900""}"	2026-08-03T11:55:45.110902	2026-08-03T11:55:45.110903	"[""SWARM_INTELLIGENCE_OPTIMIZATION""]"
KW_INTELLIGENCE	intelligence	Keyword extracted from concept 'Swarm Intelligence and Collective Behavior': intelligence	"{""source"": ""concept_extraction"", ""source_concept"": ""SWARM_INTELLIGENCE_OPTIMIZATION"", ""extracted_at"": ""2026-08-03T11:55:45.110905""}"	2026-08-03T11:55:45.110907	2026-08-03T11:55:45.110908	"[""SWARM_INTELLIGENCE_OPTIMIZATION""]"
KW_BEHAVIOR	behavior	Keyword extracted from concept 'Swarm Intelligence and Collective Behavior': behavior	"{""source"": ""concept_extraction"", ""source_concept"": ""SWARM_INTELLIGENCE_OPTIMIZATION"", ""extracted_at"": ""2026-08-03T11:55:45.110910""}"	2026-08-03T11:55:45.110912	2026-08-03T11:55:45.110913	"[""SWARM_INTELLIGENCE_OPTIMIZATION""]"
KW_FORMAL	formal	Keyword extracted from concept 'Formal Program Verification and Model Checking': formal	"{""source"": ""concept_extraction"", ""source_concept"": ""FORMAL_PROGRAM_VERIFICATION"", ""extracted_at"": ""2026-08-03T11:55:45.110916""}"	2026-08-03T11:55:45.110918	2026-08-03T11:55:45.110919	"[""FORMAL_PROGRAM_VERIFICATION""]"
KW_CORRECTNESS	correctness	Keyword extracted from concept 'Formal Program Verification and Model Checking': correctness	"{""source"": ""concept_extraction"", ""source_concept"": ""FORMAL_PROGRAM_VERIFICATION"", ""extracted_at"": ""2026-08-03T11:55:45.110936""}"	2026-08-03T11:55:45.110938	2026-08-03T11:55:45.110939	"[""FORMAL_PROGRAM_VERIFICATION""]"
KW_PROGRAM	program	Keyword extracted from concept 'Formal Program Verification and Model Checking': program	"{""source"": ""concept_extraction"", ""source_concept"": ""FORMAL_PROGRAM_VERIFICATION"", ""extracted_at"": ""2026-08-03T11:55:45.110945""}"	2026-08-03T11:55:45.110948	2026-08-03T11:55:45.110948	"[""FORMAL_PROGRAM_VERIFICATION""]"
KW_PROVING	proving	Keyword extracted from concept 'Formal Program Verification and Model Checking': proving	"{""source"": ""concept_extraction"", ""source_concept"": ""FORMAL_PROGRAM_VERIFICATION"", ""extracted_at"": ""2026-08-03T11:55:45.110957""}"	2026-08-03T11:55:45.110959	2026-08-03T11:55:45.110960	"[""FORMAL_PROGRAM_VERIFICATION""]"
KW_TYPE	type	Keyword extracted from concept 'Type Systems and Type Safety Theory': type	"{""source"": ""concept_extraction"", ""source_concept"": ""TYPE_SYSTEMS_AND_SAFETY"", ""extracted_at"": ""2026-08-03T11:55:45.110963""}"	2026-08-03T11:55:45.110965	2026-08-03T11:55:45.110966	"[""TYPE_SYSTEMS_AND_SAFETY""]"
KW_TYPING	typing	Keyword extracted from concept 'Type Systems and Type Safety Theory': typing	"{""source"": ""concept_extraction"", ""source_concept"": ""TYPE_SYSTEMS_AND_SAFETY"", ""extracted_at"": ""2026-08-03T11:55:45.110968""}"	2026-08-03T11:55:45.110970	2026-08-03T11:55:45.110971	"[""TYPE_SYSTEMS_AND_SAFETY""]"
KW_INTERPRETATION	interpretation	Keyword extracted from concept 'Static Program Analysis and Abstract Interpretation': interpretation	"{""source"": ""concept_extraction"", ""source_concept"": ""STATIC_PROGRAM_ANALYSIS"", ""extracted_at"": ""2026-08-03T11:55:45.111008""}"	2026-08-03T11:55:45.111010	2026-08-03T11:55:45.111011	"[""STATIC_PROGRAM_ANALYSIS""]"
KW_LINTING	linting	Keyword extracted from concept 'Static Program Analysis and Abstract Interpretation': linting	"{""source"": ""concept_extraction"", ""source_concept"": ""STATIC_PROGRAM_ANALYSIS"", ""extracted_at"": ""2026-08-03T11:55:45.111013""}"	2026-08-03T11:55:45.111015	2026-08-03T11:55:45.111016	"[""STATIC_PROGRAM_ANALYSIS""]"
KW_VISION	vision	Keyword extracted from concept 'Computer Vision Feature Extraction and Segmentation': vision	"{""source"": ""concept_extraction"", ""source_concept"": ""COMPUTER_VISION_FEATURE_EXTRACTION"", ""extracted_at"": ""2026-08-03T11:55:45.111053""}"	2026-08-03T11:55:45.111055	2026-08-03T11:55:45.111056	"[""COMPUTER_VISION_FEATURE_EXTRACTION""]"
KW_EXTRACTION	extraction	Keyword extracted from concept 'Computer Vision Feature Extraction and Segmentation': extraction	"{""source"": ""concept_extraction"", ""source_concept"": ""COMPUTER_VISION_FEATURE_EXTRACTION"", ""extracted_at"": ""2026-08-03T11:55:45.111064""}"	2026-08-03T11:55:45.111066	2026-08-03T11:55:45.111067	"[""COMPUTER_VISION_FEATURE_EXTRACTION""]"
KW_CORNER	corner	Keyword extracted from concept 'Computer Vision Feature Extraction and Segmentation': corner	"{""source"": ""concept_extraction"", ""source_concept"": ""COMPUTER_VISION_FEATURE_EXTRACTION"", ""extracted_at"": ""2026-08-03T11:55:45.111074""}"	2026-08-03T11:55:45.111076	2026-08-03T11:55:45.111077	"[""COMPUTER_VISION_FEATURE_EXTRACTION""]"
KW_MEL	mel	Keyword extracted from concept 'Speech Recognition and Acoustic Synthesis': mel	"{""source"": ""concept_extraction"", ""source_concept"": ""SPEECH_RECOGNITION_AND_SYNTHESIS"", ""extracted_at"": ""2026-08-03T11:55:45.111094""}"	2026-08-03T11:55:45.111097	2026-08-03T11:55:45.111098	"[""SPEECH_RECOGNITION_AND_SYNTHESIS""]"
KW_SPEECH	speech	Keyword extracted from concept 'Speech Recognition and Acoustic Synthesis': speech	"{""source"": ""concept_extraction"", ""source_concept"": ""SPEECH_RECOGNITION_AND_SYNTHESIS"", ""extracted_at"": ""2026-08-03T11:55:45.111099""}"	2026-08-03T11:55:45.111102	2026-08-03T11:55:45.111102	"[""SPEECH_RECOGNITION_AND_SYNTHESIS""]"
KW_SYNTHESIS	synthesis	Keyword extracted from concept 'Speech Recognition and Acoustic Synthesis': synthesis	"{""source"": ""concept_extraction"", ""source_concept"": ""SPEECH_RECOGNITION_AND_SYNTHESIS"", ""extracted_at"": ""2026-08-03T11:55:45.111104""}"	2026-08-03T11:55:45.111107	2026-08-03T11:55:45.111107	"[""SPEECH_RECOGNITION_AND_SYNTHESIS""]"
KW_SPECTROGRAM	spectrogram	Keyword extracted from concept 'Speech Recognition and Acoustic Synthesis': spectrogram	"{""source"": ""concept_extraction"", ""source_concept"": ""SPEECH_RECOGNITION_AND_SYNTHESIS"", ""extracted_at"": ""2026-08-03T11:55:45.111109""}"	2026-08-03T11:55:45.111112	2026-08-03T11:55:45.111112	"[""SPEECH_RECOGNITION_AND_SYNTHESIS""]"
KW_THANH	thanh	Keyword extracted from concept 'Speech Recognition and Acoustic Synthesis': thanh	"{""source"": ""concept_extraction"", ""source_concept"": ""SPEECH_RECOGNITION_AND_SYNTHESIS"", ""extracted_at"": ""2026-08-03T11:55:45.111124""}"	2026-08-03T11:55:45.111127	2026-08-03T11:55:45.111127	"[""SPEECH_RECOGNITION_AND_SYNTHESIS""]"
KW_ACOUSTIC	acoustic	Keyword extracted from concept 'Speech Recognition and Acoustic Synthesis': acoustic	"{""source"": ""concept_extraction"", ""source_concept"": ""SPEECH_RECOGNITION_AND_SYNTHESIS"", ""extracted_at"": ""2026-08-03T11:55:45.111134""}"	2026-08-03T11:55:45.111136	2026-08-03T11:55:45.111137	"[""SPEECH_RECOGNITION_AND_SYNTHESIS""]"
KW_SYNTACTIC	syntactic	Keyword extracted from concept 'Natural Language Parsing and Machine Translation': syntactic	"{""source"": ""concept_extraction"", ""source_concept"": ""NATURAL_LANGUAGE_PARSING"", ""extracted_at"": ""2026-08-03T11:55:45.111145""}"	2026-08-03T11:55:45.111147	2026-08-03T11:55:45.111148	"[""NATURAL_LANGUAGE_PARSING""]"
KW_MACHINE	machine	Keyword extracted from concept 'Natural Language Parsing and Machine Translation': machine	"{""source"": ""concept_extraction"", ""source_concept"": ""NATURAL_LANGUAGE_PARSING"", ""extracted_at"": ""2026-08-03T11:55:45.111154""}"	2026-08-03T11:55:45.111157	2026-08-03T11:55:45.111157	"[""NATURAL_LANGUAGE_PARSING""]"
KW_TAGGING	tagging	Keyword extracted from concept 'Natural Language Parsing and Machine Translation': tagging	"{""source"": ""concept_extraction"", ""source_concept"": ""NATURAL_LANGUAGE_PARSING"", ""extracted_at"": ""2026-08-03T11:55:45.111159""}"	2026-08-03T11:55:45.111161	2026-08-03T11:55:45.111162	"[""NATURAL_LANGUAGE_PARSING""]"
KW_NATURAL	natural	Keyword extracted from concept 'Natural Language Parsing and Machine Translation': natural	"{""source"": ""concept_extraction"", ""source_concept"": ""NATURAL_LANGUAGE_PARSING"", ""extracted_at"": ""2026-08-03T11:55:45.111178""}"	2026-08-03T11:55:45.111180	2026-08-03T11:55:45.111181	"[""NATURAL_LANGUAGE_PARSING""]"
KW_RADAR	radar	Keyword extracted from concept 'Multi-Sensor Fusion and State Estimation': radar	"{""source"": ""concept_extraction"", ""source_concept"": ""MULTI_SENSOR_FUSION_ALGORITHMS"", ""extracted_at"": ""2026-08-03T11:55:45.111193""}"	2026-08-03T11:55:45.111195	2026-08-03T11:55:45.111196	"[""MULTI_SENSOR_FUSION_ALGORITHMS""]"
KW_CAMERA	camera	Keyword extracted from concept 'Multi-Sensor Fusion and State Estimation': camera	"{""source"": ""concept_extraction"", ""source_concept"": ""MULTI_SENSOR_FUSION_ALGORITHMS"", ""extracted_at"": ""2026-08-03T11:55:45.111198""}"	2026-08-03T11:55:45.111200	2026-08-03T11:55:45.111201	"[""MULTI_SENSOR_FUSION_ALGORITHMS""]"
KW_KALMAN	kalman	Keyword extracted from concept 'Multi-Sensor Fusion and State Estimation': kalman	"{""source"": ""concept_extraction"", ""source_concept"": ""MULTI_SENSOR_FUSION_ALGORITHMS"", ""extracted_at"": ""2026-08-03T11:55:45.111212""}"	2026-08-03T11:55:45.111214	2026-08-03T11:55:45.111215	"[""MULTI_SENSOR_FUSION_ALGORITHMS""]"
KW_ESTIMATION	estimation	Keyword extracted from concept 'Multi-Sensor Fusion and State Estimation': estimation	"{""source"": ""concept_extraction"", ""source_concept"": ""MULTI_SENSOR_FUSION_ALGORITHMS"", ""extracted_at"": ""2026-08-03T11:55:45.111216""}"	2026-08-03T11:55:45.111219	2026-08-03T11:55:45.111219	"[""MULTI_SENSOR_FUSION_ALGORITHMS""]"
KW_AUTONOMOUS	autonomous	Keyword extracted from concept 'Autonomous Vehicle and Drone Navigation': autonomous	"{""source"": ""concept_extraction"", ""source_concept"": ""AUTONOMOUS_DRONE_NAVIGATION"", ""extracted_at"": ""2026-08-03T11:55:45.111227""}"	2026-08-03T11:55:45.111229	2026-08-03T11:55:45.111230	"[""AUTONOMOUS_DRONE_NAVIGATION""]"
KW_DRONE	drone	Keyword extracted from concept 'Autonomous Vehicle and Drone Navigation': drone	"{""source"": ""concept_extraction"", ""source_concept"": ""AUTONOMOUS_DRONE_NAVIGATION"", ""extracted_at"": ""2026-08-03T11:55:45.111241""}"	2026-08-03T11:55:45.111243	2026-08-03T11:55:45.111244	"[""AUTONOMOUS_DRONE_NAVIGATION""]"
KW_VEHICLE	vehicle	Keyword extracted from concept 'Autonomous Vehicle and Drone Navigation': vehicle	"{""source"": ""concept_extraction"", ""source_concept"": ""AUTONOMOUS_DRONE_NAVIGATION"", ""extracted_at"": ""2026-08-03T11:55:45.111246""}"	2026-08-03T11:55:45.111248	2026-08-03T11:55:45.111249	"[""AUTONOMOUS_DRONE_NAVIGATION""]"
KW_DRIVING	driving	Keyword extracted from concept 'Autonomous Vehicle and Drone Navigation': driving	"{""source"": ""concept_extraction"", ""source_concept"": ""AUTONOMOUS_DRONE_NAVIGATION"", ""extracted_at"": ""2026-08-03T11:55:45.111250""}"	2026-08-03T11:55:45.111254	2026-08-03T11:55:45.111255	"[""AUTONOMOUS_DRONE_NAVIGATION""]"
KW_NAVIGATION	navigation	Keyword extracted from concept 'Autonomous Vehicle and Drone Navigation': navigation	"{""source"": ""concept_extraction"", ""source_concept"": ""AUTONOMOUS_DRONE_NAVIGATION"", ""extracted_at"": ""2026-08-03T11:55:45.111272""}"	2026-08-03T11:55:45.111274	2026-08-03T11:55:45.111275	"[""AUTONOMOUS_DRONE_NAVIGATION""]"
KW_MAINTENANCE	maintenance	Keyword extracted from concept 'Digital Twin Simulation and Telemetry Sync': maintenance	"{""source"": ""concept_extraction"", ""source_concept"": ""DIGITAL_TWIN_SIMULATION"", ""extracted_at"": ""2026-08-03T11:55:45.111293""}"	2026-08-03T11:55:45.111295	2026-08-03T11:55:45.111296	"[""DIGITAL_TWIN_SIMULATION""]"
KW_TELEMETRY	telemetry	Keyword extracted from concept 'Digital Twin Simulation and Telemetry Sync': telemetry	"{""source"": ""concept_extraction"", ""source_concept"": ""DIGITAL_TWIN_SIMULATION"", ""extracted_at"": ""2026-08-03T11:55:45.111298""}"	2026-08-03T11:55:45.111300	2026-08-03T11:55:45.111301	"[""DIGITAL_TWIN_SIMULATION""]"
KW_ASSET	asset	Keyword extracted from concept 'Digital Twin Simulation and Telemetry Sync': asset	"{""source"": ""concept_extraction"", ""source_concept"": ""DIGITAL_TWIN_SIMULATION"", ""extracted_at"": ""2026-08-03T11:55:45.111302""}"	2026-08-03T11:55:45.111305	2026-08-03T11:55:45.111305	"[""DIGITAL_TWIN_SIMULATION""]"
KW_PREDICTIVE	predictive	Keyword extracted from concept 'Digital Twin Simulation and Telemetry Sync': predictive	"{""source"": ""concept_extraction"", ""source_concept"": ""DIGITAL_TWIN_SIMULATION"", ""extracted_at"": ""2026-08-03T11:55:45.111312""}"	2026-08-03T11:55:45.111314	2026-08-03T11:55:45.111315	"[""DIGITAL_TWIN_SIMULATION""]"
KW_TWIN	twin	Keyword extracted from concept 'Digital Twin Simulation and Telemetry Sync': twin	"{""source"": ""concept_extraction"", ""source_concept"": ""DIGITAL_TWIN_SIMULATION"", ""extracted_at"": ""2026-08-03T11:55:45.111316""}"	2026-08-03T11:55:45.111319	2026-08-03T11:55:45.111319	"[""DIGITAL_TWIN_SIMULATION""]"
KW_SYNC	sync	Keyword extracted from concept 'Digital Twin Simulation and Telemetry Sync': sync	"{""source"": ""concept_extraction"", ""source_concept"": ""DIGITAL_TWIN_SIMULATION"", ""extracted_at"": ""2026-08-03T11:55:45.111321""}"	2026-08-03T11:55:45.111323	2026-08-03T11:55:45.111324	"[""DIGITAL_TWIN_SIMULATION""]"
KW_AUDIO	audio	Keyword extracted from concept 'Spatial Audio and Haptic Perception': audio	"{""source"": ""concept_extraction"", ""source_concept"": ""SPATIAL_AUDIO_AND_HAPTICS"", ""extracted_at"": ""2026-08-03T11:55:45.111327""}"	2026-08-03T11:55:45.111329	2026-08-03T11:55:45.111330	"[""SPATIAL_AUDIO_AND_HAPTICS""]"
KW_HAPTIC	haptic	Keyword extracted from concept 'Spatial Audio and Haptic Perception': haptic	"{""source"": ""concept_extraction"", ""source_concept"": ""SPATIAL_AUDIO_AND_HAPTICS"", ""extracted_at"": ""2026-08-03T11:55:45.111332""}"	2026-08-03T11:55:45.111334	2026-08-03T11:55:45.111335	"[""SPATIAL_AUDIO_AND_HAPTICS""]"
KW_TACTILE	tactile	Keyword extracted from concept 'Spatial Audio and Haptic Perception': tactile	"{""source"": ""concept_extraction"", ""source_concept"": ""SPATIAL_AUDIO_AND_HAPTICS"", ""extracted_at"": ""2026-08-03T11:55:45.111336""}"	2026-08-03T11:55:45.111338	2026-08-03T11:55:45.111339	"[""SPATIAL_AUDIO_AND_HAPTICS""]"
KW_IMMERSIVE	immersive	Keyword extracted from concept 'Spatial Audio and Haptic Perception': immersive	"{""source"": ""concept_extraction"", ""source_concept"": ""SPATIAL_AUDIO_AND_HAPTICS"", ""extracted_at"": ""2026-08-03T11:55:45.111341""}"	2026-08-03T11:55:45.111343	2026-08-03T11:55:45.111344	"[""SPATIAL_AUDIO_AND_HAPTICS""]"
KW_HAPTICS	haptics	Keyword extracted from concept 'Spatial Audio and Haptic Perception': haptics	"{""source"": ""concept_extraction"", ""source_concept"": ""SPATIAL_AUDIO_AND_HAPTICS"", ""extracted_at"": ""2026-08-03T11:55:45.111365""}"	2026-08-03T11:55:45.111367	2026-08-03T11:55:45.111367	"[""SPATIAL_AUDIO_AND_HAPTICS""]"
KW_POINT	point	Keyword extracted from concept '3D Photogrammetry and LiDAR Point Cloud Processing': point	"{""source"": ""concept_extraction"", ""source_concept"": ""PHOTOGRAMMETRY_AND_POINT_CLOUD"", ""extracted_at"": ""2026-08-03T11:55:45.111384""}"	2026-08-03T11:55:45.111387	2026-08-03T11:55:45.111387	"[""PHOTOGRAMMETRY_AND_POINT_CLOUD""]"
KW_REMOTE	remote	Keyword extracted from concept '3D Photogrammetry and LiDAR Point Cloud Processing': remote	"{""source"": ""concept_extraction"", ""source_concept"": ""PHOTOGRAMMETRY_AND_POINT_CLOUD"", ""extracted_at"": ""2026-08-03T11:55:45.111399""}"	2026-08-03T11:55:45.111401	2026-08-03T11:55:45.111402	"[""PHOTOGRAMMETRY_AND_POINT_CLOUD""]"
KW_SENSING	sensing	Keyword extracted from concept '3D Photogrammetry and LiDAR Point Cloud Processing': sensing	"{""source"": ""concept_extraction"", ""source_concept"": ""PHOTOGRAMMETRY_AND_POINT_CLOUD"", ""extracted_at"": ""2026-08-03T11:55:45.111403""}"	2026-08-03T11:55:45.111405	2026-08-03T11:55:45.111406	"[""PHOTOGRAMMETRY_AND_POINT_CLOUD""]"
KW_PHOTOGRAMMETRY	photogrammetry	Keyword extracted from concept '3D Photogrammetry and LiDAR Point Cloud Processing': photogrammetry	"{""source"": ""concept_extraction"", ""source_concept"": ""PHOTOGRAMMETRY_AND_POINT_CLOUD"", ""extracted_at"": ""2026-08-03T11:55:45.111408""}"	2026-08-03T11:55:45.111410	2026-08-03T11:55:45.111411	"[""PHOTOGRAMMETRY_AND_POINT_CLOUD""]"
KW_QUADCOPTER	quadcopter	Keyword extracted from concept 'UAV Flight Dynamics and Attitude Control': quadcopter	"{""source"": ""concept_extraction"", ""source_concept"": ""UAV_FLIGHT_DYNAMICS_AND_CONTROL"", ""extracted_at"": ""2026-08-03T11:55:45.111419""}"	2026-08-03T11:55:45.111421	2026-08-03T11:55:45.111422	"[""UAV_FLIGHT_DYNAMICS_AND_CONTROL""]"
KW_ATTITUDE	attitude	Keyword extracted from concept 'UAV Flight Dynamics and Attitude Control': attitude	"{""source"": ""concept_extraction"", ""source_concept"": ""UAV_FLIGHT_DYNAMICS_AND_CONTROL"", ""extracted_at"": ""2026-08-03T11:55:45.111433""}"	2026-08-03T11:55:45.111435	2026-08-03T11:55:45.111436	"[""UAV_FLIGHT_DYNAMICS_AND_CONTROL""]"
KW_FLIGHT	flight	Keyword extracted from concept 'UAV Flight Dynamics and Attitude Control': flight	"{""source"": ""concept_extraction"", ""source_concept"": ""UAV_FLIGHT_DYNAMICS_AND_CONTROL"", ""extracted_at"": ""2026-08-03T11:55:45.111442""}"	2026-08-03T11:55:45.111445	2026-08-03T11:55:45.111446	"[""UAV_FLIGHT_DYNAMICS_AND_CONTROL""]"
KW_FORMATION	formation	Keyword extracted from concept 'Swarm Robotics and Decentralized Formation Control': formation	"{""source"": ""concept_extraction"", ""source_concept"": ""SWARM_ROBOTICS_FORMATION_CONTROL"", ""extracted_at"": ""2026-08-03T11:55:45.111480""}"	2026-08-03T11:55:45.111482	2026-08-03T11:55:45.111483	"[""SWARM_ROBOTICS_FORMATION_CONTROL""]"
KW_ROUTING	routing	Keyword extracted from concept 'Swarm Robotics and Decentralized Formation Control': routing	"{""source"": ""concept_extraction"", ""source_concept"": ""SWARM_ROBOTICS_FORMATION_CONTROL"", ""extracted_at"": ""2026-08-03T11:55:45.111499""}"	2026-08-03T11:55:45.111501	2026-08-03T11:55:45.111502	"[""SWARM_ROBOTICS_FORMATION_CONTROL""]"
KW_MARINE	marine	Keyword extracted from concept 'Autonomous Underwater Robotics and Acoustic Sensing': marine	"{""source"": ""concept_extraction"", ""source_concept"": ""MARITIME_UNDERWATER_ROBOTICS"", ""extracted_at"": ""2026-08-03T11:55:45.111509""}"	2026-08-03T11:55:45.111512	2026-08-03T11:55:45.111512	"[""MARITIME_UNDERWATER_ROBOTICS""]"
KW_UNDERWATER	underwater	Keyword extracted from concept 'Autonomous Underwater Robotics and Acoustic Sensing': underwater	"{""source"": ""concept_extraction"", ""source_concept"": ""MARITIME_UNDERWATER_ROBOTICS"", ""extracted_at"": ""2026-08-03T11:55:45.111524""}"	2026-08-03T11:55:45.111526	2026-08-03T11:55:45.111527	"[""MARITIME_UNDERWATER_ROBOTICS""]"
KW_MICROGRID	microgrid	Keyword extracted from concept 'Smart Grid Energy Optimization and Microgrid Balancing': microgrid	"{""source"": ""concept_extraction"", ""source_concept"": ""SMART_GRID_ENERGY_OPTIMIZATION"", ""extracted_at"": ""2026-08-03T11:55:45.111558""}"	2026-08-03T11:55:45.111560	2026-08-03T11:55:45.111561	"[""SMART_GRID_ENERGY_OPTIMIZATION""]"
KW_LOAD	load	Keyword extracted from concept 'Smart Grid Energy Optimization and Microgrid Balancing': load	"{""source"": ""concept_extraction"", ""source_concept"": ""SMART_GRID_ENERGY_OPTIMIZATION"", ""extracted_at"": ""2026-08-03T11:55:45.111582""}"	2026-08-03T11:55:45.111584	2026-08-03T11:55:45.111585	"[""SMART_GRID_ENERGY_OPTIMIZATION""]"
KW_BALANCING	balancing	Keyword extracted from concept 'Smart Grid Energy Optimization and Microgrid Balancing': balancing	"{""source"": ""concept_extraction"", ""source_concept"": ""SMART_GRID_ENERGY_OPTIMIZATION"", ""extracted_at"": ""2026-08-03T11:55:45.111586""}"	2026-08-03T11:55:45.111589	2026-08-03T11:55:45.111589	"[""SMART_GRID_ENERGY_OPTIMIZATION""]"
KW_DEMAND	demand	Keyword extracted from concept 'Smart Grid Energy Optimization and Microgrid Balancing': demand	"{""source"": ""concept_extraction"", ""source_concept"": ""SMART_GRID_ENERGY_OPTIMIZATION"", ""extracted_at"": ""2026-08-03T11:55:45.111591""}"	2026-08-03T11:55:45.111593	2026-08-03T11:55:45.111594	"[""SMART_GRID_ENERGY_OPTIMIZATION""]"
KW_YIELD	yield	Keyword extracted from concept 'Renewable Energy Production Forecasting': yield	"{""source"": ""concept_extraction"", ""source_concept"": ""RENEWABLE_ENERGY_FORECASTING"", ""extracted_at"": ""2026-08-03T11:55:45.111611""}"	2026-08-03T11:55:45.111613	2026-08-03T11:55:45.111614	"[""RENEWABLE_ENERGY_FORECASTING""]"
KW_PREDICTION	prediction	Keyword extracted from concept 'Renewable Energy Production Forecasting': prediction	"{""source"": ""concept_extraction"", ""source_concept"": ""RENEWABLE_ENERGY_FORECASTING"", ""extracted_at"": ""2026-08-03T11:55:45.111616""}"	2026-08-03T11:55:45.111618	2026-08-03T11:55:45.111619	"[""RENEWABLE_ENERGY_FORECASTING""]"
KW_RENEWABLE	renewable	Keyword extracted from concept 'Renewable Energy Production Forecasting': renewable	"{""source"": ""concept_extraction"", ""source_concept"": ""RENEWABLE_ENERGY_FORECASTING"", ""extracted_at"": ""2026-08-03T11:55:45.111626""}"	2026-08-03T11:55:45.111628	2026-08-03T11:55:45.111629	"[""RENEWABLE_ENERGY_FORECASTING""]"
KW_FORECASTING	forecasting	Keyword extracted from concept 'Renewable Energy Production Forecasting': forecasting	"{""source"": ""concept_extraction"", ""source_concept"": ""RENEWABLE_ENERGY_FORECASTING"", ""extracted_at"": ""2026-08-03T11:55:45.111630""}"	2026-08-03T11:55:45.111633	2026-08-03T11:55:45.111633	"[""RENEWABLE_ENERGY_FORECASTING""]"
KW_PRODUCTION	production	Keyword extracted from concept 'Renewable Energy Production Forecasting': production	"{""source"": ""concept_extraction"", ""source_concept"": ""RENEWABLE_ENERGY_FORECASTING"", ""extracted_at"": ""2026-08-03T11:55:45.111641""}"	2026-08-03T11:55:45.111643	2026-08-03T11:55:45.111644	"[""RENEWABLE_ENERGY_FORECASTING""]"
KW_WIND	wind	Keyword extracted from concept 'Renewable Energy Production Forecasting': wind	"{""source"": ""concept_extraction"", ""source_concept"": ""RENEWABLE_ENERGY_FORECASTING"", ""extracted_at"": ""2026-08-03T11:55:45.111653""}"	2026-08-03T11:55:45.111655	2026-08-03T11:55:45.111656	"[""RENEWABLE_ENERGY_FORECASTING""]"
KW_SOLAR	solar	Keyword extracted from concept 'Renewable Energy Production Forecasting': solar	"{""source"": ""concept_extraction"", ""source_concept"": ""RENEWABLE_ENERGY_FORECASTING"", ""extracted_at"": ""2026-08-03T11:55:45.111659""}"	2026-08-03T11:55:45.111661	2026-08-03T11:55:45.111662	"[""RENEWABLE_ENERGY_FORECASTING""]"
KW_BATTERY	battery	Keyword extracted from concept 'Battery Management System (BMS) Health Algorithms': battery	"{""source"": ""concept_extraction"", ""source_concept"": ""BATTERY_MANAGEMENT_ALGORITHMS"", ""extracted_at"": ""2026-08-03T11:55:45.111680""}"	2026-08-03T11:55:45.111682	2026-08-03T11:55:45.111683	"[""BATTERY_MANAGEMENT_ALGORITHMS""]"
KW_HEALTH	health	Keyword extracted from concept 'Battery Management System (BMS) Health Algorithms': health	"{""source"": ""concept_extraction"", ""source_concept"": ""BATTERY_MANAGEMENT_ALGORITHMS"", ""extracted_at"": ""2026-08-03T11:55:45.111691""}"	2026-08-03T11:55:45.111693	2026-08-03T11:55:45.111694	"[""BATTERY_MANAGEMENT_ALGORITHMS""]"
KW_XANH	xanh	Keyword extracted from concept 'Battery Management System (BMS) Health Algorithms': xanh	"{""source"": ""concept_extraction"", ""source_concept"": ""BATTERY_MANAGEMENT_ALGORITHMS"", ""extracted_at"": ""2026-08-03T11:55:45.111706""}"	2026-08-03T11:55:45.111708	2026-08-03T11:55:45.111709	"[""BATTERY_MANAGEMENT_ALGORITHMS""]"
KW_CHARGE	charge	Keyword extracted from concept 'Battery Management System (BMS) Health Algorithms': charge	"{""source"": ""concept_extraction"", ""source_concept"": ""BATTERY_MANAGEMENT_ALGORITHMS"", ""extracted_at"": ""2026-08-03T11:55:45.111717""}"	2026-08-03T11:55:45.111719	2026-08-03T11:55:45.111720	"[""BATTERY_MANAGEMENT_ALGORITHMS""]"
KW_LIFE	life	Keyword extracted from concept 'Carbon Accounting and Life-Cycle Assessment Software': life	"{""source"": ""concept_extraction"", ""source_concept"": ""CARBON_FOOTPRINT_ACCOUNTING_SOFTWARE"", ""extracted_at"": ""2026-08-03T11:55:45.111728""}"	2026-08-03T11:55:45.111730	2026-08-03T11:55:45.111731	"[""CARBON_FOOTPRINT_ACCOUNTING_SOFTWARE""]"
KW_ACCOUNTING	accounting	Keyword extracted from concept 'Carbon Accounting and Life-Cycle Assessment Software': accounting	"{""source"": ""concept_extraction"", ""source_concept"": ""CARBON_FOOTPRINT_ACCOUNTING_SOFTWARE"", ""extracted_at"": ""2026-08-03T11:55:45.111738""}"	2026-08-03T11:55:45.111744	2026-08-03T11:55:45.111745	"[""CARBON_FOOTPRINT_ACCOUNTING_SOFTWARE""]"
KW_SOFTWARE	software	Keyword extracted from concept 'Carbon Accounting and Life-Cycle Assessment Software': software	"{""source"": ""concept_extraction"", ""source_concept"": ""CARBON_FOOTPRINT_ACCOUNTING_SOFTWARE"", ""extracted_at"": ""2026-08-03T11:55:45.111747""}"	2026-08-03T11:55:45.111749	2026-08-03T11:55:45.111750	"[""CARBON_FOOTPRINT_ACCOUNTING_SOFTWARE""]"
KW_RADIATION	radiation	Keyword extracted from concept 'Radiation-Hardened Space Computing Systems': radiation	"{""source"": ""concept_extraction"", ""source_concept"": ""RADIATION_HARDENED_SPACE_COMPUTING"", ""extracted_at"": ""2026-08-03T11:55:45.111786""}"	2026-08-03T11:55:45.111789	2026-08-03T11:55:45.111789	"[""RADIATION_HARDENED_SPACE_COMPUTING""]"
KW_FAULT	fault	Keyword extracted from concept 'Radiation-Hardened Space Computing Systems': fault	"{""source"": ""concept_extraction"", ""source_concept"": ""RADIATION_HARDENED_SPACE_COMPUTING"", ""extracted_at"": ""2026-08-03T11:55:45.111791""}"	2026-08-03T11:55:45.111794	2026-08-03T11:55:45.111795	"[""RADIATION_HARDENED_SPACE_COMPUTING""]"
KW_TRIPLE	triple	Keyword extracted from concept 'Radiation-Hardened Space Computing Systems': triple	"{""source"": ""concept_extraction"", ""source_concept"": ""RADIATION_HARDENED_SPACE_COMPUTING"", ""extracted_at"": ""2026-08-03T11:55:45.111796""}"	2026-08-03T11:55:45.111798	2026-08-03T11:55:45.111799	"[""RADIATION_HARDENED_SPACE_COMPUTING""]"
KW_SATELLITE	satellite	Keyword extracted from concept 'Radiation-Hardened Space Computing Systems': satellite	"{""source"": ""concept_extraction"", ""source_concept"": ""RADIATION_HARDENED_SPACE_COMPUTING"", ""extracted_at"": ""2026-08-03T11:55:45.111806""}"	2026-08-03T11:55:45.111808	2026-08-03T11:55:45.111809	"[""RADIATION_HARDENED_SPACE_COMPUTING""]"
KW_REDUNDANCY	redundancy	Keyword extracted from concept 'Radiation-Hardened Space Computing Systems': redundancy	"{""source"": ""concept_extraction"", ""source_concept"": ""RADIATION_HARDENED_SPACE_COMPUTING"", ""extracted_at"": ""2026-08-03T11:55:45.111815""}"	2026-08-03T11:55:45.111817	2026-08-03T11:55:45.111818	"[""RADIATION_HARDENED_SPACE_COMPUTING""]"
KW_AVIONICS	avionics	Keyword extracted from concept 'Radiation-Hardened Space Computing Systems': avionics	"{""source"": ""concept_extraction"", ""source_concept"": ""RADIATION_HARDENED_SPACE_COMPUTING"", ""extracted_at"": ""2026-08-03T11:55:45.111825""}"	2026-08-03T11:55:45.111827	2026-08-03T11:55:45.111828	"[""RADIATION_HARDENED_SPACE_COMPUTING""]"
KW_MODULAR	modular	Keyword extracted from concept 'Radiation-Hardened Space Computing Systems': modular	"{""source"": ""concept_extraction"", ""source_concept"": ""RADIATION_HARDENED_SPACE_COMPUTING"", ""extracted_at"": ""2026-08-03T11:55:45.111829""}"	2026-08-03T11:55:45.111832	2026-08-03T11:55:45.111832	"[""RADIATION_HARDENED_SPACE_COMPUTING""]"
KW_HARDENED	hardened	Keyword extracted from concept 'Radiation-Hardened Space Computing Systems': hardened	"{""source"": ""concept_extraction"", ""source_concept"": ""RADIATION_HARDENED_SPACE_COMPUTING"", ""extracted_at"": ""2026-08-03T11:55:45.111834""}"	2026-08-03T11:55:45.111836	2026-08-03T11:55:45.111837	"[""RADIATION_HARDENED_SPACE_COMPUTING""]"
KW_MECHANICS	mechanics	Keyword extracted from concept 'Orbital Mechanics and Inter-Satellite Mesh Networks': mechanics	"{""source"": ""concept_extraction"", ""source_concept"": ""ORBITAL_MECHANICS_SATELLITE_MESH"", ""extracted_at"": ""2026-08-03T11:55:45.111840""}"	2026-08-03T11:55:45.111842	2026-08-03T11:55:45.111843	"[""ORBITAL_MECHANICS_SATELLITE_MESH""]"
KW_CONSTELLATION	constellation	Keyword extracted from concept 'Orbital Mechanics and Inter-Satellite Mesh Networks': constellation	"{""source"": ""concept_extraction"", ""source_concept"": ""ORBITAL_MECHANICS_SATELLITE_MESH"", ""extracted_at"": ""2026-08-03T11:55:45.111854""}"	2026-08-03T11:55:45.111857	2026-08-03T11:55:45.111858	"[""ORBITAL_MECHANICS_SATELLITE_MESH""]"
KW_ORBITAL	orbital	Keyword extracted from concept 'Orbital Mechanics and Inter-Satellite Mesh Networks': orbital	"{""source"": ""concept_extraction"", ""source_concept"": ""ORBITAL_MECHANICS_SATELLITE_MESH"", ""extracted_at"": ""2026-08-03T11:55:45.111860""}"	2026-08-03T11:55:45.111869	2026-08-03T11:55:45.111869	"[""ORBITAL_MECHANICS_SATELLITE_MESH""]"
KW_INTER	inter	Keyword extracted from concept 'Orbital Mechanics and Inter-Satellite Mesh Networks': inter	"{""source"": ""concept_extraction"", ""source_concept"": ""ORBITAL_MECHANICS_SATELLITE_MESH"", ""extracted_at"": ""2026-08-03T11:55:45.111871""}"	2026-08-03T11:55:45.111873	2026-08-03T11:55:45.111874	"[""ORBITAL_MECHANICS_SATELLITE_MESH""]"
KW_LASER	laser	Keyword extracted from concept 'Orbital Mechanics and Inter-Satellite Mesh Networks': laser	"{""source"": ""concept_extraction"", ""source_concept"": ""ORBITAL_MECHANICS_SATELLITE_MESH"", ""extracted_at"": ""2026-08-03T11:55:45.111877""}"	2026-08-03T11:55:45.112341	2026-08-03T11:55:45.112342	"[""ORBITAL_MECHANICS_SATELLITE_MESH""]"
KW_BRAIN	brain	Keyword extracted from concept 'Neural Signal Decoding for Brain-Computer Interfaces': brain	"{""source"": ""concept_extraction"", ""source_concept"": ""NEURAL_SIGNAL_DECODING_BCI"", ""extracted_at"": ""2026-08-03T11:55:45.112356""}"	2026-08-03T11:55:45.112358	2026-08-03T11:55:45.112359	"[""NEURAL_SIGNAL_DECODING_BCI""]"
KW_DECODING	decoding	Keyword extracted from concept 'Neural Signal Decoding for Brain-Computer Interfaces': decoding	"{""source"": ""concept_extraction"", ""source_concept"": ""NEURAL_SIGNAL_DECODING_BCI"", ""extracted_at"": ""2026-08-03T11:55:45.112381""}"	2026-08-03T11:55:45.112383	2026-08-03T11:55:45.112384	"[""NEURAL_SIGNAL_DECODING_BCI""]"
KW_INTERFACES	interfaces	Keyword extracted from concept 'Neural Signal Decoding for Brain-Computer Interfaces': interfaces	"{""source"": ""concept_extraction"", ""source_concept"": ""NEURAL_SIGNAL_DECODING_BCI"", ""extracted_at"": ""2026-08-03T11:55:45.112386""}"	2026-08-03T11:55:45.112388	2026-08-03T11:55:45.112389	"[""NEURAL_SIGNAL_DECODING_BCI""]"
KW_NEUROTECH	neurotech	Keyword extracted from concept 'Neural Signal Decoding for Brain-Computer Interfaces': neurotech	"{""source"": ""concept_extraction"", ""source_concept"": ""NEURAL_SIGNAL_DECODING_BCI"", ""extracted_at"": ""2026-08-03T11:55:45.112397""}"	2026-08-03T11:55:45.112400	2026-08-03T11:55:45.112400	"[""NEURAL_SIGNAL_DECODING_BCI""]"
KW_NEUROSTIMULATION	neurostimulation	Keyword extracted from concept 'Closed-Loop Neurostimulation and Bio-Prosthetics': neurostimulation	"{""source"": ""concept_extraction"", ""source_concept"": ""CLOSED_LOOP_NEUROSTIMULATION"", ""extracted_at"": ""2026-08-03T11:55:45.112404""}"	2026-08-03T11:55:45.112406	2026-08-03T11:55:45.112407	"[""CLOSED_LOOP_NEUROSTIMULATION""]"
KW_PROSTHETICS	prosthetics	Keyword extracted from concept 'Closed-Loop Neurostimulation and Bio-Prosthetics': prosthetics	"{""source"": ""concept_extraction"", ""source_concept"": ""CLOSED_LOOP_NEUROSTIMULATION"", ""extracted_at"": ""2026-08-03T11:55:45.112421""}"	2026-08-03T11:55:45.112423	2026-08-03T11:55:45.112424	"[""CLOSED_LOOP_NEUROSTIMULATION""]"
KW_CLOSED	closed	Keyword extracted from concept 'Closed-Loop Neurostimulation and Bio-Prosthetics': closed	"{""source"": ""concept_extraction"", ""source_concept"": ""CLOSED_LOOP_NEUROSTIMULATION"", ""extracted_at"": ""2026-08-03T11:55:45.112442""}"	2026-08-03T11:55:45.112444	2026-08-03T11:55:45.112445	"[""CLOSED_LOOP_NEUROSTIMULATION""]"
KW_NGUY	nguy	Keyword extracted from concept 'Quantum Key Distribution and BB84 Protocol': nguy	"{""source"": ""concept_extraction"", ""source_concept"": ""QUANTUM_KEY_DISTRIBUTION_QKD"", ""extracted_at"": ""2026-08-03T11:55:45.112463""}"	2026-08-03T11:55:45.112467	2026-08-03T11:55:45.112468	"[""QUANTUM_KEY_DISTRIBUTION_QKD""]"
KW_PHOTON	photon	Keyword extracted from concept 'Quantum Key Distribution and BB84 Protocol': photon	"{""source"": ""concept_extraction"", ""source_concept"": ""QUANTUM_KEY_DISTRIBUTION_QKD"", ""extracted_at"": ""2026-08-03T11:55:45.112470""}"	2026-08-03T11:55:45.112472	2026-08-03T11:55:45.112473	"[""QUANTUM_KEY_DISTRIBUTION_QKD""]"
KW_POLARIZATION	polarization	Keyword extracted from concept 'Quantum Key Distribution and BB84 Protocol': polarization	"{""source"": ""concept_extraction"", ""source_concept"": ""QUANTUM_KEY_DISTRIBUTION_QKD"", ""extracted_at"": ""2026-08-03T11:55:45.112490""}"	2026-08-03T11:55:45.112493	2026-08-03T11:55:45.112493	"[""QUANTUM_KEY_DISTRIBUTION_QKD""]"
KW_NGHE	nghe	Keyword extracted from concept 'Quantum Key Distribution and BB84 Protocol': nghe	"{""source"": ""concept_extraction"", ""source_concept"": ""QUANTUM_KEY_DISTRIBUTION_QKD"", ""extracted_at"": ""2026-08-03T11:55:45.112500""}"	2026-08-03T11:55:45.112503	2026-08-03T11:55:45.112503	"[""QUANTUM_KEY_DISTRIBUTION_QKD""]"
KW_CRYPTOGRAPHY	cryptography	Keyword extracted from concept 'Quantum Key Distribution and BB84 Protocol': cryptography	"{""source"": ""concept_extraction"", ""source_concept"": ""QUANTUM_KEY_DISTRIBUTION_QKD"", ""extracted_at"": ""2026-08-03T11:55:45.112510""}"	2026-08-03T11:55:45.112513	2026-08-03T11:55:45.112513	"[""QUANTUM_KEY_DISTRIBUTION_QKD""]"
KW_REPEATER	repeater	Keyword extracted from concept 'Quantum Repeater Networks and Teleportation': repeater	"{""source"": ""concept_extraction"", ""source_concept"": ""QUANTUM_REPEATER_NETWORKS"", ""extracted_at"": ""2026-08-03T11:55:45.112516""}"	2026-08-03T11:55:45.112519	2026-08-03T11:55:45.112520	"[""QUANTUM_REPEATER_NETWORKS""]"
KW_TELEPORTATION	teleportation	Keyword extracted from concept 'Quantum Repeater Networks and Teleportation': teleportation	"{""source"": ""concept_extraction"", ""source_concept"": ""QUANTUM_REPEATER_NETWORKS"", ""extracted_at"": ""2026-08-03T11:55:45.112542""}"	2026-08-03T11:55:45.112544	2026-08-03T11:55:45.112545	"[""QUANTUM_REPEATER_NETWORKS""]"
KW_SCAN	scan	Keyword extracted from concept 'Medical Image DICOM Segmentation and Analytics': scan	"{""source"": ""concept_extraction"", ""source_concept"": ""MEDICAL_IMAGE_DICOM_SEGMENTATION"", ""extracted_at"": ""2026-08-03T11:55:45.112559""}"	2026-08-03T11:55:45.112562	2026-08-03T11:55:45.112562	"[""MEDICAL_IMAGE_DICOM_SEGMENTATION""]"
KW_ANALYTICS	analytics	Keyword extracted from concept 'Medical Image DICOM Segmentation and Analytics': analytics	"{""source"": ""concept_extraction"", ""source_concept"": ""MEDICAL_IMAGE_DICOM_SEGMENTATION"", ""extracted_at"": ""2026-08-03T11:55:45.112564""}"	2026-08-03T11:55:45.112567	2026-08-03T11:55:45.112567	"[""MEDICAL_IMAGE_DICOM_SEGMENTATION""]"
KW_MEDICAL	medical	Keyword extracted from concept 'Medical Image DICOM Segmentation and Analytics': medical	"{""source"": ""concept_extraction"", ""source_concept"": ""MEDICAL_IMAGE_DICOM_SEGMENTATION"", ""extracted_at"": ""2026-08-03T11:55:45.112569""}"	2026-08-03T11:55:45.112571	2026-08-03T11:55:45.112572	"[""MEDICAL_IMAGE_DICOM_SEGMENTATION""]"
KW_PHYSIOLOGICAL	physiological	Keyword extracted from concept 'Wearable Real-Time Physiological Signal Monitoring': physiological	"{""source"": ""concept_extraction"", ""source_concept"": ""WEARABLE_PHYSIOLOGICAL_MONITORING"", ""extracted_at"": ""2026-08-03T11:55:45.112600""}"	2026-08-03T11:55:45.112602	2026-08-03T11:55:45.112603	"[""WEARABLE_PHYSIOLOGICAL_MONITORING""]"
KW_WEARABLE	wearable	Keyword extracted from concept 'Wearable Real-Time Physiological Signal Monitoring': wearable	"{""source"": ""concept_extraction"", ""source_concept"": ""WEARABLE_PHYSIOLOGICAL_MONITORING"", ""extracted_at"": ""2026-08-03T11:55:45.112624""}"	2026-08-03T11:55:45.112626	2026-08-03T11:55:45.112627	"[""WEARABLE_PHYSIOLOGICAL_MONITORING""]"
KW_LATENCY	latency	Keyword extracted from concept 'Ultra-Low Latency High-Frequency Trading Architecture': latency	"{""source"": ""concept_extraction"", ""source_concept"": ""ULTRA_LOW_LATENCY_HFT_ARCHITECTURE"", ""extracted_at"": ""2026-08-03T11:55:45.112635""}"	2026-08-03T11:55:45.112638	2026-08-03T11:55:45.112638	"[""ULTRA_LOW_LATENCY_HFT_ARCHITECTURE""]"
KW_BYPASS	bypass	Keyword extracted from concept 'Ultra-Low Latency High-Frequency Trading Architecture': bypass	"{""source"": ""concept_extraction"", ""source_concept"": ""ULTRA_LOW_LATENCY_HFT_ARCHITECTURE"", ""extracted_at"": ""2026-08-03T11:55:45.112640""}"	2026-08-03T11:55:45.112642	2026-08-03T11:55:45.112643	"[""ULTRA_LOW_LATENCY_HFT_ARCHITECTURE""]"
KW_MICROSECOND	microsecond	Keyword extracted from concept 'Ultra-Low Latency High-Frequency Trading Architecture': microsecond	"{""source"": ""concept_extraction"", ""source_concept"": ""ULTRA_LOW_LATENCY_HFT_ARCHITECTURE"", ""extracted_at"": ""2026-08-03T11:55:45.112645""}"	2026-08-03T11:55:45.112647	2026-08-03T11:55:45.112648	"[""ULTRA_LOW_LATENCY_HFT_ARCHITECTURE""]"
KW_KERNEL	kernel	Keyword extracted from concept 'Ultra-Low Latency High-Frequency Trading Architecture': kernel	"{""source"": ""concept_extraction"", ""source_concept"": ""ULTRA_LOW_LATENCY_HFT_ARCHITECTURE"", ""extracted_at"": ""2026-08-03T11:55:45.112650""}"	2026-08-03T11:55:45.112652	2026-08-03T11:55:45.112653	"[""ULTRA_LOW_LATENCY_HFT_ARCHITECTURE""]"
KW_TRADING	trading	Keyword extracted from concept 'Ultra-Low Latency High-Frequency Trading Architecture': trading	"{""source"": ""concept_extraction"", ""source_concept"": ""ULTRA_LOW_LATENCY_HFT_ARCHITECTURE"", ""extracted_at"": ""2026-08-03T11:55:45.112670""}"	2026-08-03T11:55:45.112673	2026-08-03T11:55:45.112674	"[""ULTRA_LOW_LATENCY_HFT_ARCHITECTURE""]"
KW_HIGH	high	Keyword extracted from concept 'Ultra-Low Latency High-Frequency Trading Architecture': high	"{""source"": ""concept_extraction"", ""source_concept"": ""ULTRA_LOW_LATENCY_HFT_ARCHITECTURE"", ""extracted_at"": ""2026-08-03T11:55:45.112681""}"	2026-08-03T11:55:45.112683	2026-08-03T11:55:45.112684	"[""ULTRA_LOW_LATENCY_HFT_ARCHITECTURE""]"
KW_FINANCIAL	financial	Keyword extracted from concept 'Quantitative Financial Risk Modeling and Monte Carlo': financial	"{""source"": ""concept_extraction"", ""source_concept"": ""QUANTITATIVE_FINANCIAL_RISK_MODELING"", ""extracted_at"": ""2026-08-03T11:55:45.112702""}"	2026-08-03T11:55:45.112705	2026-08-03T11:55:45.112706	"[""QUANTITATIVE_FINANCIAL_RISK_MODELING""]"
KW_MONTE	monte	Keyword extracted from concept 'Quantitative Financial Risk Modeling and Monte Carlo': monte	"{""source"": ""concept_extraction"", ""source_concept"": ""QUANTITATIVE_FINANCIAL_RISK_MODELING"", ""extracted_at"": ""2026-08-03T11:55:45.112712""}"	2026-08-03T11:55:45.112715	2026-08-03T11:55:45.112716	"[""QUANTITATIVE_FINANCIAL_RISK_MODELING""]"
KW_CARLO	carlo	Keyword extracted from concept 'Quantitative Financial Risk Modeling and Monte Carlo': carlo	"{""source"": ""concept_extraction"", ""source_concept"": ""QUANTITATIVE_FINANCIAL_RISK_MODELING"", ""extracted_at"": ""2026-08-03T11:55:45.112717""}"	2026-08-03T11:55:45.112720	2026-08-03T11:55:45.112721	"[""QUANTITATIVE_FINANCIAL_RISK_MODELING""]"
KW_FINANCE	finance	Keyword extracted from concept 'Quantitative Financial Risk Modeling and Monte Carlo': finance	"{""source"": ""concept_extraction"", ""source_concept"": ""QUANTITATIVE_FINANCIAL_RISK_MODELING"", ""extracted_at"": ""2026-08-03T11:55:45.112722""}"	2026-08-03T11:55:45.112725	2026-08-03T11:55:45.112726	"[""QUANTITATIVE_FINANCIAL_RISK_MODELING""]"
KW_QUANTITATIVE	quantitative	Keyword extracted from concept 'Quantitative Financial Risk Modeling and Monte Carlo': quantitative	"{""source"": ""concept_extraction"", ""source_concept"": ""QUANTITATIVE_FINANCIAL_RISK_MODELING"", ""extracted_at"": ""2026-08-03T11:55:45.112743""}"	2026-08-03T11:55:45.112745	2026-08-03T11:55:45.112746	"[""QUANTITATIVE_FINANCIAL_RISK_MODELING""]"
KW_CENTRAL	Central	Keyword from topic 'Central Processing Unit (CPU)': Central	"{""source"": ""topic_extraction"", ""source_topic"": ""HW_CPU"", ""extracted_at"": ""2026-08-03T11:55:45.112753""}"	2026-08-03T11:55:45.112756	2026-08-03T11:55:45.112757	[]
KW_DEVICES	Devices	Keyword from topic 'Storage Devices': Devices	"{""source"": ""topic_extraction"", ""source_topic"": ""HW_STORAGE"", ""extracted_at"": ""2026-08-03T11:55:45.112899""}"	2026-08-03T11:55:45.112902	2026-08-03T11:55:45.112903	[]
KW_INPUT	Input	Keyword from topic 'Input/Output Peripherals': Input	"{""source"": ""topic_extraction"", ""source_topic"": ""HW_IO"", ""extracted_at"": ""2026-08-03T11:55:45.112913""}"	2026-08-03T11:55:45.112916	2026-08-03T11:55:45.112917	[]
KW_PERIPHERALS	Peripherals	Keyword from topic 'Input/Output Peripherals': Peripherals	"{""source"": ""topic_extraction"", ""source_topic"": ""HW_IO"", ""extracted_at"": ""2026-08-03T11:55:45.112944""}"	2026-08-03T11:55:45.112946	2026-08-03T11:55:45.112947	[]
KW_METHODOLOGY	Methodology	Keyword from topic 'Systematic Troubleshooting Methodology': Methodology	"{""source"": ""topic_extraction"", ""source_topic"": ""TROUBLESHOOTING_METHODOLOGY"", ""extracted_at"": ""2026-08-03T11:55:45.113107""}"	2026-08-03T11:55:45.113109	2026-08-03T11:55:45.113110	[]
KW_KINEMATICS	Kinematics	Keyword from topic 'Robot Kinematics and Motion': Kinematics	"{""source"": ""topic_extraction"", ""source_topic"": ""ROBOT_KINEMATICS"", ""extracted_at"": ""2026-08-03T11:55:45.113320""}"	2026-08-03T11:55:45.113322	2026-08-03T11:55:45.113323	[]
KW_TRANSPORT	Transport	Keyword from topic 'Transport Protocols (TCP/UDP)': Transport	"{""source"": ""topic_extraction"", ""source_topic"": ""TRANSPORT_PROTOCOLS"", ""extracted_at"": ""2026-08-03T11:55:45.113588""}"	2026-08-03T11:55:45.113591	2026-08-03T11:55:45.113591	[]
KW_FIREWALLS	Firewalls	Keyword from topic 'Firewalls and Intrusion Detection Systems': Firewalls	"{""source"": ""topic_extraction"", ""source_topic"": ""FIREWALLS_IDS"", ""extracted_at"": ""2026-08-03T11:55:45.113743""}"	2026-08-03T11:55:45.113745	2026-08-03T11:55:45.113746	[]
KW_INTRUSION	Intrusion	Keyword from topic 'Firewalls and Intrusion Detection Systems': Intrusion	"{""source"": ""topic_extraction"", ""source_topic"": ""FIREWALLS_IDS"", ""extracted_at"": ""2026-08-03T11:55:45.113766""}"	2026-08-03T11:55:45.113768	2026-08-03T11:55:45.113768	[]
KW_SECURE	Secure	Keyword from topic 'Encryption and Secure Protocols': Secure	"{""source"": ""topic_extraction"", ""source_topic"": ""ENCRYPTION_PROTOCOLS"", ""extracted_at"": ""2026-08-03T11:55:45.113822""}"	2026-08-03T11:55:45.113824	2026-08-03T11:55:45.113825	[]
KW_ATTACKS	Attacks	Keyword from topic 'Common Network Attacks': Attacks	"{""source"": ""topic_extraction"", ""source_topic"": ""NETWORK_ATTACKS"", ""extracted_at"": ""2026-08-03T11:55:45.113867""}"	2026-08-03T11:55:45.113871	2026-08-03T11:55:45.113872	[]
KW_STRATEGIES	Strategies	Keyword from topic 'Algorithmic Strategies': Strategies	"{""source"": ""topic_extraction"", ""source_topic"": ""ALGO_STRATEGIES"", ""extracted_at"": ""2026-08-03T11:55:45.113892""}"	2026-08-03T11:55:45.113894	2026-08-03T11:55:45.113894	[]
KW_SEARCHING	Searching	Keyword from topic 'Searching and Sorting Algorithms': Searching	"{""source"": ""topic_extraction"", ""source_topic"": ""SEARCH_SORT_ALGO"", ""extracted_at"": ""2026-08-03T11:55:45.113938""}"	2026-08-03T11:55:45.113940	2026-08-03T11:55:45.113941	[]
KW_FUNDAMENTALS	Fundamentals	Keyword from topic 'Graph Theory Fundamentals': Fundamentals	"{""source"": ""topic_extraction"", ""source_topic"": ""GRAPH_THEORY"", ""extracted_at"": ""2026-08-03T11:55:45.114087""}"	2026-08-03T11:55:45.114089	2026-08-03T11:55:45.114090	[]
KW_STRUCTURES	Structures	Keyword from topic 'Tree Structures': Structures	"{""source"": ""topic_extraction"", ""source_topic"": ""TREE_STRUCTURES"", ""extracted_at"": ""2026-08-03T11:55:45.114110""}"	2026-08-03T11:55:45.114112	2026-08-03T11:55:45.114113	[]
KW_VARIABLES	Variables	Keyword from topic 'Variables and Constants': Variables	"{""source"": ""topic_extraction"", ""source_topic"": ""VAR_CONSTANTS"", ""extracted_at"": ""2026-08-03T11:55:45.114122""}"	2026-08-03T11:55:45.114124	2026-08-03T11:55:45.114125	[]
KW_CONSTANTS	Constants	Keyword from topic 'Variables and Constants': Constants	"{""source"": ""topic_extraction"", ""source_topic"": ""VAR_CONSTANTS"", ""extracted_at"": ""2026-08-03T11:55:45.114144""}"	2026-08-03T11:55:45.114146	2026-08-03T11:55:45.114147	[]
KW_ARITHMETIC	Arithmetic	Keyword from topic 'Arithmetic Operators': Arithmetic	"{""source"": ""topic_extraction"", ""source_topic"": ""ARITHMETIC_OPS"", ""extracted_at"": ""2026-08-03T11:55:45.114223""}"	2026-08-03T11:55:45.114225	2026-08-03T11:55:45.114226	[]
KW_COMPARISON	Comparison	Keyword from topic 'Comparison and Logical Operators': Comparison	"{""source"": ""topic_extraction"", ""source_topic"": ""COMPARISON_LOGICAL_OPS"", ""extracted_at"": ""2026-08-03T11:55:45.114246""}"	2026-08-03T11:55:45.114248	2026-08-03T11:55:45.114249	[]
KW_LOOPS	Loops	Keyword from topic 'Iteration and Loops': Loops	"{""source"": ""topic_extraction"", ""source_topic"": ""ITERATION_LOOPS"", ""extracted_at"": ""2026-08-03T11:55:45.114347""}"	2026-08-03T11:55:45.114349	2026-08-03T11:55:45.114350	[]
KW_CALLS	Calls	Keyword from topic 'Function Syntax and Calls': Calls	"{""source"": ""topic_extraction"", ""source_topic"": ""FUNC_SYNTAX"", ""extracted_at"": ""2026-08-03T11:55:45.114415""}"	2026-08-03T11:55:45.114417	2026-08-03T11:55:45.114419	[]
KW_SCOPE	Scope	Keyword from topic 'Return Values and Scope': Scope	"{""source"": ""topic_extraction"", ""source_topic"": ""RETURN_VALUES"", ""extracted_at"": ""2026-08-03T11:55:45.114461""}"	2026-08-03T11:55:45.114463	2026-08-03T11:55:45.114464	[]
KW_ARRAYS	Arrays	Keyword from topic 'Arrays': Arrays	"{""source"": ""topic_extraction"", ""source_topic"": ""ARRAYS"", ""extracted_at"": ""2026-08-03T11:55:45.114473""}"	2026-08-03T11:55:45.114475	2026-08-03T11:55:45.114476	[]
KW_LISTS	Lists	Keyword from topic 'Lists and Dynamic Collections': Lists	"{""source"": ""topic_extraction"", ""source_topic"": ""LISTS_COLLECTIONS"", ""extracted_at"": ""2026-08-03T11:55:45.114485""}"	2026-08-03T11:55:45.114487	2026-08-03T11:55:45.114488	[]
KW_COLLECTIONS	Collections	Keyword from topic 'Lists and Dynamic Collections': Collections	"{""source"": ""topic_extraction"", ""source_topic"": ""LISTS_COLLECTIONS"", ""extracted_at"": ""2026-08-03T11:55:45.114518""}"	2026-08-03T11:55:45.114520	2026-08-03T11:55:45.114520	[]
KW_CLASSES	Classes	Keyword from topic 'Classes and Objects': Classes	"{""source"": ""topic_extraction"", ""source_topic"": ""CLASSES_OBJECTS"", ""extracted_at"": ""2026-08-03T11:55:45.114529""}"	2026-08-03T11:55:45.114532	2026-08-03T11:55:45.114532	[]
KW_OBJECTS	Objects	Keyword from topic 'Classes and Objects': Objects	"{""source"": ""topic_extraction"", ""source_topic"": ""CLASSES_OBJECTS"", ""extracted_at"": ""2026-08-03T11:55:45.114551""}"	2026-08-03T11:55:45.114553	2026-08-03T11:55:45.114554	[]
KW_INTERACTIVITY	Interactivity	Keyword from topic 'DOM & Web Interactivity': Interactivity	"{""source"": ""topic_extraction"", ""source_topic"": ""DOM_MANIPULATION_TOPIC"", ""extracted_at"": ""2026-08-03T11:55:45.115027""}"	2026-08-03T11:55:45.115030	2026-08-03T11:55:45.115030	[]
KW_QUERIES	Queries	Keyword from topic 'SQL Queries': Queries	"{""source"": ""topic_extraction"", ""source_topic"": ""SQL_QUERIES"", ""extracted_at"": ""2026-08-03T11:55:45.115154""}"	2026-08-03T11:55:45.115157	2026-08-03T11:55:45.115157	[]
KW_TRANSACTION	Transaction	Keyword from topic 'Database Transaction Management': Transaction	"{""source"": ""topic_extraction"", ""source_topic"": ""TRANSACTION_MANAGEMENT"", ""extracted_at"": ""2026-08-03T11:55:45.115179""}"	2026-08-03T11:55:45.115181	2026-08-03T11:55:45.115182	[]
KW_STACKS	Stacks	Keyword from topic 'Stacks and Queues': Stacks	"{""source"": ""topic_extraction"", ""source_topic"": ""STACKS_QUEUES"", ""extracted_at"": ""2026-08-03T11:55:45.115202""}"	2026-08-03T11:55:45.115204	2026-08-03T11:55:45.115205	[]
KW_QUEUES	Queues	Keyword from topic 'Stacks and Queues': Queues	"{""source"": ""topic_extraction"", ""source_topic"": ""STACKS_QUEUES"", ""extracted_at"": ""2026-08-03T11:55:45.115224""}"	2026-08-03T11:55:45.115226	2026-08-03T11:55:45.115227	[]
KW_HEAPS	Heaps	Keyword from topic 'Trees and Heaps': Heaps	"{""source"": ""topic_extraction"", ""source_topic"": ""TREES_HEAPS"", ""extracted_at"": ""2026-08-03T11:55:45.115266""}"	2026-08-03T11:55:45.115268	2026-08-03T11:55:45.115269	[]
KW_TOOLS	Tools	Keyword from topic 'Data Visualization Tools': Tools	"{""source"": ""topic_extraction"", ""source_topic"": ""DATA_VIS_TOOLS"", ""extracted_at"": ""2026-08-03T11:55:45.115326""}"	2026-08-03T11:55:45.115329	2026-08-03T11:55:45.115329	[]
KW_ARCHITECTURES	Architectures	Keyword from topic 'IoT Architectures (Edge, Fog, Cloud)': Architectures	"{""source"": ""topic_extraction"", ""source_topic"": ""EDGE_FOG_CLOUD"", ""extracted_at"": ""2026-08-03T11:55:45.115461""}"	2026-08-03T11:55:45.115463	2026-08-03T11:55:45.115464	[]
KW_FOG	Fog	Keyword from topic 'IoT Architectures (Edge, Fog, Cloud)': Fog	"{""source"": ""topic_extraction"", ""source_topic"": ""EDGE_FOG_CLOUD"", ""extracted_at"": ""2026-08-03T11:55:45.115483""}"	2026-08-03T11:55:45.115485	2026-08-03T11:55:45.115486	[]
KW_HEURISTICS	Heuristics	Keyword from topic 'Usability Heuristics': Heuristics	"{""source"": ""topic_extraction"", ""source_topic"": ""UI_UX_HEURISTICS"", ""extracted_at"": ""2026-08-03T11:55:45.115542""}"	2026-08-03T11:55:45.115544	2026-08-03T11:55:45.115545	[]
KW_GUIDELINES	Guidelines	Keyword from topic 'Web Content Accessibility Guidelines (WCAG)': Guidelines	"{""source"": ""topic_extraction"", ""source_topic"": ""WCAG_STANDARDS"", ""extracted_at"": ""2026-08-03T11:55:45.115668""}"	2026-08-03T11:55:45.115670	2026-08-03T11:55:45.115671	[]
KW_ASSISTIVE	Assistive	Keyword from topic 'Assistive Technologies': Assistive	"{""source"": ""topic_extraction"", ""source_topic"": ""ASSISTIVE_TECH"", ""extracted_at"": ""2026-08-03T11:55:45.115680""}"	2026-08-03T11:55:45.115682	2026-08-03T11:55:45.115683	[]
KW_TECHNOLOGIES	Technologies	Keyword from topic 'Assistive Technologies': Technologies	"{""source"": ""topic_extraction"", ""source_topic"": ""ASSISTIVE_TECH"", ""extracted_at"": ""2026-08-03T11:55:45.115691""}"	2026-08-03T11:55:45.115693	2026-08-03T11:55:45.115694	[]
KW_INTERACTION	Interaction	Keyword from topic 'Digital Interaction and Etiquette': Interaction	"{""source"": ""topic_extraction"", ""source_topic"": ""DIGITAL_INTERACTION"", ""extracted_at"": ""2026-08-03T11:55:45.115714""}"	2026-08-03T11:55:45.115717	2026-08-03T11:55:45.115717	[]
KW_RECOGNIZING	Recognizing	Keyword from topic 'Recognizing Phishing and Scams': Recognizing	"{""source"": ""topic_extraction"", ""source_topic"": ""PHISHING_SCAMS"", ""extracted_at"": ""2026-08-03T11:55:45.115784""}"	2026-08-03T11:55:45.115786	2026-08-03T11:55:45.115787	[]
KW_SCAMS	Scams	Keyword from topic 'Recognizing Phishing and Scams': Scams	"{""source"": ""topic_extraction"", ""source_topic"": ""PHISHING_SCAMS"", ""extracted_at"": ""2026-08-03T11:55:45.115817""}"	2026-08-03T11:55:45.115819	2026-08-03T11:55:45.115820	[]
KW_USING	Using	Keyword from topic 'Using Privacy Settings and Tools': Using	"{""source"": ""topic_extraction"", ""source_topic"": ""PRIVACY_SETTINGS"", ""extracted_at"": ""2026-08-03T11:55:45.115829""}"	2026-08-03T11:55:45.115833	2026-08-03T11:55:45.115834	[]
KW_SETTINGS	Settings	Keyword from topic 'Using Privacy Settings and Tools': Settings	"{""source"": ""topic_extraction"", ""source_topic"": ""PRIVACY_SETTINGS"", ""extracted_at"": ""2026-08-03T11:55:45.115853""}"	2026-08-03T11:55:45.115855	2026-08-03T11:55:45.115856	[]
KW_PROTECTION	Protection	Keyword from topic 'Malware Protection': Protection	"{""source"": ""topic_extraction"", ""source_topic"": ""MALWARE_TYPES"", ""extracted_at"": ""2026-08-03T11:55:45.115932""}"	2026-08-03T11:55:45.115934	2026-08-03T11:55:45.115934	[]
KW_SOLID	Solid	Keyword from topic '3D Solid Modeling (CSG)': Solid	"{""source"": ""topic_extraction"", ""source_topic"": ""SOLID_MODELING"", ""extracted_at"": ""2026-08-03T11:55:45.116175""}"	2026-08-03T11:55:45.116178	2026-08-03T11:55:45.116178	[]
KW_CONTROLS	Controls	Keyword from topic 'Basic UI Controls': Controls	"{""source"": ""topic_extraction"", ""source_topic"": ""UI_CONTROLS"", ""extracted_at"": ""2026-08-03T11:55:45.116255""}"	2026-08-03T11:55:45.116257	2026-08-03T11:55:45.116258	[]
KW_ADAPTIVE	Adaptive	Keyword from topic 'Adaptive Layout': Adaptive	"{""source"": ""topic_extraction"", ""source_topic"": ""ADAPTIVE_LAYOUT"", ""extracted_at"": ""2026-08-03T11:55:45.116346""}"	2026-08-03T11:55:45.116348	2026-08-03T11:55:45.116349	[]
KW_DECLARATIVE	Declarative	Keyword from topic 'Declarative UI Model': Declarative	"{""source"": ""topic_extraction"", ""source_topic"": ""DECLARATIVE_UI_MODEL"", ""extracted_at"": ""2026-08-03T11:55:45.116369""}"	2026-08-03T11:55:45.116371	2026-08-03T11:55:45.116371	[]
KW_HIERARCHICAL	Hierarchical	Keyword from topic 'Hierarchical Navigation': Hierarchical	"{""source"": ""topic_extraction"", ""source_topic"": ""HIERARCHICAL_NAVIGATION"", ""extracted_at"": ""2026-08-03T11:55:45.116472""}"	2026-08-03T11:55:45.116474	2026-08-03T11:55:45.116475	[]
KW_MODAL	Modal	Keyword from topic 'Modal Presentation': Modal	"{""source"": ""topic_extraction"", ""source_topic"": ""MODAL_PRESENTATION"", ""extracted_at"": ""2026-08-03T11:55:45.116496""}"	2026-08-03T11:55:45.116498	2026-08-03T11:55:45.116499	[]
KW_PRESENTATION	Presentation	Keyword from topic 'Modal Presentation': Presentation	"{""source"": ""topic_extraction"", ""source_topic"": ""MODAL_PRESENTATION"", ""extracted_at"": ""2026-08-03T11:55:45.116507""}"	2026-08-03T11:55:45.116509	2026-08-03T11:55:45.116510	[]
KW_GEOSPATIAL	Geospatial	Keyword from topic 'Geospatial Services': Geospatial	"{""source"": ""topic_extraction"", ""source_topic"": ""GEOSPATIAL_SERVICES"", ""extracted_at"": ""2026-08-03T11:55:45.116564""}"	2026-08-03T11:55:45.116567	2026-08-03T11:55:45.116567	[]
KW_PREFERENCES	Preferences	Keyword from topic 'User Preferences Storage': Preferences	"{""source"": ""topic_extraction"", ""source_topic"": ""USER_PREFERENCES_STORAGE"", ""extracted_at"": ""2026-08-03T11:55:45.116632""}"	2026-08-03T11:55:45.116634	2026-08-03T11:55:45.116635	[]
KW_DEVICE	Device	Keyword from topic 'Structured On-Device Storage': Device	"{""source"": ""topic_extraction"", ""source_topic"": ""STRUCTURED_DATA_STORAGE"", ""extracted_at"": ""2026-08-03T11:55:45.116668""}"	2026-08-03T11:55:45.116670	2026-08-03T11:55:45.116671	[]
KW_GAMEPLAY	Gameplay	Keyword from topic 'Gameplay Mechanics Scripting': Gameplay	"{""source"": ""topic_extraction"", ""source_topic"": ""GAMEPLAY_MECHANICS"", ""extracted_at"": ""2026-08-03T11:55:45.116725""}"	2026-08-03T11:55:45.116727	2026-08-03T11:55:45.116728	[]
KW_ASSISTED	Assisted	Keyword from topic 'AI-Assisted Coding': Assisted	"{""source"": ""topic_extraction"", ""source_topic"": ""AI_ASSISTED_CODING"", ""extracted_at"": ""2026-08-03T11:55:45.116866""}"	2026-08-03T11:55:45.116869	2026-08-03T11:55:45.116869	[]
KW_MATHEMATICAL	Mathematical	Keyword from topic 'Mathematical Logic': Mathematical	"{""source"": ""topic_extraction"", ""source_topic"": ""MATHEMATICAL_LOGIC"", ""extracted_at"": ""2026-08-03T11:55:45.116890""}"	2026-08-03T11:55:45.116893	2026-08-03T11:55:45.116893	[]
KW_RELATION	Relation	Keyword from topic 'Set and Relation Theory': Relation	"{""source"": ""topic_extraction"", ""source_topic"": ""SET_AND_RELATION_THEORY"", ""extracted_at"": ""2026-08-03T11:55:45.116946""}"	2026-08-03T11:55:45.116948	2026-08-03T11:55:45.116949	[]
KW_DISCRETE	Discrete	Keyword from topic 'Discrete Combinatorics': Discrete	"{""source"": ""topic_extraction"", ""source_topic"": ""DISCRETE_COMBINATORICS"", ""extracted_at"": ""2026-08-03T11:55:45.116968""}"	2026-08-03T11:55:45.116970	2026-08-03T11:55:45.116971	[]
KW_CLASSICAL	Classical	Keyword from topic 'Hybrid Quantum-Classical AI': Classical	"{""source"": ""topic_extraction"", ""source_topic"": ""HYBRID_QUANTUM_CLASSICAL_AI"", ""extracted_at"": ""2026-08-03T11:55:45.117095""}"	2026-08-03T11:55:45.117097	2026-08-03T11:55:45.117097	[]
KW_MATHEMATICS	Mathematics	Keyword from topic 'Advanced Mathematics & Optimization Theory': Mathematics	"{""source"": ""topic_extraction"", ""source_topic"": ""ADVANCED_MATH_OPTIMIZATION"", ""extracted_at"": ""2026-08-03T11:55:45.117515""}"	2026-08-03T11:55:45.117517	2026-08-03T11:55:45.117517	[]
KW_ORGANIZATION	Organization	Keyword from category 'Hardware Components & Organization': Organization	"{""source"": ""category_extraction"", ""source_category"": ""HARDWARE_COMPONENTS"", ""extracted_at"": ""2026-08-03T11:55:45.117577""}"	2026-08-03T11:55:45.117580	2026-08-03T11:55:45.117581	[]
KW_OPERATING	Operating	Keyword from category 'Operating System Concepts': Operating	"{""source"": ""category_extraction"", ""source_category"": ""OS_CONCEPTS"", ""extracted_at"": ""2026-08-03T11:55:45.117624""}"	2026-08-03T11:55:45.117627	2026-08-03T11:55:45.117627	[]
KW_MICROCONTROLLERS	Microcontrollers	Keyword from category 'Microcontrollers & Embedded Systems': Microcontrollers	"{""source"": ""category_extraction"", ""source_category"": ""MICROCONTROLLERS"", ""extracted_at"": ""2026-08-03T11:55:45.117693""}"	2026-08-03T11:55:45.117695	2026-08-03T11:55:45.117695	[]
KW_ACTUATORS	Actuators	Keyword from category 'Sensors and Actuators': Actuators	"{""source"": ""category_extraction"", ""source_category"": ""SENSORS_ACTUATORS"", ""extracted_at"": ""2026-08-03T11:55:45.117748""}"	2026-08-03T11:55:45.117751	2026-08-03T11:55:45.117751	[]
KW_EXPRESSIONS	Expressions	Keyword from category 'Operators and Expressions': Expressions	"{""source"": ""category_extraction"", ""source_category"": ""OPERATORS_EXPRESSIONS"", ""extracted_at"": ""2026-08-03T11:55:45.118154""}"	2026-08-03T11:55:45.118156	2026-08-03T11:55:45.118157	[]
KW_PROCEDURES	Procedures	Keyword from category 'Functions and Procedures': Procedures	"{""source"": ""category_extraction"", ""source_category"": ""FUNCTIONS_PROCEDURES"", ""extracted_at"": ""2026-08-03T11:55:45.118217""}"	2026-08-03T11:55:45.118219	2026-08-03T11:55:45.118220	[]
KW_ORIENTED	Oriented	Keyword from category 'Object-Oriented Programming': Oriented	"{""source"": ""category_extraction"", ""source_category"": ""OOP"", ""extracted_at"": ""2026-08-03T11:55:45.118275""}"	2026-08-03T11:55:45.118277	2026-08-03T11:55:45.118278	[]
KW_REPRESENTATION	Representation	Keyword from category 'Binary Representation & Number Systems': Representation	"{""source"": ""category_extraction"", ""source_category"": ""BINARY_SYSTEM"", ""extracted_at"": ""2026-08-03T11:55:45.118585""}"	2026-08-03T11:55:45.118587	2026-08-03T11:55:45.118588	[]
KW_ENCODING	Encoding	Keyword from category 'Data Encoding and Compression': Encoding	"{""source"": ""category_extraction"", ""source_category"": ""DATA_ENCODING"", ""extracted_at"": ""2026-08-03T11:55:45.118630""}"	2026-08-03T11:55:45.118632	2026-08-03T11:55:45.118633	[]
KW_APPLICATIONS	Applications	Keyword from category 'AI Applications': Applications	"{""source"": ""category_extraction"", ""source_category"": ""AI_APPLICATIONS"", ""extracted_at"": ""2026-08-03T11:55:45.119044""}"	2026-08-03T11:55:45.119046	2026-08-03T11:55:45.119047	[]
KW_ECOSYSTEM	Ecosystem	Keyword from category 'IoT Ecosystem': Ecosystem	"{""source"": ""category_extraction"", ""source_category"": ""IOT_ECOSYSTEM"", ""extracted_at"": ""2026-08-03T11:55:45.119090""}"	2026-08-03T11:55:45.119092	2026-08-03T11:55:45.119093	[]
KW_THEORIES	Theories	Keyword from category 'HCI Principles and Theories': Theories	"{""source"": ""category_extraction"", ""source_category"": ""HCI_PRINCIPLES"", ""extracted_at"": ""2026-08-03T11:55:45.119306""}"	2026-08-03T11:55:45.119309	2026-08-03T11:55:45.119309	[]
KW_PARADIGMS	Paradigms	Keyword from category 'Interaction Devices and Paradigms': Paradigms	"{""source"": ""category_extraction"", ""source_category"": ""INTERACTION_DEVICES"", ""extracted_at"": ""2026-08-03T11:55:45.119351""}"	2026-08-03T11:55:45.119353	2026-08-03T11:55:45.119354	[]
KW_ACCOUNT	Account	Keyword from category 'Device and Account Security': Account	"{""source"": ""category_extraction"", ""source_category"": ""DEVICE_PROTECTION"", ""extracted_at"": ""2026-08-03T11:55:45.119579""}"	2026-08-03T11:55:45.119581	2026-08-03T11:55:45.119582	[]
KW_PERSONAL	Personal	Keyword from category 'Personal Data and Privacy': Personal	"{""source"": ""category_extraction"", ""source_category"": ""DATA_PRIVACY_USER"", ""extracted_at"": ""2026-08-03T11:55:45.119602""}"	2026-08-03T11:55:45.119605	2026-08-03T11:55:45.119605	[]
KW_WELLBEING	Wellbeing	Keyword from category 'Digital Health and Wellbeing': Wellbeing	"{""source"": ""category_extraction"", ""source_category"": ""DIGITAL_WELLBEING"", ""extracted_at"": ""2026-08-03T11:55:45.119682""}"	2026-08-03T11:55:45.119684	2026-08-03T11:55:45.119685	[]
KW_TECHNOLOGY	Technology	Keyword from category 'Societal Impact of Technology': Technology	"{""source"": ""category_extraction"", ""source_category"": ""SOCIETAL_IMPACT"", ""extracted_at"": ""2026-08-03T11:55:45.119716""}"	2026-08-03T11:55:45.119719	2026-08-03T11:55:45.119719	[]
KW_BLOCKS	Blocks	Keyword from category 'UI Building Blocks': Blocks	"{""source"": ""category_extraction"", ""source_category"": ""UI_BUILDING_BLOCKS"", ""extracted_at"": ""2026-08-03T11:55:45.119784""}"	2026-08-03T11:55:45.119787	2026-08-03T11:55:45.119787	[]
KW_PLATFORM	Platform	Keyword from category 'Platform Services Integration': Platform	"{""source"": ""category_extraction"", ""source_category"": ""PLATFORM_INTEGRATION"", ""extracted_at"": ""2026-08-03T11:55:45.119965""}"	2026-08-03T11:55:45.119967	2026-08-03T11:55:45.119968	[]
KW_PRIMITIVES	Primitives	Keyword from category 'Computational Thinking Primitives': Primitives	"{""source"": ""category_extraction"", ""source_category"": ""COMPUTATIONAL_THINKING_PRIMITIVES"", ""extracted_at"": ""2026-08-03T11:55:45.120426""}"	2026-08-03T11:55:45.120428	2026-08-03T11:55:45.120429	[]
